Dataset,Shift,mae,baseline mae,x,y,score
CCT,Organic,0.13909925210805135,0.5625192051623477,"[0.    0.01  0.02  0.03  0.04  0.051 0.061 0.071 0.081 0.091 0.101 0.111
 0.121 0.131 0.141 0.152 0.162 0.172 0.182 0.192 0.202 0.212 0.222 0.232
 0.242 0.253 0.263 0.273 0.283 0.293 0.303 0.313 0.323 0.333 0.343 0.354
 0.364 0.374 0.384 0.394 0.404 0.414 0.424 0.434 0.444 0.455 0.465 0.475
 0.485 0.495 0.505 0.515 0.525 0.535 0.545 0.556 0.566 0.576 0.586 0.596
 0.606 0.616 0.626 0.636 0.646 0.657 0.667 0.677 0.687 0.697 0.707 0.717
 0.727 0.737 0.747 0.758 0.768 0.778 0.788 0.798 0.808 0.818 0.828 0.838
 0.848 0.859 0.869 0.879 0.889 0.899 0.909 0.919 0.929 0.939 0.949 0.96
 0.97  0.98  0.99  1.   ]","[ 0.088  0.084  0.081  0.077  0.074  0.07   0.067  0.063  0.06   0.056
  0.053  0.049  0.046  0.042  0.039  0.035  0.03   0.024  0.017  0.009
 -0.002 -0.012 -0.023 -0.032 -0.039 -0.044 -0.047 -0.048 -0.049 -0.049
 -0.049 -0.049 -0.049 -0.049 -0.049 -0.049 -0.05  -0.052 -0.057 -0.064
 -0.073 -0.085 -0.097 -0.108 -0.118 -0.125 -0.131 -0.134 -0.137 -0.138
 -0.139 -0.14  -0.14  -0.14  -0.14  -0.14  -0.14  -0.141 -0.141 -0.141
 -0.141 -0.141 -0.142 -0.143 -0.145 -0.147 -0.15  -0.153 -0.158 -0.163
 -0.169 -0.176 -0.183 -0.191 -0.2   -0.209 -0.218 -0.227 -0.237 -0.247
 -0.257 -0.268 -0.279 -0.29  -0.302 -0.314 -0.327 -0.341 -0.355 -0.372
 -0.39  -0.411 -0.436 -0.464 -0.497 -0.535 -0.578 -0.625 -0.676 -0.73 ]",-6333.887130874806
CCT,adv,0.062104897950160484,0.7706129807692308,"[0.    0.01  0.02  0.03  0.04  0.051 0.061 0.071 0.081 0.091 0.101 0.111
 0.121 0.131 0.141 0.152 0.162 0.172 0.182 0.192 0.202 0.212 0.222 0.232
 0.242 0.253 0.263 0.273 0.283 0.293 0.303 0.313 0.323 0.333 0.343 0.354
 0.364 0.374 0.384 0.394 0.404 0.414 0.424 0.434 0.444 0.455 0.465 0.475
 0.485 0.495 0.505 0.515 0.525 0.535 0.545 0.556 0.566 0.576 0.586 0.596
 0.606 0.616 0.626 0.636 0.646 0.657 0.667 0.677 0.687 0.697 0.707 0.717
 0.727 0.737 0.747 0.758 0.768 0.778 0.788 0.798 0.808 0.818 0.828 0.838
 0.848 0.859 0.869 0.879 0.889 0.899 0.909 0.919 0.929 0.939 0.949 0.96
 0.97  0.98  0.99  1.   ]","[ 0.088  0.084  0.081  0.077  0.074  0.07   0.067  0.063  0.06   0.056
  0.053  0.049  0.046  0.042  0.039  0.035  0.03   0.024  0.017  0.009
 -0.002 -0.012 -0.023 -0.032 -0.039 -0.044 -0.047 -0.048 -0.049 -0.049
 -0.049 -0.049 -0.049 -0.049 -0.049 -0.049 -0.05  -0.052 -0.057 -0.064
 -0.073 -0.085 -0.097 -0.108 -0.118 -0.125 -0.131 -0.134 -0.137 -0.138
 -0.139 -0.14  -0.14  -0.14  -0.14  -0.14  -0.14  -0.14  -0.14  -0.14
 -0.141 -0.141 -0.141 -0.142 -0.144 -0.145 -0.148 -0.151 -0.155 -0.16
 -0.166 -0.173 -0.18  -0.189 -0.197 -0.207 -0.217 -0.227 -0.239 -0.251
 -0.264 -0.278 -0.292 -0.308 -0.324 -0.341 -0.359 -0.377 -0.396 -0.415
 -0.435 -0.456 -0.478 -0.502 -0.529 -0.559 -0.593 -0.629 -0.669 -0.711]",-3.893974881045952
CCT,Brightness,0.10496332666719566,0.15132211538461537,"[0.    0.01  0.02  0.03  0.04  0.051 0.061 0.071 0.081 0.091 0.101 0.111
 0.121 0.131 0.141 0.152 0.162 0.172 0.182 0.192 0.202 0.212 0.222 0.232
 0.242 0.253 0.263 0.273 0.283 0.293 0.303 0.313 0.323 0.333 0.343 0.354
 0.364 0.374 0.384 0.394 0.404 0.414 0.424 0.434 0.444 0.455 0.465 0.475
 0.485 0.495 0.505 0.515 0.525 0.535 0.545 0.556 0.566 0.576 0.586 0.596
 0.606 0.616 0.626 0.636 0.646 0.657 0.667 0.677 0.687 0.697 0.707 0.717
 0.727 0.737 0.747 0.758 0.768 0.778 0.788 0.798 0.808 0.818 0.828 0.838
 0.848 0.859 0.869 0.879 0.889 0.899 0.909 0.919 0.929 0.939 0.949 0.96
 0.97  0.98  0.99  1.   ]","[ 0.095  0.091  0.087  0.083  0.079  0.075  0.071  0.067  0.063  0.059
  0.055  0.051  0.047  0.043  0.038  0.034  0.029  0.023  0.015  0.007
 -0.003 -0.014 -0.024 -0.033 -0.04  -0.044 -0.047 -0.048 -0.049 -0.049
 -0.049 -0.049 -0.049 -0.049 -0.049 -0.049 -0.049 -0.049 -0.049 -0.049
 -0.049 -0.049 -0.049 -0.05  -0.052 -0.054 -0.056 -0.059 -0.063 -0.068
 -0.073 -0.078 -0.084 -0.09  -0.095 -0.1   -0.104 -0.108 -0.111 -0.115
 -0.118 -0.121 -0.125 -0.128 -0.132 -0.136 -0.141 -0.146 -0.151 -0.157
 -0.164 -0.172 -0.18  -0.189 -0.198 -0.208 -0.218 -0.228 -0.239 -0.251
 -0.264 -0.278 -0.292 -0.307 -0.323 -0.34  -0.357 -0.375 -0.394 -0.414
 -0.434 -0.455 -0.478 -0.503 -0.532 -0.565 -0.601 -0.641 -0.684 -0.73 ]",-1.3019944606460787
CCT,Contrast,0.03787395845123079,0.05647672639860141,"[0.    0.01  0.02  0.03  0.04  0.051 0.061 0.071 0.081 0.091 0.101 0.111
 0.121 0.131 0.141 0.152 0.162 0.172 0.182 0.192 0.202 0.212 0.222 0.232
 0.242 0.253 0.263 0.273 0.283 0.293 0.303 0.313 0.323 0.333 0.343 0.354
 0.364 0.374 0.384 0.394 0.404 0.414 0.424 0.434 0.444 0.455 0.465 0.475
 0.485 0.495 0.505 0.515 0.525 0.535 0.545 0.556 0.566 0.576 0.586 0.596
 0.606 0.616 0.626 0.636 0.646 0.657 0.667 0.677 0.687 0.697 0.707 0.717
 0.727 0.737 0.747 0.758 0.768 0.778 0.788 0.798 0.808 0.818 0.828 0.838
 0.848 0.859 0.869 0.879 0.889 0.899 0.909 0.919 0.929 0.939 0.949 0.96
 0.97  0.98  0.99  1.   ]","[ 0.044  0.043  0.043  0.042  0.042  0.041  0.04   0.04   0.039  0.038
  0.038  0.037  0.036  0.036  0.035  0.034  0.032  0.03   0.026  0.021
  0.015  0.007 -0.    -0.008 -0.016 -0.023 -0.029 -0.034 -0.038 -0.042
 -0.044 -0.045 -0.045 -0.046 -0.046 -0.046 -0.047 -0.049 -0.054 -0.061
 -0.071 -0.083 -0.096 -0.107 -0.117 -0.125 -0.131 -0.134 -0.137 -0.139
 -0.14  -0.14  -0.141 -0.141 -0.141 -0.141 -0.141 -0.141 -0.141 -0.141
 -0.141 -0.141 -0.142 -0.142 -0.144 -0.146 -0.148 -0.152 -0.156 -0.161
 -0.166 -0.173 -0.181 -0.189 -0.197 -0.207 -0.216 -0.227 -0.238 -0.25
 -0.263 -0.277 -0.291 -0.306 -0.322 -0.339 -0.357 -0.375 -0.394 -0.413
 -0.433 -0.455 -0.478 -0.503 -0.532 -0.565 -0.601 -0.641 -0.684 -0.73 ]",-0.0032191858647905303
CCT,Hue,0.03876747303937826,0.06862980769230768,"[0.    0.01  0.02  0.03  0.04  0.051 0.061 0.071 0.081 0.091 0.101 0.111
 0.121 0.131 0.141 0.152 0.162 0.172 0.182 0.192 0.202 0.212 0.222 0.232
 0.242 0.253 0.263 0.273 0.283 0.293 0.303 0.313 0.323 0.333 0.343 0.354
 0.364 0.374 0.384 0.394 0.404 0.414 0.424 0.434 0.444 0.455 0.465 0.475
 0.485 0.495 0.505 0.515 0.525 0.535 0.545 0.556 0.566 0.576 0.586 0.596
 0.606 0.616 0.626 0.636 0.646 0.657 0.667 0.677 0.687 0.697 0.707 0.717
 0.727 0.737 0.747 0.758 0.768 0.778 0.788 0.798 0.808 0.818 0.828 0.838
 0.848 0.859 0.869 0.879 0.889 0.899 0.909 0.919 0.929 0.939 0.949 0.96
 0.97  0.98  0.99  1.   ]","[ 0.088  0.085  0.081  0.077  0.073  0.069  0.066  0.062  0.058  0.054
  0.05   0.047  0.043  0.039  0.035  0.031  0.027  0.021  0.015  0.008
  0.001 -0.007 -0.015 -0.021 -0.026 -0.03  -0.032 -0.033 -0.033 -0.033
 -0.033 -0.033 -0.033 -0.033 -0.033 -0.033 -0.034 -0.037 -0.042 -0.051
 -0.062 -0.076 -0.09  -0.104 -0.116 -0.124 -0.131 -0.135 -0.138 -0.139
 -0.14  -0.141 -0.142 -0.142 -0.142 -0.142 -0.142 -0.142 -0.142 -0.142
 -0.142 -0.142 -0.142 -0.143 -0.144 -0.146 -0.149 -0.152 -0.156 -0.161
 -0.167 -0.173 -0.181 -0.189 -0.197 -0.207 -0.216 -0.227 -0.238 -0.25
 -0.263 -0.276 -0.291 -0.306 -0.322 -0.339 -0.357 -0.375 -0.394 -0.413
 -0.433 -0.455 -0.478 -0.503 -0.532 -0.565 -0.601 -0.641 -0.684 -0.73 ]",-2.2243683529340075
CCT,Multiplicative Noise,0.09328424235071126,0.5006911057692308,"[0.    0.01  0.02  0.03  0.04  0.051 0.061 0.071 0.081 0.091 0.101 0.111
 0.121 0.131 0.141 0.152 0.162 0.172 0.182 0.192 0.202 0.212 0.222 0.232
 0.242 0.253 0.263 0.273 0.283 0.293 0.303 0.313 0.323 0.333 0.343 0.354
 0.364 0.374 0.384 0.394 0.404 0.414 0.424 0.434 0.444 0.455 0.465 0.475
 0.485 0.495 0.505 0.515 0.525 0.535 0.545 0.556 0.566 0.576 0.586 0.596
 0.606 0.616 0.626 0.636 0.646 0.657 0.667 0.677 0.687 0.697 0.707 0.717
 0.727 0.737 0.747 0.758 0.768 0.778 0.788 0.798 0.808 0.818 0.828 0.838
 0.848 0.859 0.869 0.879 0.889 0.899 0.909 0.919 0.929 0.939 0.949 0.96
 0.97  0.98  0.99  1.   ]","[ 0.092  0.088  0.084  0.081  0.077  0.073  0.069  0.065  0.061  0.057
  0.053  0.049  0.045  0.042  0.038  0.033  0.028  0.022  0.015  0.007
 -0.003 -0.014 -0.024 -0.033 -0.04  -0.044 -0.047 -0.048 -0.049 -0.049
 -0.049 -0.049 -0.049 -0.049 -0.049 -0.049 -0.05  -0.052 -0.057 -0.064
 -0.074 -0.086 -0.099 -0.111 -0.121 -0.129 -0.135 -0.139 -0.142 -0.144
 -0.146 -0.146 -0.147 -0.147 -0.147 -0.147 -0.148 -0.148 -0.149 -0.15
 -0.151 -0.153 -0.156 -0.158 -0.162 -0.165 -0.17  -0.174 -0.18  -0.186
 -0.192 -0.199 -0.207 -0.215 -0.224 -0.234 -0.244 -0.255 -0.267 -0.279
 -0.293 -0.307 -0.322 -0.338 -0.354 -0.372 -0.39  -0.41  -0.43  -0.451
 -0.473 -0.495 -0.52  -0.546 -0.574 -0.605 -0.638 -0.673 -0.71  -0.749]",0.7977254293685612
CCT,Additive Noise,0.05289129627822631,0.6002704326923076,"[0.    0.01  0.02  0.03  0.04  0.051 0.061 0.071 0.081 0.091 0.101 0.111
 0.121 0.131 0.141 0.152 0.162 0.172 0.182 0.192 0.202 0.212 0.222 0.232
 0.242 0.253 0.263 0.273 0.283 0.293 0.303 0.313 0.323 0.333 0.343 0.354
 0.364 0.374 0.384 0.394 0.404 0.414 0.424 0.434 0.444 0.455 0.465 0.475
 0.485 0.495 0.505 0.515 0.525 0.535 0.545 0.556 0.566 0.576 0.586 0.596
 0.606 0.616 0.626 0.636 0.646 0.657 0.667 0.677 0.687 0.697 0.707 0.717
 0.727 0.737 0.747 0.758 0.768 0.778 0.788 0.798 0.808 0.818 0.828 0.838
 0.848 0.859 0.869 0.879 0.889 0.899 0.909 0.919 0.929 0.939 0.949 0.96
 0.97  0.98  0.99  1.   ]","[ 0.087  0.084  0.08   0.077  0.073  0.07   0.067  0.063  0.06   0.056
  0.053  0.049  0.046  0.043  0.039  0.035  0.03   0.025  0.018  0.009
 -0.001 -0.012 -0.023 -0.032 -0.04  -0.045 -0.048 -0.05  -0.05  -0.051
 -0.051 -0.051 -0.051 -0.051 -0.051 -0.051 -0.052 -0.054 -0.059 -0.065
 -0.075 -0.086 -0.098 -0.109 -0.118 -0.125 -0.131 -0.134 -0.137 -0.138
 -0.139 -0.14  -0.14  -0.14  -0.14  -0.14  -0.14  -0.14  -0.14  -0.14
 -0.14  -0.14  -0.14  -0.14  -0.141 -0.141 -0.142 -0.144 -0.146 -0.148
 -0.152 -0.156 -0.162 -0.168 -0.175 -0.184 -0.194 -0.204 -0.216 -0.229
 -0.243 -0.258 -0.274 -0.292 -0.31  -0.33  -0.35  -0.372 -0.394 -0.417
 -0.44  -0.465 -0.491 -0.52  -0.55  -0.583 -0.619 -0.658 -0.698 -0.741]",0.8809162045656174
CCT,Salt+Pepper Noise,0.06178181745795282,0.7728064903846155,"[0.    0.01  0.02  0.03  0.04  0.051 0.061 0.071 0.081 0.091 0.101 0.111
 0.121 0.131 0.141 0.152 0.162 0.172 0.182 0.192 0.202 0.212 0.222 0.232
 0.242 0.253 0.263 0.273 0.283 0.293 0.303 0.313 0.323 0.333 0.343 0.354
 0.364 0.374 0.384 0.394 0.404 0.414 0.424 0.434 0.444 0.455 0.465 0.475
 0.485 0.495 0.505 0.515 0.525 0.535 0.545 0.556 0.566 0.576 0.586 0.596
 0.606 0.616 0.626 0.636 0.646 0.657 0.667 0.677 0.687 0.697 0.707 0.717
 0.727 0.737 0.747 0.758 0.768 0.778 0.788 0.798 0.808 0.818 0.828 0.838
 0.848 0.859 0.869 0.879 0.889 0.899 0.909 0.919 0.929 0.939 0.949 0.96
 0.97  0.98  0.99  1.   ]","[ 0.088  0.084  0.081  0.077  0.074  0.07   0.067  0.063  0.06   0.056
  0.053  0.049  0.046  0.042  0.039  0.035  0.03   0.024  0.017  0.009
 -0.002 -0.012 -0.023 -0.032 -0.039 -0.044 -0.047 -0.048 -0.049 -0.049
 -0.049 -0.049 -0.049 -0.049 -0.049 -0.049 -0.05  -0.052 -0.057 -0.064
 -0.073 -0.085 -0.097 -0.108 -0.118 -0.125 -0.131 -0.134 -0.137 -0.138
 -0.139 -0.14  -0.14  -0.14  -0.14  -0.14  -0.14  -0.14  -0.14  -0.141
 -0.141 -0.141 -0.141 -0.142 -0.144 -0.145 -0.148 -0.151 -0.155 -0.16
 -0.166 -0.173 -0.18  -0.188 -0.197 -0.206 -0.216 -0.227 -0.238 -0.25
 -0.263 -0.277 -0.292 -0.308 -0.324 -0.341 -0.359 -0.378 -0.397 -0.417
 -0.437 -0.457 -0.48  -0.504 -0.531 -0.562 -0.595 -0.631 -0.67  -0.711]",-126.95704450286729
CCT,Smear,0.09344570890133053,0.040294471153846156,"[0.    0.01  0.02  0.03  0.04  0.051 0.061 0.071 0.081 0.091 0.101 0.111
 0.121 0.131 0.141 0.152 0.162 0.172 0.182 0.192 0.202 0.212 0.222 0.232
 0.242 0.253 0.263 0.273 0.283 0.293 0.303 0.313 0.323 0.333 0.343 0.354
 0.364 0.374 0.384 0.394 0.404 0.414 0.424 0.434 0.444 0.455 0.465 0.475
 0.485 0.495 0.505 0.515 0.525 0.535 0.545 0.556 0.566 0.576 0.586 0.596
 0.606 0.616 0.626 0.636 0.646 0.657 0.667 0.677 0.687 0.697 0.707 0.717
 0.727 0.737 0.747 0.758 0.768 0.778 0.788 0.798 0.808 0.818 0.828 0.838
 0.848 0.859 0.869 0.879 0.889 0.899 0.909 0.919 0.929 0.939 0.949 0.96
 0.97  0.98  0.99  1.   ]","[ 0.107  0.102  0.097  0.092  0.087  0.082  0.077  0.072  0.067  0.062
  0.057  0.052  0.047  0.042  0.037  0.032  0.026  0.019  0.011  0.002
 -0.008 -0.018 -0.029 -0.039 -0.047 -0.055 -0.06  -0.065 -0.068 -0.071
 -0.072 -0.073 -0.074 -0.075 -0.076 -0.078 -0.08  -0.084 -0.089 -0.097
 -0.106 -0.116 -0.127 -0.138 -0.148 -0.157 -0.165 -0.171 -0.176 -0.179
 -0.182 -0.183 -0.184 -0.184 -0.184 -0.184 -0.184 -0.184 -0.184 -0.184
 -0.184 -0.184 -0.184 -0.184 -0.184 -0.184 -0.184 -0.185 -0.186 -0.187
 -0.19  -0.193 -0.196 -0.201 -0.207 -0.214 -0.221 -0.23  -0.24  -0.25
 -0.262 -0.275 -0.29  -0.305 -0.321 -0.338 -0.356 -0.374 -0.393 -0.413
 -0.433 -0.454 -0.477 -0.503 -0.532 -0.565 -0.601 -0.641 -0.684 -0.73 ]",-3.0682981591502454
CCT,ind,0.03664084580041685,0.021634615384615363,"[0.    0.01  0.02  0.03  0.04  0.051 0.061 0.071 0.081 0.091 0.101 0.111
 0.121 0.131 0.141 0.152 0.162 0.172 0.182 0.192 0.202 0.212 0.222 0.232
 0.242 0.253 0.263 0.273 0.283 0.293 0.303 0.313 0.323 0.333 0.343 0.354
 0.364 0.374 0.384 0.394 0.404 0.414 0.424 0.434 0.444 0.455 0.465 0.475
 0.485 0.495 0.505 0.515 0.525 0.535 0.545 0.556 0.566 0.576 0.586 0.596
 0.606 0.616 0.626 0.636 0.646 0.657 0.667 0.677 0.687 0.697 0.707 0.717
 0.727 0.737 0.747 0.758 0.768 0.778 0.788 0.798 0.808 0.818 0.828 0.838
 0.848 0.859 0.869 0.879 0.889 0.899 0.909 0.919 0.929 0.939 0.949 0.96
 0.97  0.98  0.99  1.   ]","[ 0.163  0.156  0.148  0.14   0.133  0.125  0.118  0.11   0.103  0.095
  0.087  0.08   0.072  0.065  0.057  0.05   0.042  0.033  0.024  0.014
  0.004 -0.008 -0.019 -0.029 -0.038 -0.044 -0.048 -0.05  -0.051 -0.051
 -0.051 -0.051 -0.051 -0.051 -0.051 -0.051 -0.052 -0.053 -0.057 -0.063
 -0.072 -0.084 -0.096 -0.109 -0.119 -0.127 -0.132 -0.135 -0.136 -0.137
 -0.137 -0.137 -0.137 -0.137 -0.137 -0.137 -0.137 -0.137 -0.137 -0.137
 -0.138 -0.138 -0.139 -0.14  -0.142 -0.144 -0.147 -0.15  -0.154 -0.16
 -0.166 -0.173 -0.18  -0.188 -0.197 -0.207 -0.217 -0.227 -0.238 -0.25
 -0.263 -0.277 -0.291 -0.307 -0.323 -0.34  -0.357 -0.375 -0.394 -0.414
 -0.434 -0.455 -0.477 -0.503 -0.531 -0.564 -0.6   -0.64  -0.683 -0.73 ]",-3.008335439966456
OfficeHome,Organic,0.09882616146117239,0.20219659644353838,"[0.    0.01  0.02  0.03  0.04  0.051 0.061 0.071 0.081 0.091 0.101 0.111
 0.121 0.131 0.141 0.152 0.162 0.172 0.182 0.192 0.202 0.212 0.222 0.232
 0.242 0.253 0.263 0.273 0.283 0.293 0.303 0.313 0.323 0.333 0.343 0.354
 0.364 0.374 0.384 0.394 0.404 0.414 0.424 0.434 0.444 0.455 0.465 0.475
 0.485 0.495 0.505 0.515 0.525 0.535 0.545 0.556 0.566 0.576 0.586 0.596
 0.606 0.616 0.626 0.636 0.646 0.657 0.667 0.677 0.687 0.697 0.707 0.717
 0.727 0.737 0.747 0.758 0.768 0.778 0.788 0.798 0.808 0.818 0.828 0.838
 0.848 0.859 0.869 0.879 0.889 0.899 0.909 0.919 0.929 0.939 0.949 0.96
 0.97  0.98  0.99  1.   ]","[ 0.016  0.016  0.016  0.016  0.016  0.016  0.016  0.016  0.016  0.016
  0.016  0.016  0.016  0.016  0.016  0.016  0.016  0.016  0.016  0.016
  0.016  0.016  0.016  0.016  0.016  0.016  0.016  0.016  0.016  0.016
  0.014  0.011  0.005 -0.003 -0.014 -0.025 -0.035 -0.044 -0.052 -0.059
 -0.066 -0.073 -0.079 -0.085 -0.091 -0.096 -0.102 -0.107 -0.112 -0.116
 -0.119 -0.122 -0.125 -0.128 -0.13  -0.133 -0.135 -0.137 -0.139 -0.141
 -0.143 -0.146 -0.149 -0.152 -0.156 -0.161 -0.167 -0.173 -0.181 -0.189
 -0.199 -0.21  -0.222 -0.234 -0.246 -0.259 -0.27  -0.279 -0.286 -0.291
 -0.294 -0.295 -0.296 -0.297 -0.297 -0.299 -0.302 -0.306 -0.311 -0.316
 -0.321 -0.327 -0.332 -0.336 -0.34  -0.345 -0.349 -0.353 -0.357 -0.361]",-0.6934670440493906
OfficeHome,Brightness,0.0245680770716303,0.04050925925925927,"[0.    0.01  0.02  0.03  0.04  0.051 0.061 0.071 0.081 0.091 0.101 0.111
 0.121 0.131 0.141 0.152 0.162 0.172 0.182 0.192 0.202 0.212 0.222 0.232
 0.242 0.253 0.263 0.273 0.283 0.293 0.303 0.313 0.323 0.333 0.343 0.354
 0.364 0.374 0.384 0.394 0.404 0.414 0.424 0.434 0.444 0.455 0.465 0.475
 0.485 0.495 0.505 0.515 0.525 0.535 0.545 0.556 0.566 0.576 0.586 0.596
 0.606 0.616 0.626 0.636 0.646 0.657 0.667 0.677 0.687 0.697 0.707 0.717
 0.727 0.737 0.747 0.758 0.768 0.778 0.788 0.798 0.808 0.818 0.828 0.838
 0.848 0.859 0.869 0.879 0.889 0.899 0.909 0.919 0.929 0.939 0.949 0.96
 0.97  0.98  0.99  1.   ]","[ 0.013  0.013  0.013  0.013  0.013  0.013  0.013  0.013  0.013  0.013
  0.013  0.013  0.013  0.013  0.013  0.013  0.013  0.013  0.013  0.013
  0.013  0.013  0.013  0.013  0.013  0.013  0.013  0.013  0.013  0.013
  0.012  0.009  0.004 -0.004 -0.014 -0.026 -0.038 -0.05  -0.063 -0.076
 -0.09  -0.102 -0.114 -0.123 -0.129 -0.132 -0.133 -0.134 -0.134 -0.134
 -0.134 -0.134 -0.134 -0.134 -0.135 -0.136 -0.138 -0.14  -0.143 -0.147
 -0.152 -0.157 -0.163 -0.169 -0.176 -0.183 -0.19  -0.197 -0.203 -0.21
 -0.217 -0.225 -0.234 -0.243 -0.253 -0.263 -0.272 -0.28  -0.287 -0.291
 -0.294 -0.295 -0.296 -0.296 -0.297 -0.299 -0.302 -0.306 -0.311 -0.316
 -0.321 -0.327 -0.332 -0.336 -0.34  -0.345 -0.349 -0.353 -0.357 -0.361]",0.3911268822772357
OfficeHome,Contrast,0.017344090238103342,0.021285774410774415,"[0.    0.01  0.02  0.03  0.04  0.051 0.061 0.071 0.081 0.091 0.101 0.111
 0.121 0.131 0.141 0.152 0.162 0.172 0.182 0.192 0.202 0.212 0.222 0.232
 0.242 0.253 0.263 0.273 0.283 0.293 0.303 0.313 0.323 0.333 0.343 0.354
 0.364 0.374 0.384 0.394 0.404 0.414 0.424 0.434 0.444 0.455 0.465 0.475
 0.485 0.495 0.505 0.515 0.525 0.535 0.545 0.556 0.566 0.576 0.586 0.596
 0.606 0.616 0.626 0.636 0.646 0.657 0.667 0.677 0.687 0.697 0.707 0.717
 0.727 0.737 0.747 0.758 0.768 0.778 0.788 0.798 0.808 0.818 0.828 0.838
 0.848 0.859 0.869 0.879 0.889 0.899 0.909 0.919 0.929 0.939 0.949 0.96
 0.97  0.98  0.99  1.   ]","[ 0.013  0.013  0.013  0.013  0.013  0.013  0.013  0.013  0.013  0.013
  0.013  0.013  0.013  0.013  0.013  0.013  0.013  0.013  0.013  0.013
  0.013  0.013  0.013  0.013  0.013  0.013  0.013  0.013  0.013  0.013
  0.012  0.009  0.004 -0.004 -0.014 -0.025 -0.036 -0.046 -0.057 -0.068
 -0.079 -0.091 -0.102 -0.112 -0.119 -0.123 -0.126 -0.128 -0.129 -0.13
 -0.13  -0.13  -0.13  -0.131 -0.131 -0.133 -0.135 -0.138 -0.141 -0.146
 -0.15  -0.156 -0.162 -0.169 -0.176 -0.183 -0.19  -0.197 -0.203 -0.21
 -0.217 -0.225 -0.234 -0.243 -0.253 -0.263 -0.272 -0.28  -0.287 -0.291
 -0.294 -0.295 -0.296 -0.296 -0.297 -0.299 -0.302 -0.306 -0.311 -0.316
 -0.321 -0.327 -0.332 -0.336 -0.34  -0.345 -0.349 -0.353 -0.357 -0.361]",0.25847739312217743
OfficeHome,Hue,0.024824541803377308,0.04155092592592595,"[0.    0.01  0.02  0.03  0.04  0.051 0.061 0.071 0.081 0.091 0.101 0.111
 0.121 0.131 0.141 0.152 0.162 0.172 0.182 0.192 0.202 0.212 0.222 0.232
 0.242 0.253 0.263 0.273 0.283 0.293 0.303 0.313 0.323 0.333 0.343 0.354
 0.364 0.374 0.384 0.394 0.404 0.414 0.424 0.434 0.444 0.455 0.465 0.475
 0.485 0.495 0.505 0.515 0.525 0.535 0.545 0.556 0.566 0.576 0.586 0.596
 0.606 0.616 0.626 0.636 0.646 0.657 0.667 0.677 0.687 0.697 0.707 0.717
 0.727 0.737 0.747 0.758 0.768 0.778 0.788 0.798 0.808 0.818 0.828 0.838
 0.848 0.859 0.869 0.879 0.889 0.899 0.909 0.919 0.929 0.939 0.949 0.96
 0.97  0.98  0.99  1.   ]","[ 0.019  0.019  0.019  0.019  0.019  0.019  0.019  0.019  0.019  0.019
  0.019  0.019  0.019  0.019  0.019  0.019  0.019  0.019  0.019  0.019
  0.019  0.019  0.019  0.019  0.019  0.019  0.019  0.019  0.019  0.019
  0.018  0.015  0.01   0.003 -0.007 -0.018 -0.029 -0.041 -0.052 -0.064
 -0.077 -0.09  -0.101 -0.112 -0.119 -0.124 -0.127 -0.129 -0.13  -0.131
 -0.131 -0.131 -0.131 -0.131 -0.132 -0.133 -0.135 -0.138 -0.142 -0.146
 -0.151 -0.156 -0.162 -0.169 -0.176 -0.183 -0.19  -0.197 -0.203 -0.21
 -0.217 -0.225 -0.234 -0.243 -0.253 -0.263 -0.272 -0.28  -0.287 -0.291
 -0.294 -0.295 -0.296 -0.296 -0.297 -0.299 -0.302 -0.306 -0.311 -0.316
 -0.321 -0.327 -0.332 -0.336 -0.34  -0.345 -0.349 -0.353 -0.357 -0.361]",-2.4666053157745678
OfficeHome,Multiplicative Noise,0.03106390206942622,0.25729166666666675,"[0.    0.01  0.02  0.03  0.04  0.051 0.061 0.071 0.081 0.091 0.101 0.111
 0.121 0.131 0.141 0.152 0.162 0.172 0.182 0.192 0.202 0.212 0.222 0.232
 0.242 0.253 0.263 0.273 0.283 0.293 0.303 0.313 0.323 0.333 0.343 0.354
 0.364 0.374 0.384 0.394 0.404 0.414 0.424 0.434 0.444 0.455 0.465 0.475
 0.485 0.495 0.505 0.515 0.525 0.535 0.545 0.556 0.566 0.576 0.586 0.596
 0.606 0.616 0.626 0.636 0.646 0.657 0.667 0.677 0.687 0.697 0.707 0.717
 0.727 0.737 0.747 0.758 0.768 0.778 0.788 0.798 0.808 0.818 0.828 0.838
 0.848 0.859 0.869 0.879 0.889 0.899 0.909 0.919 0.929 0.939 0.949 0.96
 0.97  0.98  0.99  1.   ]","[ 0.088  0.086  0.084  0.081  0.079  0.077  0.075  0.073  0.071  0.068
  0.066  0.064  0.062  0.06   0.057  0.055  0.053  0.051  0.049  0.047
  0.044  0.042  0.04   0.038  0.036  0.033  0.031  0.029  0.027  0.024
  0.02   0.015  0.007 -0.002 -0.013 -0.025 -0.036 -0.047 -0.057 -0.068
 -0.08  -0.092 -0.104 -0.113 -0.121 -0.126 -0.129 -0.131 -0.133 -0.133
 -0.133 -0.134 -0.134 -0.135 -0.136 -0.139 -0.143 -0.147 -0.153 -0.16
 -0.167 -0.175 -0.183 -0.191 -0.199 -0.206 -0.213 -0.218 -0.223 -0.228
 -0.232 -0.236 -0.24  -0.245 -0.249 -0.254 -0.259 -0.265 -0.27  -0.275
 -0.28  -0.284 -0.288 -0.291 -0.294 -0.298 -0.302 -0.306 -0.311 -0.317
 -0.322 -0.327 -0.332 -0.336 -0.34  -0.344 -0.348 -0.352 -0.356 -0.36 ]",0.798414031991168
OfficeHome,Additive Noise,0.02877783690137261,0.26087962962962963,"[0.    0.01  0.02  0.03  0.04  0.051 0.061 0.071 0.081 0.091 0.101 0.111
 0.121 0.131 0.141 0.152 0.162 0.172 0.182 0.192 0.202 0.212 0.222 0.232
 0.242 0.253 0.263 0.273 0.283 0.293 0.303 0.313 0.323 0.333 0.343 0.354
 0.364 0.374 0.384 0.394 0.404 0.414 0.424 0.434 0.444 0.455 0.465 0.475
 0.485 0.495 0.505 0.515 0.525 0.535 0.545 0.556 0.566 0.576 0.586 0.596
 0.606 0.616 0.626 0.636 0.646 0.657 0.667 0.677 0.687 0.697 0.707 0.717
 0.727 0.737 0.747 0.758 0.768 0.778 0.788 0.798 0.808 0.818 0.828 0.838
 0.848 0.859 0.869 0.879 0.889 0.899 0.909 0.919 0.929 0.939 0.949 0.96
 0.97  0.98  0.99  1.   ]","[ 0.015  0.015  0.015  0.015  0.015  0.015  0.015  0.015  0.015  0.015
  0.015  0.015  0.015  0.015  0.015  0.015  0.015  0.015  0.015  0.015
  0.015  0.015  0.015  0.015  0.015  0.015  0.015  0.015  0.015  0.015
  0.014  0.011  0.005 -0.003 -0.013 -0.024 -0.035 -0.045 -0.054 -0.065
 -0.076 -0.088 -0.099 -0.109 -0.117 -0.122 -0.125 -0.128 -0.129 -0.129
 -0.13  -0.13  -0.13  -0.13  -0.131 -0.133 -0.135 -0.138 -0.142 -0.146
 -0.152 -0.158 -0.164 -0.172 -0.18  -0.188 -0.196 -0.203 -0.211 -0.218
 -0.225 -0.233 -0.241 -0.249 -0.257 -0.266 -0.274 -0.281 -0.287 -0.291
 -0.294 -0.296 -0.299 -0.302 -0.306 -0.31  -0.314 -0.319 -0.324 -0.328
 -0.331 -0.332 -0.334 -0.334 -0.335 -0.335 -0.336 -0.336 -0.337 -0.337]",0.8466640493026549
OfficeHome,Salt+Pepper Noise,0.026533227710756464,0.3335648148148148,"[0.    0.01  0.02  0.03  0.04  0.051 0.061 0.071 0.081 0.091 0.101 0.111
 0.121 0.131 0.141 0.152 0.162 0.172 0.182 0.192 0.202 0.212 0.222 0.232
 0.242 0.253 0.263 0.273 0.283 0.293 0.303 0.313 0.323 0.333 0.343 0.354
 0.364 0.374 0.384 0.394 0.404 0.414 0.424 0.434 0.444 0.455 0.465 0.475
 0.485 0.495 0.505 0.515 0.525 0.535 0.545 0.556 0.566 0.576 0.586 0.596
 0.606 0.616 0.626 0.636 0.646 0.657 0.667 0.677 0.687 0.697 0.707 0.717
 0.727 0.737 0.747 0.758 0.768 0.778 0.788 0.798 0.808 0.818 0.828 0.838
 0.848 0.859 0.869 0.879 0.889 0.899 0.909 0.919 0.929 0.939 0.949 0.96
 0.97  0.98  0.99  1.   ]","[ 0.017  0.017  0.017  0.017  0.017  0.017  0.017  0.017  0.017  0.017
  0.017  0.017  0.017  0.017  0.017  0.017  0.017  0.017  0.017  0.017
  0.017  0.017  0.017  0.017  0.017  0.017  0.017  0.017  0.017  0.017
  0.015  0.012  0.006 -0.003 -0.014 -0.025 -0.035 -0.046 -0.056 -0.067
 -0.079 -0.09  -0.101 -0.11  -0.118 -0.124 -0.128 -0.13  -0.131 -0.131
 -0.131 -0.132 -0.132 -0.132 -0.133 -0.135 -0.137 -0.14  -0.143 -0.147
 -0.152 -0.157 -0.163 -0.169 -0.176 -0.183 -0.19  -0.197 -0.204 -0.21
 -0.216 -0.224 -0.232 -0.242 -0.252 -0.262 -0.272 -0.281 -0.288 -0.292
 -0.294 -0.295 -0.296 -0.296 -0.296 -0.297 -0.298 -0.299 -0.301 -0.302
 -0.304 -0.306 -0.308 -0.31  -0.312 -0.314 -0.316 -0.318 -0.32  -0.322]",-26.03343315580316
OfficeHome,Smear,0.023741510572696068,0.020254629629629615,"[0.    0.01  0.02  0.03  0.04  0.051 0.061 0.071 0.081 0.091 0.101 0.111
 0.121 0.131 0.141 0.152 0.162 0.172 0.182 0.192 0.202 0.212 0.222 0.232
 0.242 0.253 0.263 0.273 0.283 0.293 0.303 0.313 0.323 0.333 0.343 0.354
 0.364 0.374 0.384 0.394 0.404 0.414 0.424 0.434 0.444 0.455 0.465 0.475
 0.485 0.495 0.505 0.515 0.525 0.535 0.545 0.556 0.566 0.576 0.586 0.596
 0.606 0.616 0.626 0.636 0.646 0.657 0.667 0.677 0.687 0.697 0.707 0.717
 0.727 0.737 0.747 0.758 0.768 0.778 0.788 0.798 0.808 0.818 0.828 0.838
 0.848 0.859 0.869 0.879 0.889 0.899 0.909 0.919 0.929 0.939 0.949 0.96
 0.97  0.98  0.99  1.   ]","[ 0.011  0.011  0.01   0.01   0.01   0.01   0.009  0.009  0.009  0.009
  0.008  0.008  0.008  0.008  0.008  0.007  0.007  0.007  0.007  0.006
  0.006  0.006  0.006  0.006  0.005  0.005  0.005  0.005  0.004  0.004
  0.003  0.    -0.004 -0.01  -0.018 -0.027 -0.036 -0.045 -0.055 -0.066
 -0.077 -0.089 -0.101 -0.111 -0.118 -0.123 -0.126 -0.128 -0.13  -0.13
 -0.13  -0.13  -0.13  -0.131 -0.132 -0.133 -0.135 -0.138 -0.141 -0.146
 -0.151 -0.156 -0.162 -0.169 -0.176 -0.183 -0.19  -0.197 -0.203 -0.21
 -0.217 -0.225 -0.234 -0.243 -0.253 -0.263 -0.272 -0.28  -0.287 -0.291
 -0.294 -0.295 -0.296 -0.296 -0.297 -0.299 -0.302 -0.306 -0.311 -0.316
 -0.321 -0.327 -0.332 -0.336 -0.34  -0.345 -0.349 -0.353 -0.357 -0.361]",-0.9501721492676267
OfficeHome,ind,0.058816927690263664,0.012731481481481483,"[0.    0.01  0.02  0.03  0.04  0.051 0.061 0.071 0.081 0.091 0.101 0.111
 0.121 0.131 0.141 0.152 0.162 0.172 0.182 0.192 0.202 0.212 0.222 0.232
 0.242 0.253 0.263 0.273 0.283 0.293 0.303 0.313 0.323 0.333 0.343 0.354
 0.364 0.374 0.384 0.394 0.404 0.414 0.424 0.434 0.444 0.455 0.465 0.475
 0.485 0.495 0.505 0.515 0.525 0.535 0.545 0.556 0.566 0.576 0.586 0.596
 0.606 0.616 0.626 0.636 0.646 0.657 0.667 0.677 0.687 0.697 0.707 0.717
 0.727 0.737 0.747 0.758 0.768 0.778 0.788 0.798 0.808 0.818 0.828 0.838
 0.848 0.859 0.869 0.879 0.889 0.899 0.909 0.919 0.929 0.939 0.949 0.96
 0.97  0.98  0.99  1.   ]","[ 0.044  0.043  0.042  0.041  0.04   0.039  0.038  0.037  0.037  0.036
  0.035  0.034  0.033  0.032  0.031  0.03   0.029  0.029  0.028  0.027
  0.026  0.025  0.024  0.023  0.022  0.022  0.021  0.02   0.019  0.018
  0.016  0.012  0.007 -0.002 -0.013 -0.026 -0.039 -0.051 -0.063 -0.074
 -0.086 -0.097 -0.108 -0.117 -0.123 -0.126 -0.128 -0.129 -0.129 -0.129
 -0.129 -0.129 -0.13  -0.13  -0.131 -0.133 -0.135 -0.138 -0.141 -0.146
 -0.151 -0.156 -0.162 -0.169 -0.176 -0.183 -0.19  -0.197 -0.203 -0.21
 -0.217 -0.225 -0.234 -0.243 -0.253 -0.263 -0.272 -0.28  -0.287 -0.291
 -0.294 -0.295 -0.296 -0.296 -0.297 -0.299 -0.302 -0.306 -0.311 -0.316
 -0.322 -0.327 -0.332 -0.336 -0.34  -0.344 -0.348 -0.353 -0.357 -0.361]",-30.093330165879895
Office31,adv,0.08319294377246153,0.5225420168067226,"[0.    0.01  0.02  0.03  0.04  0.051 0.061 0.071 0.081 0.091 0.101 0.111
 0.121 0.131 0.141 0.152 0.162 0.172 0.182 0.192 0.202 0.212 0.222 0.232
 0.242 0.253 0.263 0.273 0.283 0.293 0.303 0.313 0.323 0.333 0.343 0.354
 0.364 0.374 0.384 0.394 0.404 0.414 0.424 0.434 0.444 0.455 0.465 0.475
 0.485 0.495 0.505 0.515 0.525 0.535 0.545 0.556 0.566 0.576 0.586 0.596
 0.606 0.616 0.626 0.636 0.646 0.657 0.667 0.677 0.687 0.697 0.707 0.717
 0.727 0.737 0.747 0.758 0.768 0.778 0.788 0.798 0.808 0.818 0.828 0.838
 0.848 0.859 0.869 0.879 0.889 0.899 0.909 0.919 0.929 0.939 0.949 0.96
 0.97  0.98  0.99  1.   ]","[ 0.024  0.024  0.023  0.022  0.022  0.021  0.02   0.02   0.019  0.019
  0.018  0.017  0.016  0.014  0.012  0.009  0.005 -0.001 -0.007 -0.013
 -0.021 -0.028 -0.037 -0.045 -0.053 -0.062 -0.07  -0.078 -0.086 -0.094
 -0.102 -0.11  -0.117 -0.125 -0.132 -0.14  -0.147 -0.154 -0.162 -0.169
 -0.176 -0.183 -0.19  -0.197 -0.203 -0.21  -0.217 -0.224 -0.231 -0.238
 -0.245 -0.252 -0.258 -0.264 -0.27  -0.275 -0.28  -0.285 -0.289 -0.293
 -0.297 -0.301 -0.305 -0.309 -0.313 -0.317 -0.321 -0.324 -0.327 -0.329
 -0.331 -0.333 -0.336 -0.338 -0.342 -0.346 -0.351 -0.356 -0.362 -0.369
 -0.376 -0.382 -0.389 -0.395 -0.401 -0.406 -0.411 -0.416 -0.42  -0.423
 -0.427 -0.43  -0.433 -0.436 -0.439 -0.442 -0.445 -0.448 -0.451 -0.454]",-17.921469494621597
Office31,Brightness,0.04725921366208931,0.08442226890756306,"[0.    0.01  0.02  0.03  0.04  0.051 0.061 0.071 0.081 0.091 0.101 0.111
 0.121 0.131 0.141 0.152 0.162 0.172 0.182 0.192 0.202 0.212 0.222 0.232
 0.242 0.253 0.263 0.273 0.283 0.293 0.303 0.313 0.323 0.333 0.343 0.354
 0.364 0.374 0.384 0.394 0.404 0.414 0.424 0.434 0.444 0.455 0.465 0.475
 0.485 0.495 0.505 0.515 0.525 0.535 0.545 0.556 0.566 0.576 0.586 0.596
 0.606 0.616 0.626 0.636 0.646 0.657 0.667 0.677 0.687 0.697 0.707 0.717
 0.727 0.737 0.747 0.758 0.768 0.778 0.788 0.798 0.808 0.818 0.828 0.838
 0.848 0.859 0.869 0.879 0.889 0.899 0.909 0.919 0.929 0.939 0.949 0.96
 0.97  0.98  0.99  1.   ]","[ 0.023  0.022  0.022  0.021  0.021  0.02   0.019  0.019  0.018  0.018
  0.017  0.016  0.015  0.014  0.011  0.008  0.004 -0.001 -0.008 -0.015
 -0.023 -0.032 -0.041 -0.051 -0.062 -0.074 -0.087 -0.1   -0.114 -0.128
 -0.143 -0.158 -0.173 -0.188 -0.204 -0.218 -0.233 -0.246 -0.258 -0.269
 -0.278 -0.286 -0.291 -0.295 -0.297 -0.298 -0.298 -0.298 -0.298 -0.298
 -0.298 -0.298 -0.298 -0.298 -0.299 -0.299 -0.299 -0.299 -0.3   -0.301
 -0.302 -0.304 -0.306 -0.309 -0.312 -0.315 -0.319 -0.322 -0.325 -0.327
 -0.329 -0.331 -0.334 -0.337 -0.34  -0.345 -0.35  -0.356 -0.362 -0.368
 -0.375 -0.382 -0.389 -0.395 -0.401 -0.406 -0.41  -0.415 -0.418 -0.422
 -0.426 -0.43  -0.434 -0.439 -0.444 -0.45  -0.457 -0.465 -0.474 -0.484]",-0.48960769593819786
Office31,Contrast,0.050657294090332816,0.029425770308123277,"[0.    0.01  0.02  0.03  0.04  0.051 0.061 0.071 0.081 0.091 0.101 0.111
 0.121 0.131 0.141 0.152 0.162 0.172 0.182 0.192 0.202 0.212 0.222 0.232
 0.242 0.253 0.263 0.273 0.283 0.293 0.303 0.313 0.323 0.333 0.343 0.354
 0.364 0.374 0.384 0.394 0.404 0.414 0.424 0.434 0.444 0.455 0.465 0.475
 0.485 0.495 0.505 0.515 0.525 0.535 0.545 0.556 0.566 0.576 0.586 0.596
 0.606 0.616 0.626 0.636 0.646 0.657 0.667 0.677 0.687 0.697 0.707 0.717
 0.727 0.737 0.747 0.758 0.768 0.778 0.788 0.798 0.808 0.818 0.828 0.838
 0.848 0.859 0.869 0.879 0.889 0.899 0.909 0.919 0.929 0.939 0.949 0.96
 0.97  0.98  0.99  1.   ]","[ 0.029  0.029  0.029  0.029  0.029  0.029  0.029  0.029  0.029  0.029
  0.029  0.029  0.028  0.028  0.026  0.024  0.02   0.015  0.009  0.002
 -0.006 -0.015 -0.024 -0.034 -0.044 -0.054 -0.064 -0.073 -0.083 -0.092
 -0.102 -0.114 -0.126 -0.14  -0.154 -0.17  -0.186 -0.203 -0.219 -0.235
 -0.25  -0.262 -0.272 -0.279 -0.284 -0.287 -0.288 -0.289 -0.29  -0.29
 -0.291 -0.291 -0.291 -0.291 -0.291 -0.291 -0.292 -0.293 -0.294 -0.295
 -0.297 -0.3   -0.303 -0.306 -0.31  -0.314 -0.317 -0.321 -0.324 -0.327
 -0.329 -0.331 -0.334 -0.337 -0.341 -0.345 -0.35  -0.356 -0.362 -0.369
 -0.375 -0.382 -0.389 -0.395 -0.401 -0.406 -0.41  -0.415 -0.418 -0.422
 -0.426 -0.43  -0.434 -0.439 -0.444 -0.45  -0.457 -0.465 -0.474 -0.484]",-4.773418925669756
Office31,Organic,0.02871137347877653,0.44605584169151535,"[0.    0.01  0.02  0.03  0.04  0.051 0.061 0.071 0.081 0.091 0.101 0.111
 0.121 0.131 0.141 0.152 0.162 0.172 0.182 0.192 0.202 0.212 0.222 0.232
 0.242 0.253 0.263 0.273 0.283 0.293 0.303 0.313 0.323 0.333 0.343 0.354
 0.364 0.374 0.384 0.394 0.404 0.414 0.424 0.434 0.444 0.455 0.465 0.475
 0.485 0.495 0.505 0.515 0.525 0.535 0.545 0.556 0.566 0.576 0.586 0.596
 0.606 0.616 0.626 0.636 0.646 0.657 0.667 0.677 0.687 0.697 0.707 0.717
 0.727 0.737 0.747 0.758 0.768 0.778 0.788 0.798 0.808 0.818 0.828 0.838
 0.848 0.859 0.869 0.879 0.889 0.899 0.909 0.919 0.929 0.939 0.949 0.96
 0.97  0.98  0.99  1.   ]","[ 0.025  0.024  0.023  0.023  0.022  0.021  0.021  0.02   0.019  0.019
  0.018  0.017  0.016  0.014  0.012  0.009  0.004 -0.001 -0.007 -0.013
 -0.02  -0.028 -0.035 -0.043 -0.051 -0.059 -0.067 -0.075 -0.083 -0.092
 -0.101 -0.112 -0.125 -0.138 -0.153 -0.169 -0.185 -0.202 -0.219 -0.235
 -0.25  -0.262 -0.272 -0.279 -0.284 -0.287 -0.289 -0.29  -0.29  -0.291
 -0.291 -0.291 -0.291 -0.291 -0.291 -0.292 -0.292 -0.293 -0.294 -0.296
 -0.298 -0.3   -0.303 -0.306 -0.31  -0.314 -0.318 -0.321 -0.325 -0.327
 -0.329 -0.331 -0.333 -0.336 -0.339 -0.343 -0.348 -0.353 -0.358 -0.364
 -0.37  -0.376 -0.382 -0.387 -0.393 -0.398 -0.403 -0.407 -0.412 -0.416
 -0.421 -0.425 -0.43  -0.436 -0.442 -0.449 -0.457 -0.465 -0.474 -0.484]",-7.008195798481349
Office31,Hue,0.03508477402424096,0.03442226890756299,"[0.    0.01  0.02  0.03  0.04  0.051 0.061 0.071 0.081 0.091 0.101 0.111
 0.121 0.131 0.141 0.152 0.162 0.172 0.182 0.192 0.202 0.212 0.222 0.232
 0.242 0.253 0.263 0.273 0.283 0.293 0.303 0.313 0.323 0.333 0.343 0.354
 0.364 0.374 0.384 0.394 0.404 0.414 0.424 0.434 0.444 0.455 0.465 0.475
 0.485 0.495 0.505 0.515 0.525 0.535 0.545 0.556 0.566 0.576 0.586 0.596
 0.606 0.616 0.626 0.636 0.646 0.657 0.667 0.677 0.687 0.697 0.707 0.717
 0.727 0.737 0.747 0.758 0.768 0.778 0.788 0.798 0.808 0.818 0.828 0.838
 0.848 0.859 0.869 0.879 0.889 0.899 0.909 0.919 0.929 0.939 0.949 0.96
 0.97  0.98  0.99  1.   ]","[ 0.04   0.037  0.035  0.032  0.03   0.027  0.025  0.022  0.02   0.017
  0.015  0.012  0.009  0.005  0.001 -0.003 -0.007 -0.012 -0.017 -0.022
 -0.028 -0.033 -0.04  -0.046 -0.053 -0.06  -0.067 -0.075 -0.082 -0.091
 -0.101 -0.112 -0.124 -0.138 -0.153 -0.169 -0.185 -0.202 -0.219 -0.235
 -0.25  -0.263 -0.272 -0.279 -0.284 -0.287 -0.289 -0.29  -0.29  -0.291
 -0.291 -0.291 -0.291 -0.291 -0.291 -0.292 -0.292 -0.293 -0.294 -0.296
 -0.297 -0.3   -0.303 -0.306 -0.31  -0.314 -0.317 -0.321 -0.324 -0.327
 -0.329 -0.331 -0.334 -0.337 -0.341 -0.345 -0.35  -0.356 -0.362 -0.369
 -0.375 -0.382 -0.389 -0.395 -0.401 -0.406 -0.41  -0.415 -0.418 -0.422
 -0.426 -0.43  -0.434 -0.439 -0.444 -0.45  -0.457 -0.465 -0.474 -0.484]",-7.648252882573113
Office31,Multiplicative Noise,0.056933769954088345,0.35385504201680673,"[0.    0.01  0.02  0.03  0.04  0.051 0.061 0.071 0.081 0.091 0.101 0.111
 0.121 0.131 0.141 0.152 0.162 0.172 0.182 0.192 0.202 0.212 0.222 0.232
 0.242 0.253 0.263 0.273 0.283 0.293 0.303 0.313 0.323 0.333 0.343 0.354
 0.364 0.374 0.384 0.394 0.404 0.414 0.424 0.434 0.444 0.455 0.465 0.475
 0.485 0.495 0.505 0.515 0.525 0.535 0.545 0.556 0.566 0.576 0.586 0.596
 0.606 0.616 0.626 0.636 0.646 0.657 0.667 0.677 0.687 0.697 0.707 0.717
 0.727 0.737 0.747 0.758 0.768 0.778 0.788 0.798 0.808 0.818 0.828 0.838
 0.848 0.859 0.869 0.879 0.889 0.899 0.909 0.919 0.929 0.939 0.949 0.96
 0.97  0.98  0.99  1.   ]","[ 0.024  0.023  0.022  0.022  0.021  0.02   0.02   0.019  0.018  0.018
  0.017  0.016  0.015  0.013  0.011  0.008  0.003 -0.002 -0.008 -0.014
 -0.021 -0.028 -0.036 -0.044 -0.051 -0.059 -0.066 -0.074 -0.082 -0.091
 -0.1   -0.111 -0.124 -0.138 -0.154 -0.171 -0.189 -0.209 -0.228 -0.248
 -0.266 -0.283 -0.297 -0.308 -0.317 -0.324 -0.329 -0.332 -0.335 -0.336
 -0.337 -0.337 -0.337 -0.337 -0.337 -0.337 -0.337 -0.337 -0.337 -0.337
 -0.337 -0.337 -0.338 -0.339 -0.339 -0.34  -0.342 -0.343 -0.344 -0.345
 -0.347 -0.349 -0.351 -0.355 -0.359 -0.364 -0.369 -0.375 -0.381 -0.387
 -0.393 -0.398 -0.404 -0.409 -0.414 -0.418 -0.422 -0.426 -0.429 -0.432
 -0.435 -0.439 -0.442 -0.447 -0.452 -0.459 -0.467 -0.477 -0.487 -0.498]",0.8452129296406473
Office31,Additive Noise,0.04338235234227735,0.29692226890756307,"[0.    0.01  0.02  0.03  0.04  0.051 0.061 0.071 0.081 0.091 0.101 0.111
 0.121 0.131 0.141 0.152 0.162 0.172 0.182 0.192 0.202 0.212 0.222 0.232
 0.242 0.253 0.263 0.273 0.283 0.293 0.303 0.313 0.323 0.333 0.343 0.354
 0.364 0.374 0.384 0.394 0.404 0.414 0.424 0.434 0.444 0.455 0.465 0.475
 0.485 0.495 0.505 0.515 0.525 0.535 0.545 0.556 0.566 0.576 0.586 0.596
 0.606 0.616 0.626 0.636 0.646 0.657 0.667 0.677 0.687 0.697 0.707 0.717
 0.727 0.737 0.747 0.758 0.768 0.778 0.788 0.798 0.808 0.818 0.828 0.838
 0.848 0.859 0.869 0.879 0.889 0.899 0.909 0.919 0.929 0.939 0.949 0.96
 0.97  0.98  0.99  1.   ]","[ 0.028  0.027  0.026  0.025  0.024  0.023  0.022  0.021  0.02   0.019
  0.019  0.017  0.016  0.014  0.011  0.007  0.002 -0.003 -0.009 -0.016
 -0.023 -0.03  -0.037 -0.044 -0.052 -0.059 -0.067 -0.075 -0.084 -0.093
 -0.104 -0.116 -0.13  -0.145 -0.161 -0.179 -0.196 -0.214 -0.232 -0.248
 -0.263 -0.275 -0.284 -0.291 -0.295 -0.298 -0.299 -0.3   -0.3   -0.301
 -0.302 -0.303 -0.305 -0.309 -0.313 -0.318 -0.323 -0.329 -0.335 -0.34
 -0.346 -0.351 -0.356 -0.361 -0.365 -0.368 -0.371 -0.374 -0.375 -0.376
 -0.377 -0.378 -0.378 -0.379 -0.38  -0.381 -0.383 -0.385 -0.388 -0.392
 -0.396 -0.401 -0.406 -0.41  -0.415 -0.419 -0.422 -0.426 -0.43  -0.434
 -0.438 -0.442 -0.446 -0.451 -0.457 -0.462 -0.468 -0.475 -0.481 -0.488]",0.9300792524592524
Office31,Salt+Pepper Noise,0.03919486666793347,0.4528991596638656,"[0.    0.01  0.02  0.03  0.04  0.051 0.061 0.071 0.081 0.091 0.101 0.111
 0.121 0.131 0.141 0.152 0.162 0.172 0.182 0.192 0.202 0.212 0.222 0.232
 0.242 0.253 0.263 0.273 0.283 0.293 0.303 0.313 0.323 0.333 0.343 0.354
 0.364 0.374 0.384 0.394 0.404 0.414 0.424 0.434 0.444 0.455 0.465 0.475
 0.485 0.495 0.505 0.515 0.525 0.535 0.545 0.556 0.566 0.576 0.586 0.596
 0.606 0.616 0.626 0.636 0.646 0.657 0.667 0.677 0.687 0.697 0.707 0.717
 0.727 0.737 0.747 0.758 0.768 0.778 0.788 0.798 0.808 0.818 0.828 0.838
 0.848 0.859 0.869 0.879 0.889 0.899 0.909 0.919 0.929 0.939 0.949 0.96
 0.97  0.98  0.99  1.   ]","[ 0.025  0.024  0.023  0.023  0.022  0.021  0.021  0.02   0.019  0.019
  0.018  0.017  0.016  0.014  0.012  0.009  0.004 -0.001 -0.007 -0.014
 -0.021 -0.029 -0.036 -0.044 -0.052 -0.06  -0.068 -0.075 -0.083 -0.09
 -0.098 -0.107 -0.117 -0.127 -0.138 -0.151 -0.163 -0.177 -0.19  -0.203
 -0.215 -0.225 -0.233 -0.238 -0.241 -0.242 -0.242 -0.242 -0.242 -0.242
 -0.242 -0.242 -0.242 -0.242 -0.242 -0.242 -0.243 -0.243 -0.243 -0.244
 -0.244 -0.245 -0.247 -0.249 -0.251 -0.254 -0.258 -0.262 -0.266 -0.271
 -0.276 -0.282 -0.288 -0.294 -0.301 -0.308 -0.315 -0.322 -0.33  -0.338
 -0.346 -0.353 -0.361 -0.368 -0.375 -0.381 -0.387 -0.393 -0.398 -0.404
 -0.409 -0.415 -0.421 -0.427 -0.435 -0.443 -0.453 -0.463 -0.474 -0.486]",-0.6058585934241083
Office31,Smear,0.032668137371949735,0.0315861344537815,"[0.    0.01  0.02  0.03  0.04  0.051 0.061 0.071 0.081 0.091 0.101 0.111
 0.121 0.131 0.141 0.152 0.162 0.172 0.182 0.192 0.202 0.212 0.222 0.232
 0.242 0.253 0.263 0.273 0.283 0.293 0.303 0.313 0.323 0.333 0.343 0.354
 0.364 0.374 0.384 0.394 0.404 0.414 0.424 0.434 0.444 0.455 0.465 0.475
 0.485 0.495 0.505 0.515 0.525 0.535 0.545 0.556 0.566 0.576 0.586 0.596
 0.606 0.616 0.626 0.636 0.646 0.657 0.667 0.677 0.687 0.697 0.707 0.717
 0.727 0.737 0.747 0.758 0.768 0.778 0.788 0.798 0.808 0.818 0.828 0.838
 0.848 0.859 0.869 0.879 0.889 0.899 0.909 0.919 0.929 0.939 0.949 0.96
 0.97  0.98  0.99  1.   ]","[ 0.127  0.119  0.111  0.103  0.095  0.087  0.079  0.071  0.062  0.054
  0.046  0.038  0.03   0.022  0.014  0.006 -0.001 -0.008 -0.015 -0.021
 -0.027 -0.033 -0.039 -0.046 -0.053 -0.06  -0.067 -0.075 -0.083 -0.091
 -0.101 -0.111 -0.123 -0.137 -0.152 -0.169 -0.186 -0.203 -0.22  -0.236
 -0.25  -0.263 -0.274 -0.281 -0.287 -0.29  -0.291 -0.292 -0.292 -0.292
 -0.292 -0.292 -0.292 -0.292 -0.292 -0.292 -0.292 -0.293 -0.294 -0.296
 -0.298 -0.3   -0.303 -0.306 -0.31  -0.314 -0.317 -0.321 -0.324 -0.327
 -0.329 -0.331 -0.334 -0.337 -0.34  -0.345 -0.35  -0.356 -0.362 -0.368
 -0.375 -0.382 -0.389 -0.395 -0.401 -0.406 -0.411 -0.415 -0.419 -0.423
 -0.426 -0.43  -0.434 -0.439 -0.444 -0.45  -0.457 -0.465 -0.474 -0.484]",-0.4503870425360743
Office31,ind,0.013841449914257842,0.0202205882352941,"[0.    0.01  0.02  0.03  0.04  0.051 0.061 0.071 0.081 0.091 0.101 0.111
 0.121 0.131 0.141 0.152 0.162 0.172 0.182 0.192 0.202 0.212 0.222 0.232
 0.242 0.253 0.263 0.273 0.283 0.293 0.303 0.313 0.323 0.333 0.343 0.354
 0.364 0.374 0.384 0.394 0.404 0.414 0.424 0.434 0.444 0.455 0.465 0.475
 0.485 0.495 0.505 0.515 0.525 0.535 0.545 0.556 0.566 0.576 0.586 0.596
 0.606 0.616 0.626 0.636 0.646 0.657 0.667 0.677 0.687 0.697 0.707 0.717
 0.727 0.737 0.747 0.758 0.768 0.778 0.788 0.798 0.808 0.818 0.828 0.838
 0.848 0.859 0.869 0.879 0.889 0.899 0.909 0.919 0.929 0.939 0.949 0.96
 0.97  0.98  0.99  1.   ]","[ 0.023  0.022  0.022  0.021  0.02   0.02   0.019  0.019  0.018  0.018
  0.017  0.016  0.015  0.014  0.012  0.008  0.004 -0.001 -0.007 -0.013
 -0.02  -0.027 -0.035 -0.043 -0.051 -0.059 -0.067 -0.075 -0.083 -0.092
 -0.101 -0.112 -0.125 -0.138 -0.153 -0.169 -0.185 -0.202 -0.219 -0.235
 -0.25  -0.262 -0.272 -0.279 -0.284 -0.287 -0.289 -0.29  -0.29  -0.291
 -0.291 -0.291 -0.291 -0.291 -0.291 -0.292 -0.292 -0.293 -0.294 -0.295
 -0.297 -0.3   -0.303 -0.306 -0.31  -0.314 -0.317 -0.321 -0.324 -0.327
 -0.329 -0.331 -0.334 -0.337 -0.341 -0.345 -0.35  -0.356 -0.362 -0.369
 -0.375 -0.382 -0.389 -0.395 -0.401 -0.406 -0.41  -0.415 -0.418 -0.422
 -0.426 -0.43  -0.434 -0.439 -0.444 -0.45  -0.457 -0.465 -0.474 -0.484]",0.15961496291442623
NICO,adv,0.4246835683879501,0.9064503205128206,"[0.    0.01  0.02  0.03  0.04  0.051 0.061 0.071 0.081 0.091 0.101 0.111
 0.121 0.131 0.141 0.152 0.162 0.172 0.182 0.192 0.202 0.212 0.222 0.232
 0.242 0.253 0.263 0.273 0.283 0.293 0.303 0.313 0.323 0.333 0.343 0.354
 0.364 0.374 0.384 0.394 0.404 0.414 0.424 0.434 0.444 0.455 0.465 0.475
 0.485 0.495 0.505 0.515 0.525 0.535 0.545 0.556 0.566 0.576 0.586 0.596
 0.606 0.616 0.626 0.636 0.646 0.657 0.667 0.677 0.687 0.697 0.707 0.717
 0.727 0.737 0.747 0.758 0.768 0.778 0.788 0.798 0.808 0.818 0.828 0.838
 0.848 0.859 0.869 0.879 0.889 0.899 0.909 0.919 0.929 0.939 0.949 0.96
 0.97  0.98  0.99  1.   ]","[ 0.047  0.043  0.039  0.035  0.031  0.028  0.024  0.02   0.016  0.012
  0.009  0.005  0.001 -0.003 -0.007 -0.011 -0.015 -0.019 -0.023 -0.027
 -0.03  -0.034 -0.036 -0.038 -0.04  -0.042 -0.044 -0.048 -0.052 -0.058
 -0.065 -0.074 -0.084 -0.096 -0.108 -0.122 -0.135 -0.148 -0.161 -0.172
 -0.182 -0.191 -0.197 -0.201 -0.203 -0.204 -0.205 -0.205 -0.205 -0.205
 -0.205 -0.205 -0.205 -0.205 -0.205 -0.205 -0.205 -0.205 -0.205 -0.205
 -0.206 -0.208 -0.21  -0.214 -0.219 -0.226 -0.234 -0.244 -0.255 -0.269
 -0.285 -0.303 -0.323 -0.346 -0.372 -0.401 -0.433 -0.469 -0.507 -0.547
 -0.588 -0.627 -0.665 -0.7   -0.731 -0.758 -0.778 -0.792 -0.801 -0.807
 -0.813 -0.819 -0.827 -0.839 -0.852 -0.866 -0.882 -0.898 -0.914 -0.93 ]",-433.6879216607785
NICO,Organic,0.1607675008121014,0.6840443086696297,"[0.    0.01  0.02  0.03  0.04  0.051 0.061 0.071 0.081 0.091 0.101 0.111
 0.121 0.131 0.141 0.152 0.162 0.172 0.182 0.192 0.202 0.212 0.222 0.232
 0.242 0.253 0.263 0.273 0.283 0.293 0.303 0.313 0.323 0.333 0.343 0.354
 0.364 0.374 0.384 0.394 0.404 0.414 0.424 0.434 0.444 0.455 0.465 0.475
 0.485 0.495 0.505 0.515 0.525 0.535 0.545 0.556 0.566 0.576 0.586 0.596
 0.606 0.616 0.626 0.636 0.646 0.657 0.667 0.677 0.687 0.697 0.707 0.717
 0.727 0.737 0.747 0.758 0.768 0.778 0.788 0.798 0.808 0.818 0.828 0.838
 0.848 0.859 0.869 0.879 0.889 0.899 0.909 0.919 0.929 0.939 0.949 0.96
 0.97  0.98  0.99  1.   ]","[ 0.052  0.048  0.044  0.039  0.035  0.031  0.027  0.022  0.018  0.014
  0.01   0.005  0.001 -0.003 -0.008 -0.012 -0.015 -0.019 -0.022 -0.024
 -0.026 -0.027 -0.028 -0.029 -0.03  -0.032 -0.036 -0.041 -0.049 -0.061
 -0.076 -0.096 -0.121 -0.151 -0.185 -0.219 -0.252 -0.28  -0.301 -0.318
 -0.331 -0.344 -0.359 -0.378 -0.4   -0.424 -0.449 -0.473 -0.495 -0.514
 -0.531 -0.544 -0.555 -0.562 -0.567 -0.569 -0.57  -0.57  -0.57  -0.57
 -0.57  -0.57  -0.57  -0.57  -0.57  -0.571 -0.572 -0.574 -0.577 -0.582
 -0.587 -0.593 -0.601 -0.61  -0.62  -0.632 -0.646 -0.662 -0.681 -0.703
 -0.725 -0.748 -0.768 -0.786 -0.801 -0.813 -0.822 -0.829 -0.835 -0.838
 -0.841 -0.844 -0.848 -0.853 -0.86  -0.868 -0.876 -0.885 -0.894 -0.903]",-156.37521997107098
NICO,Brightness,0.049870577409408354,0.05420673076923077,"[0.    0.01  0.02  0.03  0.04  0.051 0.061 0.071 0.081 0.091 0.101 0.111
 0.121 0.131 0.141 0.152 0.162 0.172 0.182 0.192 0.202 0.212 0.222 0.232
 0.242 0.253 0.263 0.273 0.283 0.293 0.303 0.313 0.323 0.333 0.343 0.354
 0.364 0.374 0.384 0.394 0.404 0.414 0.424 0.434 0.444 0.455 0.465 0.475
 0.485 0.495 0.505 0.515 0.525 0.535 0.545 0.556 0.566 0.576 0.586 0.596
 0.606 0.616 0.626 0.636 0.646 0.657 0.667 0.677 0.687 0.697 0.707 0.717
 0.727 0.737 0.747 0.758 0.768 0.778 0.788 0.798 0.808 0.818 0.828 0.838
 0.848 0.859 0.869 0.879 0.889 0.899 0.909 0.919 0.929 0.939 0.949 0.96
 0.97  0.98  0.99  1.   ]","[ 0.056  0.052  0.047  0.042  0.038  0.033  0.028  0.024  0.019  0.014
  0.01   0.005  0.    -0.004 -0.009 -0.013 -0.018 -0.021 -0.025 -0.028
 -0.03  -0.032 -0.034 -0.035 -0.037 -0.04  -0.045 -0.054 -0.066 -0.083
 -0.104 -0.128 -0.157 -0.188 -0.221 -0.253 -0.282 -0.305 -0.322 -0.333
 -0.342 -0.35  -0.361 -0.377 -0.397 -0.42  -0.444 -0.468 -0.49  -0.51
 -0.527 -0.541 -0.552 -0.56  -0.565 -0.567 -0.568 -0.569 -0.569 -0.569
 -0.569 -0.569 -0.569 -0.569 -0.569 -0.569 -0.571 -0.573 -0.577 -0.581
 -0.587 -0.594 -0.602 -0.612 -0.622 -0.635 -0.649 -0.666 -0.686 -0.707
 -0.729 -0.75  -0.768 -0.784 -0.795 -0.803 -0.809 -0.813 -0.816 -0.818
 -0.821 -0.824 -0.83  -0.838 -0.85  -0.863 -0.877 -0.892 -0.907 -0.923]",-1.6975411893052104
NICO,Contrast,0.026109414480384497,0.03202578671328672,"[0.    0.01  0.02  0.03  0.04  0.051 0.061 0.071 0.081 0.091 0.101 0.111
 0.121 0.131 0.141 0.152 0.162 0.172 0.182 0.192 0.202 0.212 0.222 0.232
 0.242 0.253 0.263 0.273 0.283 0.293 0.303 0.313 0.323 0.333 0.343 0.354
 0.364 0.374 0.384 0.394 0.404 0.414 0.424 0.434 0.444 0.455 0.465 0.475
 0.485 0.495 0.505 0.515 0.525 0.535 0.545 0.556 0.566 0.576 0.586 0.596
 0.606 0.616 0.626 0.636 0.646 0.657 0.667 0.677 0.687 0.697 0.707 0.717
 0.727 0.737 0.747 0.758 0.768 0.778 0.788 0.798 0.808 0.818 0.828 0.838
 0.848 0.859 0.869 0.879 0.889 0.899 0.909 0.919 0.929 0.939 0.949 0.96
 0.97  0.98  0.99  1.   ]","[-0.    -0.001 -0.001 -0.001 -0.002 -0.002 -0.003 -0.003 -0.003 -0.004
 -0.004 -0.005 -0.005 -0.005 -0.006 -0.006 -0.006 -0.006 -0.006 -0.007
 -0.007 -0.007 -0.008 -0.009 -0.012 -0.015 -0.02  -0.028 -0.039 -0.053
 -0.071 -0.092 -0.119 -0.151 -0.185 -0.22  -0.253 -0.281 -0.302 -0.318
 -0.331 -0.344 -0.359 -0.378 -0.4   -0.424 -0.449 -0.473 -0.494 -0.514
 -0.53  -0.544 -0.555 -0.562 -0.566 -0.569 -0.57  -0.57  -0.57  -0.57
 -0.57  -0.57  -0.57  -0.57  -0.57  -0.571 -0.572 -0.574 -0.578 -0.582
 -0.588 -0.595 -0.603 -0.612 -0.623 -0.635 -0.649 -0.666 -0.686 -0.707
 -0.729 -0.75  -0.768 -0.784 -0.795 -0.803 -0.809 -0.813 -0.816 -0.818
 -0.821 -0.824 -0.83  -0.838 -0.85  -0.863 -0.877 -0.892 -0.907 -0.923]",-1.05696859224485
NICO,Hue,0.25412806605339144,0.1933894230769231,"[0.    0.01  0.02  0.03  0.04  0.051 0.061 0.071 0.081 0.091 0.101 0.111
 0.121 0.131 0.141 0.152 0.162 0.172 0.182 0.192 0.202 0.212 0.222 0.232
 0.242 0.253 0.263 0.273 0.283 0.293 0.303 0.313 0.323 0.333 0.343 0.354
 0.364 0.374 0.384 0.394 0.404 0.414 0.424 0.434 0.444 0.455 0.465 0.475
 0.485 0.495 0.505 0.515 0.525 0.535 0.545 0.556 0.566 0.576 0.586 0.596
 0.606 0.616 0.626 0.636 0.646 0.657 0.667 0.677 0.687 0.697 0.707 0.717
 0.727 0.737 0.747 0.758 0.768 0.778 0.788 0.798 0.808 0.818 0.828 0.838
 0.848 0.859 0.869 0.879 0.889 0.899 0.909 0.919 0.929 0.939 0.949 0.96
 0.97  0.98  0.99  1.   ]","[ 0.057  0.052  0.047  0.043  0.038  0.033  0.029  0.024  0.019  0.015
  0.01   0.006  0.001 -0.004 -0.008 -0.012 -0.016 -0.019 -0.021 -0.022
 -0.022 -0.023 -0.023 -0.023 -0.023 -0.025 -0.027 -0.032 -0.038 -0.049
 -0.065 -0.089 -0.123 -0.168 -0.22  -0.278 -0.336 -0.391 -0.44  -0.482
 -0.517 -0.546 -0.568 -0.584 -0.594 -0.6   -0.602 -0.604 -0.604 -0.605
 -0.605 -0.605 -0.605 -0.605 -0.605 -0.605 -0.605 -0.605 -0.605 -0.605
 -0.605 -0.605 -0.605 -0.605 -0.605 -0.605 -0.605 -0.606 -0.607 -0.608
 -0.61  -0.613 -0.617 -0.623 -0.63  -0.64  -0.653 -0.668 -0.686 -0.707
 -0.728 -0.749 -0.768 -0.783 -0.794 -0.803 -0.809 -0.813 -0.816 -0.818
 -0.821 -0.824 -0.83  -0.838 -0.85  -0.863 -0.877 -0.892 -0.907 -0.923]",-23.174433580242194
NICO,Multiplicative Noise,0.13503986630748802,0.6315705128205127,"[0.    0.01  0.02  0.03  0.04  0.051 0.061 0.071 0.081 0.091 0.101 0.111
 0.121 0.131 0.141 0.152 0.162 0.172 0.182 0.192 0.202 0.212 0.222 0.232
 0.242 0.253 0.263 0.273 0.283 0.293 0.303 0.313 0.323 0.333 0.343 0.354
 0.364 0.374 0.384 0.394 0.404 0.414 0.424 0.434 0.444 0.455 0.465 0.475
 0.485 0.495 0.505 0.515 0.525 0.535 0.545 0.556 0.566 0.576 0.586 0.596
 0.606 0.616 0.626 0.636 0.646 0.657 0.667 0.677 0.687 0.697 0.707 0.717
 0.727 0.737 0.747 0.758 0.768 0.778 0.788 0.798 0.808 0.818 0.828 0.838
 0.848 0.859 0.869 0.879 0.889 0.899 0.909 0.919 0.929 0.939 0.949 0.96
 0.97  0.98  0.99  1.   ]","[ 0.056  0.051  0.047  0.042  0.038  0.033  0.029  0.024  0.019  0.015
  0.01   0.006  0.001 -0.003 -0.008 -0.012 -0.016 -0.019 -0.022 -0.024
 -0.026 -0.027 -0.028 -0.029 -0.03  -0.032 -0.035 -0.041 -0.049 -0.061
 -0.077 -0.097 -0.123 -0.155 -0.19  -0.225 -0.259 -0.287 -0.308 -0.324
 -0.337 -0.351 -0.368 -0.391 -0.419 -0.451 -0.486 -0.521 -0.557 -0.591
 -0.622 -0.649 -0.672 -0.689 -0.7   -0.708 -0.712 -0.714 -0.716 -0.717
 -0.717 -0.717 -0.717 -0.717 -0.718 -0.719 -0.721 -0.724 -0.729 -0.736
 -0.743 -0.75  -0.757 -0.764 -0.769 -0.774 -0.78  -0.786 -0.794 -0.802
 -0.811 -0.819 -0.826 -0.831 -0.834 -0.836 -0.837 -0.837 -0.837 -0.837
 -0.838 -0.84  -0.844 -0.85  -0.857 -0.866 -0.876 -0.886 -0.897 -0.907]",0.43539729186093923
NICO,Additive Noise,0.11807937082045854,0.6906650641025641,"[0.    0.01  0.02  0.03  0.04  0.051 0.061 0.071 0.081 0.091 0.101 0.111
 0.121 0.131 0.141 0.152 0.162 0.172 0.182 0.192 0.202 0.212 0.222 0.232
 0.242 0.253 0.263 0.273 0.283 0.293 0.303 0.313 0.323 0.333 0.343 0.354
 0.364 0.374 0.384 0.394 0.404 0.414 0.424 0.434 0.444 0.455 0.465 0.475
 0.485 0.495 0.505 0.515 0.525 0.535 0.545 0.556 0.566 0.576 0.586 0.596
 0.606 0.616 0.626 0.636 0.646 0.657 0.667 0.677 0.687 0.697 0.707 0.717
 0.727 0.737 0.747 0.758 0.768 0.778 0.788 0.798 0.808 0.818 0.828 0.838
 0.848 0.859 0.869 0.879 0.889 0.899 0.909 0.919 0.929 0.939 0.949 0.96
 0.97  0.98  0.99  1.   ]","[ 0.058  0.053  0.049  0.044  0.039  0.035  0.03   0.025  0.02   0.016
  0.011  0.006  0.001 -0.003 -0.008 -0.012 -0.016 -0.02  -0.023 -0.025
 -0.027 -0.028 -0.029 -0.03  -0.031 -0.033 -0.036 -0.041 -0.049 -0.06
 -0.075 -0.094 -0.118 -0.148 -0.181 -0.215 -0.249 -0.279 -0.303 -0.324
 -0.343 -0.362 -0.384 -0.409 -0.438 -0.469 -0.5   -0.53  -0.556 -0.579
 -0.599 -0.615 -0.627 -0.636 -0.641 -0.644 -0.645 -0.645 -0.645 -0.645
 -0.646 -0.647 -0.648 -0.651 -0.654 -0.657 -0.661 -0.664 -0.667 -0.669
 -0.672 -0.675 -0.68  -0.687 -0.696 -0.707 -0.719 -0.734 -0.749 -0.765
 -0.781 -0.795 -0.807 -0.816 -0.821 -0.824 -0.825 -0.825 -0.826 -0.826
 -0.827 -0.83  -0.835 -0.843 -0.853 -0.865 -0.878 -0.892 -0.906 -0.92 ]",0.6177178750535359
NICO,Salt+Pepper Noise,0.10254107606301477,0.9039663461538462,"[0.    0.01  0.02  0.03  0.04  0.051 0.061 0.071 0.081 0.091 0.101 0.111
 0.121 0.131 0.141 0.152 0.162 0.172 0.182 0.192 0.202 0.212 0.222 0.232
 0.242 0.253 0.263 0.273 0.283 0.293 0.303 0.313 0.323 0.333 0.343 0.354
 0.364 0.374 0.384 0.394 0.404 0.414 0.424 0.434 0.444 0.455 0.465 0.475
 0.485 0.495 0.505 0.515 0.525 0.535 0.545 0.556 0.566 0.576 0.586 0.596
 0.606 0.616 0.626 0.636 0.646 0.657 0.667 0.677 0.687 0.697 0.707 0.717
 0.727 0.737 0.747 0.758 0.768 0.778 0.788 0.798 0.808 0.818 0.828 0.838
 0.848 0.859 0.869 0.879 0.889 0.899 0.909 0.919 0.929 0.939 0.949 0.96
 0.97  0.98  0.99  1.   ]","[ 0.052  0.048  0.044  0.039  0.035  0.031  0.027  0.022  0.018  0.014
  0.01   0.005  0.001 -0.003 -0.008 -0.012 -0.015 -0.019 -0.022 -0.024
 -0.026 -0.027 -0.028 -0.029 -0.03  -0.032 -0.036 -0.041 -0.049 -0.061
 -0.076 -0.096 -0.121 -0.151 -0.185 -0.219 -0.252 -0.28  -0.301 -0.318
 -0.331 -0.344 -0.359 -0.378 -0.4   -0.425 -0.45  -0.474 -0.496 -0.516
 -0.532 -0.546 -0.557 -0.564 -0.569 -0.571 -0.572 -0.573 -0.573 -0.573
 -0.573 -0.573 -0.573 -0.573 -0.573 -0.573 -0.575 -0.577 -0.581 -0.586
 -0.591 -0.598 -0.605 -0.612 -0.62  -0.628 -0.638 -0.648 -0.66  -0.673
 -0.686 -0.698 -0.71  -0.721 -0.73  -0.739 -0.747 -0.755 -0.764 -0.773
 -0.783 -0.795 -0.807 -0.82  -0.835 -0.851 -0.866 -0.882 -0.898 -0.914]",-179.94457591343817
NICO,Smear,0.05479362401584546,0.02712339743589745,"[0.    0.01  0.02  0.03  0.04  0.051 0.061 0.071 0.081 0.091 0.101 0.111
 0.121 0.131 0.141 0.152 0.162 0.172 0.182 0.192 0.202 0.212 0.222 0.232
 0.242 0.253 0.263 0.273 0.283 0.293 0.303 0.313 0.323 0.333 0.343 0.354
 0.364 0.374 0.384 0.394 0.404 0.414 0.424 0.434 0.444 0.455 0.465 0.475
 0.485 0.495 0.505 0.515 0.525 0.535 0.545 0.556 0.566 0.576 0.586 0.596
 0.606 0.616 0.626 0.636 0.646 0.657 0.667 0.677 0.687 0.697 0.707 0.717
 0.727 0.737 0.747 0.758 0.768 0.778 0.788 0.798 0.808 0.818 0.828 0.838
 0.848 0.859 0.869 0.879 0.889 0.899 0.909 0.919 0.929 0.939 0.949 0.96
 0.97  0.98  0.99  1.   ]","[ 0.061  0.056  0.051  0.046  0.041  0.036  0.032  0.027  0.022  0.017
  0.012  0.007  0.002 -0.003 -0.007 -0.012 -0.016 -0.021 -0.024 -0.027
 -0.03  -0.032 -0.034 -0.035 -0.037 -0.039 -0.044 -0.052 -0.064 -0.079
 -0.099 -0.122 -0.15  -0.182 -0.217 -0.25  -0.281 -0.307 -0.326 -0.339
 -0.35  -0.359 -0.371 -0.387 -0.407 -0.429 -0.452 -0.474 -0.495 -0.514
 -0.53  -0.543 -0.554 -0.561 -0.565 -0.568 -0.569 -0.569 -0.569 -0.569
 -0.569 -0.569 -0.569 -0.569 -0.569 -0.57  -0.571 -0.573 -0.577 -0.582
 -0.587 -0.594 -0.603 -0.612 -0.623 -0.635 -0.649 -0.666 -0.686 -0.707
 -0.729 -0.75  -0.768 -0.784 -0.795 -0.803 -0.809 -0.813 -0.816 -0.818
 -0.821 -0.824 -0.83  -0.838 -0.85  -0.863 -0.877 -0.892 -0.907 -0.923]",-13.316632308476555
NICO,ind,0.004814851336504361,0.0032051282051281937,"[0.    0.01  0.02  0.03  0.04  0.051 0.061 0.071 0.081 0.091 0.101 0.111
 0.121 0.131 0.141 0.152 0.162 0.172 0.182 0.192 0.202 0.212 0.222 0.232
 0.242 0.253 0.263 0.273 0.283 0.293 0.303 0.313 0.323 0.333 0.343 0.354
 0.364 0.374 0.384 0.394 0.404 0.414 0.424 0.434 0.444 0.455 0.465 0.475
 0.485 0.495 0.505 0.515 0.525 0.535 0.545 0.556 0.566 0.576 0.586 0.596
 0.606 0.616 0.626 0.636 0.646 0.657 0.667 0.677 0.687 0.697 0.707 0.717
 0.727 0.737 0.747 0.758 0.768 0.778 0.788 0.798 0.808 0.818 0.828 0.838
 0.848 0.859 0.869 0.879 0.889 0.899 0.909 0.919 0.929 0.939 0.949 0.96
 0.97  0.98  0.99  1.   ]","[ 0.059  0.054  0.05   0.045  0.04   0.035  0.031  0.026  0.021  0.016
  0.012  0.007  0.002 -0.002 -0.007 -0.012 -0.016 -0.019 -0.022 -0.025
 -0.026 -0.028 -0.029 -0.029 -0.03  -0.032 -0.035 -0.04  -0.048 -0.06
 -0.076 -0.096 -0.12  -0.15  -0.183 -0.217 -0.251 -0.28  -0.303 -0.319
 -0.333 -0.345 -0.359 -0.376 -0.398 -0.423 -0.448 -0.473 -0.495 -0.515
 -0.531 -0.544 -0.554 -0.562 -0.566 -0.569 -0.57  -0.57  -0.57  -0.57
 -0.57  -0.57  -0.57  -0.57  -0.57  -0.571 -0.572 -0.574 -0.578 -0.582
 -0.588 -0.595 -0.603 -0.612 -0.623 -0.635 -0.649 -0.666 -0.685 -0.707
 -0.729 -0.75  -0.769 -0.784 -0.796 -0.804 -0.81  -0.814 -0.816 -0.818
 -0.821 -0.824 -0.83  -0.838 -0.849 -0.863 -0.877 -0.893 -0.908 -0.923]",-2.8298331515007784
Polyp,Organic,0.188715777326224,0.34552382632843165,"[0.    0.01  0.02  0.03  0.04  0.051 0.061 0.071 0.081 0.091 0.101 0.111
 0.121 0.131 0.141 0.152 0.162 0.172 0.182 0.192 0.202 0.212 0.222 0.232
 0.242 0.253 0.263 0.273 0.283 0.293 0.303 0.313 0.323 0.333 0.343 0.354
 0.364 0.374 0.384 0.394 0.404 0.414 0.424 0.434 0.444 0.455 0.465 0.475
 0.485 0.495 0.505 0.515 0.525 0.535 0.545 0.556 0.566 0.576 0.586 0.596
 0.606 0.616 0.626 0.636 0.646 0.657 0.667 0.677 0.687 0.697 0.707 0.717
 0.727 0.737 0.747 0.758 0.768 0.778 0.788 0.798 0.808 0.818 0.828 0.838
 0.848 0.859 0.869 0.879 0.889 0.899 0.909 0.919 0.929 0.939 0.949 0.96
 0.97  0.98  0.99  1.   ]","[-0.008 -0.009 -0.009 -0.009 -0.01  -0.01  -0.01  -0.011 -0.011 -0.011
 -0.012 -0.012 -0.012 -0.013 -0.013 -0.013 -0.014 -0.014 -0.014 -0.015
 -0.015 -0.015 -0.016 -0.016 -0.016 -0.017 -0.017 -0.017 -0.018 -0.019
 -0.021 -0.025 -0.031 -0.038 -0.044 -0.051 -0.055 -0.058 -0.059 -0.06
 -0.06  -0.061 -0.061 -0.061 -0.061 -0.061 -0.061 -0.062 -0.064 -0.067
 -0.07  -0.076 -0.083 -0.093 -0.104 -0.115 -0.126 -0.135 -0.141 -0.146
 -0.149 -0.151 -0.152 -0.152 -0.153 -0.153 -0.153 -0.153 -0.153 -0.153
 -0.153 -0.153 -0.153 -0.153 -0.153 -0.153 -0.153 -0.153 -0.153 -0.153
 -0.153 -0.153 -0.153 -0.153 -0.153 -0.153 -0.153 -0.153 -0.154 -0.158
 -0.165 -0.178 -0.2   -0.234 -0.284 -0.356 -0.451 -0.566 -0.698 -0.845]",-0.9634692936478719
Polyp,Brightness,0.05934604805485135,0.04208333333333332,"[0.    0.01  0.02  0.03  0.04  0.051 0.061 0.071 0.081 0.091 0.101 0.111
 0.121 0.131 0.141 0.152 0.162 0.172 0.182 0.192 0.202 0.212 0.222 0.232
 0.242 0.253 0.263 0.273 0.283 0.293 0.303 0.313 0.323 0.333 0.343 0.354
 0.364 0.374 0.384 0.394 0.404 0.414 0.424 0.434 0.444 0.455 0.465 0.475
 0.485 0.495 0.505 0.515 0.525 0.535 0.545 0.556 0.566 0.576 0.586 0.596
 0.606 0.616 0.626 0.636 0.646 0.657 0.667 0.677 0.687 0.697 0.707 0.717
 0.727 0.737 0.747 0.758 0.768 0.778 0.788 0.798 0.808 0.818 0.828 0.838
 0.848 0.859 0.869 0.879 0.889 0.899 0.909 0.919 0.929 0.939 0.949 0.96
 0.97  0.98  0.99  1.   ]","[ 0.009  0.007  0.006  0.005  0.004  0.002  0.001 -0.    -0.002 -0.003
 -0.004 -0.005 -0.007 -0.008 -0.009 -0.011 -0.012 -0.013 -0.014 -0.016
 -0.017 -0.018 -0.019 -0.021 -0.022 -0.023 -0.025 -0.026 -0.028 -0.03
 -0.034 -0.04  -0.047 -0.055 -0.062 -0.069 -0.074 -0.076 -0.078 -0.078
 -0.078 -0.078 -0.078 -0.078 -0.078 -0.078 -0.078 -0.078 -0.078 -0.079
 -0.08  -0.082 -0.087 -0.095 -0.106 -0.118 -0.13  -0.142 -0.152 -0.161
 -0.168 -0.174 -0.177 -0.178 -0.179 -0.179 -0.179 -0.179 -0.179 -0.179
 -0.179 -0.179 -0.179 -0.179 -0.179 -0.179 -0.179 -0.179 -0.18  -0.18
 -0.181 -0.183 -0.185 -0.188 -0.193 -0.198 -0.205 -0.212 -0.221 -0.231
 -0.243 -0.258 -0.277 -0.306 -0.349 -0.41  -0.493 -0.595 -0.713 -0.845]",-0.7489936044778143
Polyp,Contrast,0.08610205661760145,0.026377314814814812,"[0.    0.01  0.02  0.03  0.04  0.051 0.061 0.071 0.081 0.091 0.101 0.111
 0.121 0.131 0.141 0.152 0.162 0.172 0.182 0.192 0.202 0.212 0.222 0.232
 0.242 0.253 0.263 0.273 0.283 0.293 0.303 0.313 0.323 0.333 0.343 0.354
 0.364 0.374 0.384 0.394 0.404 0.414 0.424 0.434 0.444 0.455 0.465 0.475
 0.485 0.495 0.505 0.515 0.525 0.535 0.545 0.556 0.566 0.576 0.586 0.596
 0.606 0.616 0.626 0.636 0.646 0.657 0.667 0.677 0.687 0.697 0.707 0.717
 0.727 0.737 0.747 0.758 0.768 0.778 0.788 0.798 0.808 0.818 0.828 0.838
 0.848 0.859 0.869 0.879 0.889 0.899 0.909 0.919 0.929 0.939 0.949 0.96
 0.97  0.98  0.99  1.   ]","[ 0.017  0.015  0.014  0.012  0.011  0.01   0.008  0.007  0.006  0.004
  0.003  0.001  0.    -0.001 -0.003 -0.004 -0.005 -0.007 -0.008 -0.01
 -0.011 -0.012 -0.014 -0.015 -0.016 -0.018 -0.019 -0.021 -0.023 -0.026
 -0.03  -0.037 -0.046 -0.056 -0.067 -0.076 -0.084 -0.089 -0.093 -0.095
 -0.096 -0.097 -0.098 -0.098 -0.098 -0.098 -0.098 -0.098 -0.098 -0.098
 -0.099 -0.1   -0.103 -0.109 -0.116 -0.124 -0.134 -0.143 -0.152 -0.16
 -0.167 -0.172 -0.176 -0.177 -0.178 -0.178 -0.178 -0.178 -0.178 -0.178
 -0.178 -0.178 -0.178 -0.178 -0.178 -0.178 -0.178 -0.178 -0.179 -0.179
 -0.18  -0.182 -0.185 -0.188 -0.192 -0.198 -0.205 -0.212 -0.221 -0.231
 -0.243 -0.258 -0.277 -0.306 -0.349 -0.411 -0.493 -0.595 -0.713 -0.845]",-8.855803574694685
Polyp,Hue,0.10540707240518232,0.15708333333333327,"[0.    0.01  0.02  0.03  0.04  0.051 0.061 0.071 0.081 0.091 0.101 0.111
 0.121 0.131 0.141 0.152 0.162 0.172 0.182 0.192 0.202 0.212 0.222 0.232
 0.242 0.253 0.263 0.273 0.283 0.293 0.303 0.313 0.323 0.333 0.343 0.354
 0.364 0.374 0.384 0.394 0.404 0.414 0.424 0.434 0.444 0.455 0.465 0.475
 0.485 0.495 0.505 0.515 0.525 0.535 0.545 0.556 0.566 0.576 0.586 0.596
 0.606 0.616 0.626 0.636 0.646 0.657 0.667 0.677 0.687 0.697 0.707 0.717
 0.727 0.737 0.747 0.758 0.768 0.778 0.788 0.798 0.808 0.818 0.828 0.838
 0.848 0.859 0.869 0.879 0.889 0.899 0.909 0.919 0.929 0.939 0.949 0.96
 0.97  0.98  0.99  1.   ]","[-0.009 -0.01  -0.01  -0.01  -0.01  -0.011 -0.011 -0.011 -0.012 -0.012
 -0.012 -0.012 -0.013 -0.013 -0.013 -0.013 -0.014 -0.014 -0.014 -0.015
 -0.015 -0.015 -0.015 -0.016 -0.016 -0.016 -0.017 -0.017 -0.017 -0.019
 -0.021 -0.025 -0.031 -0.038 -0.046 -0.053 -0.058 -0.062 -0.064 -0.065
 -0.066 -0.067 -0.067 -0.067 -0.067 -0.067 -0.067 -0.067 -0.067 -0.067
 -0.067 -0.067 -0.067 -0.067 -0.067 -0.067 -0.067 -0.067 -0.068 -0.068
 -0.068 -0.07  -0.071 -0.074 -0.077 -0.081 -0.086 -0.091 -0.097 -0.102
 -0.108 -0.113 -0.118 -0.123 -0.129 -0.135 -0.142 -0.148 -0.154 -0.16
 -0.166 -0.172 -0.178 -0.185 -0.191 -0.198 -0.206 -0.214 -0.224 -0.234
 -0.246 -0.261 -0.28  -0.308 -0.351 -0.412 -0.494 -0.596 -0.713 -0.844]",-1.0235880500157117
Polyp,Multiplicative Noise,0.16022142743479306,0.6437499999999998,"[0.    0.01  0.02  0.03  0.04  0.051 0.061 0.071 0.081 0.091 0.101 0.111
 0.121 0.131 0.141 0.152 0.162 0.172 0.182 0.192 0.202 0.212 0.222 0.232
 0.242 0.253 0.263 0.273 0.283 0.293 0.303 0.313 0.323 0.333 0.343 0.354
 0.364 0.374 0.384 0.394 0.404 0.414 0.424 0.434 0.444 0.455 0.465 0.475
 0.485 0.495 0.505 0.515 0.525 0.535 0.545 0.556 0.566 0.576 0.586 0.596
 0.606 0.616 0.626 0.636 0.646 0.657 0.667 0.677 0.687 0.697 0.707 0.717
 0.727 0.737 0.747 0.758 0.768 0.778 0.788 0.798 0.808 0.818 0.828 0.838
 0.848 0.859 0.869 0.879 0.889 0.899 0.909 0.919 0.929 0.939 0.949 0.96
 0.97  0.98  0.99  1.   ]","[-0.013 -0.013 -0.014 -0.014 -0.014 -0.014 -0.014 -0.015 -0.015 -0.015
 -0.015 -0.016 -0.016 -0.016 -0.016 -0.016 -0.017 -0.017 -0.017 -0.017
 -0.017 -0.018 -0.018 -0.018 -0.018 -0.018 -0.019 -0.019 -0.019 -0.02
 -0.022 -0.026 -0.031 -0.038 -0.045 -0.051 -0.056 -0.059 -0.061 -0.062
 -0.062 -0.063 -0.063 -0.063 -0.063 -0.063 -0.063 -0.064 -0.065 -0.067
 -0.07  -0.074 -0.081 -0.09  -0.102 -0.115 -0.128 -0.142 -0.155 -0.166
 -0.175 -0.182 -0.186 -0.189 -0.189 -0.19  -0.19  -0.19  -0.19  -0.19
 -0.19  -0.19  -0.191 -0.192 -0.195 -0.199 -0.205 -0.212 -0.222 -0.234
 -0.247 -0.263 -0.28  -0.299 -0.319 -0.339 -0.359 -0.378 -0.397 -0.415
 -0.434 -0.453 -0.473 -0.499 -0.531 -0.574 -0.627 -0.692 -0.766 -0.848]",0.6876040273555739
Polyp,Additive Noise,0.20461073218921938,0.6148958333333331,"[0.    0.01  0.02  0.03  0.04  0.051 0.061 0.071 0.081 0.091 0.101 0.111
 0.121 0.131 0.141 0.152 0.162 0.172 0.182 0.192 0.202 0.212 0.222 0.232
 0.242 0.253 0.263 0.273 0.283 0.293 0.303 0.313 0.323 0.333 0.343 0.354
 0.364 0.374 0.384 0.394 0.404 0.414 0.424 0.434 0.444 0.455 0.465 0.475
 0.485 0.495 0.505 0.515 0.525 0.535 0.545 0.556 0.566 0.576 0.586 0.596
 0.606 0.616 0.626 0.636 0.646 0.657 0.667 0.677 0.687 0.697 0.707 0.717
 0.727 0.737 0.747 0.758 0.768 0.778 0.788 0.798 0.808 0.818 0.828 0.838
 0.848 0.859 0.869 0.879 0.889 0.899 0.909 0.919 0.929 0.939 0.949 0.96
 0.97  0.98  0.99  1.   ]","[ 0.    -0.    -0.001 -0.002 -0.002 -0.003 -0.003 -0.004 -0.005 -0.005
 -0.006 -0.007 -0.007 -0.008 -0.009 -0.009 -0.01  -0.011 -0.011 -0.012
 -0.013 -0.013 -0.014 -0.014 -0.015 -0.016 -0.016 -0.017 -0.018 -0.02
 -0.022 -0.027 -0.033 -0.04  -0.047 -0.053 -0.057 -0.06  -0.061 -0.061
 -0.062 -0.062 -0.062 -0.062 -0.062 -0.062 -0.062 -0.063 -0.064 -0.066
 -0.069 -0.074 -0.081 -0.09  -0.102 -0.115 -0.128 -0.142 -0.154 -0.165
 -0.174 -0.181 -0.185 -0.187 -0.188 -0.188 -0.188 -0.188 -0.188 -0.188
 -0.188 -0.188 -0.188 -0.188 -0.188 -0.188 -0.188 -0.188 -0.188 -0.189
 -0.189 -0.191 -0.195 -0.201 -0.21  -0.221 -0.235 -0.252 -0.273 -0.296
 -0.321 -0.349 -0.381 -0.42  -0.468 -0.529 -0.604 -0.691 -0.788 -0.893]",0.3207348164404198
Polyp,Salt+Pepper Noise,0.16035972930896192,0.9427083333333333,"[0.    0.01  0.02  0.03  0.04  0.051 0.061 0.071 0.081 0.091 0.101 0.111
 0.121 0.131 0.141 0.152 0.162 0.172 0.182 0.192 0.202 0.212 0.222 0.232
 0.242 0.253 0.263 0.273 0.283 0.293 0.303 0.313 0.323 0.333 0.343 0.354
 0.364 0.374 0.384 0.394 0.404 0.414 0.424 0.434 0.444 0.455 0.465 0.475
 0.485 0.495 0.505 0.515 0.525 0.535 0.545 0.556 0.566 0.576 0.586 0.596
 0.606 0.616 0.626 0.636 0.646 0.657 0.667 0.677 0.687 0.697 0.707 0.717
 0.727 0.737 0.747 0.758 0.768 0.778 0.788 0.798 0.808 0.818 0.828 0.838
 0.848 0.859 0.869 0.879 0.889 0.899 0.909 0.919 0.929 0.939 0.949 0.96
 0.97  0.98  0.99  1.   ]","[-0.008 -0.009 -0.009 -0.009 -0.01  -0.01  -0.01  -0.011 -0.011 -0.011
 -0.012 -0.012 -0.012 -0.013 -0.013 -0.013 -0.014 -0.014 -0.014 -0.015
 -0.015 -0.015 -0.016 -0.016 -0.016 -0.017 -0.017 -0.017 -0.018 -0.019
 -0.021 -0.025 -0.031 -0.038 -0.044 -0.051 -0.055 -0.058 -0.059 -0.06
 -0.06  -0.061 -0.061 -0.061 -0.061 -0.061 -0.061 -0.062 -0.064 -0.066
 -0.069 -0.074 -0.081 -0.091 -0.103 -0.115 -0.128 -0.14  -0.151 -0.16
 -0.168 -0.173 -0.177 -0.178 -0.179 -0.179 -0.179 -0.179 -0.179 -0.179
 -0.179 -0.179 -0.179 -0.179 -0.179 -0.179 -0.179 -0.18  -0.18  -0.181
 -0.183 -0.185 -0.188 -0.192 -0.198 -0.204 -0.212 -0.22  -0.229 -0.239
 -0.251 -0.264 -0.281 -0.305 -0.343 -0.396 -0.469 -0.56  -0.665 -0.782]",-180.90967747919473
Polyp,Smear,0.16022052391969385,0.15062499999999995,"[0.    0.01  0.02  0.03  0.04  0.051 0.061 0.071 0.081 0.091 0.101 0.111
 0.121 0.131 0.141 0.152 0.162 0.172 0.182 0.192 0.202 0.212 0.222 0.232
 0.242 0.253 0.263 0.273 0.283 0.293 0.303 0.313 0.323 0.333 0.343 0.354
 0.364 0.374 0.384 0.394 0.404 0.414 0.424 0.434 0.444 0.455 0.465 0.475
 0.485 0.495 0.505 0.515 0.525 0.535 0.545 0.556 0.566 0.576 0.586 0.596
 0.606 0.616 0.626 0.636 0.646 0.657 0.667 0.677 0.687 0.697 0.707 0.717
 0.727 0.737 0.747 0.758 0.768 0.778 0.788 0.798 0.808 0.818 0.828 0.838
 0.848 0.859 0.869 0.879 0.889 0.899 0.909 0.919 0.929 0.939 0.949 0.96
 0.97  0.98  0.99  1.   ]","[ 0.026  0.026  0.026  0.025  0.025  0.025  0.025  0.025  0.025  0.024
  0.024  0.024  0.024  0.024  0.024  0.023  0.023  0.023  0.023  0.023
  0.023  0.022  0.022  0.022  0.022  0.022  0.022  0.022  0.021  0.021
  0.021  0.021  0.021  0.02   0.019  0.017  0.015  0.012  0.009  0.004
 -0.    -0.004 -0.008 -0.011 -0.014 -0.018 -0.022 -0.028 -0.035 -0.044
 -0.054 -0.065 -0.078 -0.091 -0.105 -0.119 -0.132 -0.144 -0.155 -0.163
 -0.169 -0.173 -0.176 -0.178 -0.179 -0.179 -0.179 -0.179 -0.179 -0.179
 -0.179 -0.179 -0.179 -0.179 -0.18  -0.18  -0.18  -0.181 -0.182 -0.182
 -0.183 -0.185 -0.187 -0.191 -0.195 -0.201 -0.207 -0.214 -0.222 -0.231
 -0.242 -0.254 -0.272 -0.298 -0.339 -0.399 -0.483 -0.587 -0.708 -0.845]",-1.6980643930694446
Polyp,ind,0.021848403088806354,0.014999999999999958,"[0.    0.01  0.02  0.03  0.04  0.051 0.061 0.071 0.081 0.091 0.101 0.111
 0.121 0.131 0.141 0.152 0.162 0.172 0.182 0.192 0.202 0.212 0.222 0.232
 0.242 0.253 0.263 0.273 0.283 0.293 0.303 0.313 0.323 0.333 0.343 0.354
 0.364 0.374 0.384 0.394 0.404 0.414 0.424 0.434 0.444 0.455 0.465 0.475
 0.485 0.495 0.505 0.515 0.525 0.535 0.545 0.556 0.566 0.576 0.586 0.596
 0.606 0.616 0.626 0.636 0.646 0.657 0.667 0.677 0.687 0.697 0.707 0.717
 0.727 0.737 0.747 0.758 0.768 0.778 0.788 0.798 0.808 0.818 0.828 0.838
 0.848 0.859 0.869 0.879 0.889 0.899 0.909 0.919 0.929 0.939 0.949 0.96
 0.97  0.98  0.99  1.   ]","[-0.001 -0.001 -0.002 -0.003 -0.003 -0.004 -0.004 -0.005 -0.006 -0.006
 -0.007 -0.007 -0.008 -0.009 -0.009 -0.01  -0.01  -0.011 -0.012 -0.012
 -0.013 -0.013 -0.014 -0.015 -0.015 -0.016 -0.016 -0.017 -0.018 -0.019
 -0.022 -0.026 -0.032 -0.039 -0.046 -0.052 -0.056 -0.059 -0.06  -0.06
 -0.06  -0.061 -0.061 -0.061 -0.061 -0.061 -0.061 -0.062 -0.064 -0.066
 -0.069 -0.074 -0.081 -0.091 -0.103 -0.115 -0.128 -0.14  -0.151 -0.16
 -0.168 -0.173 -0.177 -0.178 -0.179 -0.179 -0.179 -0.179 -0.179 -0.179
 -0.179 -0.179 -0.179 -0.179 -0.179 -0.179 -0.179 -0.179 -0.18  -0.18
 -0.181 -0.183 -0.185 -0.188 -0.193 -0.198 -0.205 -0.212 -0.221 -0.231
 -0.243 -0.258 -0.277 -0.306 -0.349 -0.41  -0.493 -0.595 -0.713 -0.845]",-2.8547174383295575
