Dataset,feature_name,Threshold Method,OoD==f(x)=y,Performance Calibrated,shift_x,TPR,shift_y,TNR,balanced_accuracy
CCT,Energy,val_optimal,True,True,OoD Test,0.5790196404793608,ind_test,0.6644297542735043,0.6217246973764325
CCT,Energy,val_optimal,True,True,OoD Test,0.5790196404793608,ind_val,0.6436631944444444,0.6113414174619026
CCT,Energy,val_optimal,True,True,OoD Val,0.5639980026631158,ind_test,0.6644297542735043,0.61421387846831
CCT,Energy,val_optimal,True,True,OoD Val,0.5639980026631158,ind_val,0.6436631944444444,0.6038305985537802
CCT,Energy,val_optimal,True,True,brightness,0.49068509615384615,ind_test,0.6644297542735043,0.5775574252136753
CCT,Energy,val_optimal,True,True,brightness,0.49068509615384615,ind_val,0.6436631944444444,0.5671741452991452
CCT,Energy,val_optimal,True,True,contrast,0.6727764423076923,ind_test,0.6644297542735043,0.6686030982905983
CCT,Energy,val_optimal,True,True,contrast,0.6727764423076923,ind_val,0.6436631944444444,0.6582198183760684
CCT,Energy,val_optimal,True,True,hue,0.5420673076923077,ind_test,0.6644297542735043,0.603248530982906
CCT,Energy,val_optimal,True,True,hue,0.5420673076923077,ind_val,0.6436631944444444,0.5928652510683761
CCT,Energy,val_optimal,True,True,multnoise,0.3993389423076923,ind_test,0.6644297542735043,0.5318843482905983
CCT,Energy,val_optimal,True,True,multnoise,0.3993389423076923,ind_val,0.6436631944444444,0.5215010683760684
CCT,Energy,val_optimal,True,True,noise,0.34915865384615385,ind_test,0.6644297542735043,0.506794204059829
CCT,Energy,val_optimal,True,True,noise,0.34915865384615385,ind_val,0.6436631944444444,0.49641092414529914
CCT,Energy,val_optimal,True,True,saltpepper,0.19260817307692307,ind_test,0.6644297542735043,0.4285189636752137
CCT,Energy,val_optimal,True,True,saltpepper,0.19260817307692307,ind_val,0.6436631944444444,0.4181356837606838
CCT,Energy,val_optimal,True,True,smear,0.5180288461538461,ind_test,0.6644297542735043,0.5912293002136753
CCT,Energy,val_optimal,True,True,smear,0.5180288461538461,ind_val,0.6436631944444444,0.5808460202991452
CCT,Entropy,val_optimal,True,True,OoD Test,0.6113931424766977,ind_test,0.476295405982906,0.5438442742298019
CCT,Entropy,val_optimal,True,True,OoD Test,0.6113931424766977,ind_val,0.4724893162393162,0.541941229358007
CCT,Entropy,val_optimal,True,True,OoD Val,0.6057340213049268,ind_test,0.476295405982906,0.5410147136439164
CCT,Entropy,val_optimal,True,True,OoD Val,0.6057340213049268,ind_val,0.4724893162393162,0.5391116687721216
CCT,Entropy,val_optimal,True,True,brightness,0.4423076923076923,ind_test,0.476295405982906,0.45930154914529914
CCT,Entropy,val_optimal,True,True,brightness,0.4423076923076923,ind_val,0.4724893162393162,0.45739850427350426
CCT,Entropy,val_optimal,True,True,contrast,0.4795673076923077,ind_test,0.476295405982906,0.47793135683760685
CCT,Entropy,val_optimal,True,True,contrast,0.4795673076923077,ind_val,0.4724893162393162,0.47602831196581197
CCT,Entropy,val_optimal,True,True,hue,0.4831730769230769,ind_test,0.476295405982906,0.4797342414529915
CCT,Entropy,val_optimal,True,True,hue,0.4831730769230769,ind_val,0.4724893162393162,0.47783119658119655
CCT,Entropy,val_optimal,True,True,multnoise,0.4308894230769231,ind_test,0.476295405982906,0.4535924145299145
CCT,Entropy,val_optimal,True,True,multnoise,0.4308894230769231,ind_val,0.4724893162393162,0.4516893696581197
CCT,Entropy,val_optimal,True,True,noise,0.32271634615384615,ind_test,0.476295405982906,0.39950587606837606
CCT,Entropy,val_optimal,True,True,noise,0.32271634615384615,ind_val,0.4724893162393162,0.3976028311965812
CCT,Entropy,val_optimal,True,True,saltpepper,0.4248798076923077,ind_test,0.476295405982906,0.45058760683760685
CCT,Entropy,val_optimal,True,True,saltpepper,0.4248798076923077,ind_val,0.4724893162393162,0.44868456196581197
CCT,Entropy,val_optimal,True,True,smear,0.4579326923076923,ind_test,0.476295405982906,0.46711404914529914
CCT,Entropy,val_optimal,True,True,smear,0.4579326923076923,ind_val,0.4724893162393162,0.46521100427350426
CCT,GradNorm,val_optimal,True,True,OoD Test,0.5978695073235686,ind_test,0.36798878205128205,0.4829291446874253
CCT,GradNorm,val_optimal,True,True,OoD Test,0.5978695073235686,ind_val,0.37479967948717946,0.486334593405374
CCT,GradNorm,val_optimal,True,True,OoD Val,0.5835968708388815,ind_test,0.36798878205128205,0.47579282644508175
CCT,GradNorm,val_optimal,True,True,OoD Val,0.5835968708388815,ind_val,0.37479967948717946,0.4791982751630305
CCT,GradNorm,val_optimal,True,True,brightness,0.43509615384615385,ind_test,0.36798878205128205,0.40154246794871795
CCT,GradNorm,val_optimal,True,True,brightness,0.43509615384615385,ind_val,0.37479967948717946,0.40494791666666663
CCT,GradNorm,val_optimal,True,True,contrast,0.38131009615384615,ind_test,0.36798878205128205,0.3746494391025641
CCT,GradNorm,val_optimal,True,True,contrast,0.38131009615384615,ind_val,0.37479967948717946,0.3780548878205128
CCT,GradNorm,val_optimal,True,True,hue,0.48197115384615385,ind_test,0.36798878205128205,0.42497996794871795
CCT,GradNorm,val_optimal,True,True,hue,0.48197115384615385,ind_val,0.37479967948717946,0.42838541666666663
CCT,GradNorm,val_optimal,True,True,multnoise,0.7490985576923077,ind_test,0.36798878205128205,0.5585436698717949
CCT,GradNorm,val_optimal,True,True,multnoise,0.7490985576923077,ind_val,0.37479967948717946,0.5619491185897436
CCT,GradNorm,val_optimal,True,True,noise,0.6313100961538461,ind_test,0.36798878205128205,0.4996494391025641
CCT,GradNorm,val_optimal,True,True,noise,0.6313100961538461,ind_val,0.37479967948717946,0.5030548878205128
CCT,GradNorm,val_optimal,True,True,saltpepper,0.9146634615384616,ind_test,0.36798878205128205,0.6413261217948718
CCT,GradNorm,val_optimal,True,True,saltpepper,0.9146634615384616,ind_val,0.37479967948717946,0.6447315705128205
CCT,GradNorm,val_optimal,True,True,smear,0.3897235576923077,ind_test,0.36798878205128205,0.3788561698717949
CCT,GradNorm,val_optimal,True,True,smear,0.3897235576923077,ind_val,0.37479967948717946,0.3822616185897436
CCT,Typicality,val_optimal,True,True,OoD Test,0.5477696404793608,ind_test,0.5158253205128205,0.5317974804960907
CCT,Typicality,val_optimal,True,True,OoD Test,0.5477696404793608,ind_val,0.5058092948717948,0.5267894676755778
CCT,Typicality,val_optimal,True,True,OoD Val,0.5537616511318242,ind_test,0.5158253205128205,0.5347934858223223
CCT,Typicality,val_optimal,True,True,OoD Val,0.5537616511318242,ind_val,0.5058092948717948,0.5297854730018094
CCT,Typicality,val_optimal,True,True,brightness,0.49399038461538464,ind_test,0.5158253205128205,0.5049078525641025
CCT,Typicality,val_optimal,True,True,brightness,0.49399038461538464,ind_val,0.5058092948717948,0.49989983974358976
CCT,Typicality,val_optimal,True,True,contrast,0.5114182692307693,ind_test,0.5158253205128205,0.5136217948717949
CCT,Typicality,val_optimal,True,True,contrast,0.5114182692307693,ind_val,0.5058092948717948,0.508613782051282
CCT,Typicality,val_optimal,True,True,hue,0.48888221153846156,ind_test,0.5158253205128205,0.502353766025641
CCT,Typicality,val_optimal,True,True,hue,0.48888221153846156,ind_val,0.5058092948717948,0.4973457532051282
CCT,Typicality,val_optimal,True,True,multnoise,0.24459134615384615,ind_test,0.5158253205128205,0.3802083333333333
CCT,Typicality,val_optimal,True,True,multnoise,0.24459134615384615,ind_val,0.5058092948717948,0.3752003205128205
CCT,Typicality,val_optimal,True,True,noise,0.17487980769230768,ind_test,0.5158253205128205,0.3453525641025641
CCT,Typicality,val_optimal,True,True,noise,0.17487980769230768,ind_val,0.5058092948717948,0.34034455128205127
CCT,Typicality,val_optimal,True,True,saltpepper,0.08533653846153846,ind_test,0.5158253205128205,0.30058092948717946
CCT,Typicality,val_optimal,True,True,saltpepper,0.08533653846153846,ind_val,0.5058092948717948,0.29557291666666663
CCT,Typicality,val_optimal,True,True,smear,0.5730168269230769,ind_test,0.5158253205128205,0.5444210737179487
CCT,Typicality,val_optimal,True,True,smear,0.5730168269230769,ind_val,0.5058092948717948,0.5394130608974359
NICO,Energy,val_optimal,True,True,autumn,0.602384403280543,ind_test,0.7140135327635327,0.6581989680220379
NICO,Energy,val_optimal,True,True,autumn,0.602384403280543,ind_val,0.7121616809116809,0.6572730420961119
NICO,Energy,val_optimal,True,True,brightness,0.7469551282051282,ind_test,0.7140135327635327,0.7304843304843305
NICO,Energy,val_optimal,True,True,brightness,0.7469551282051282,ind_val,0.7121616809116809,0.7295584045584045
NICO,Energy,val_optimal,True,True,contrast,0.7176282051282051,ind_test,0.7140135327635327,0.7158208689458689
NICO,Energy,val_optimal,True,True,contrast,0.7176282051282051,ind_val,0.7121616809116809,0.7148949430199429
NICO,Energy,val_optimal,True,True,grass,0.6247769242706394,ind_test,0.7140135327635327,0.6693952285170861
NICO,Energy,val_optimal,True,True,grass,0.6247769242706394,ind_val,0.7121616809116809,0.6684693025911601
NICO,Energy,val_optimal,True,True,hue,0.5121794871794871,ind_test,0.7140135327635327,0.61309650997151
NICO,Energy,val_optimal,True,True,hue,0.5121794871794871,ind_val,0.7121616809116809,0.612170584045584
NICO,Energy,val_optimal,True,True,multnoise,0.28525641025641024,ind_test,0.7140135327635327,0.4996349715099715
NICO,Energy,val_optimal,True,True,multnoise,0.28525641025641024,ind_val,0.7121616809116809,0.49870904558404555
NICO,Energy,val_optimal,True,True,noise,0.13557692307692307,ind_test,0.7140135327635327,0.4247952279202279
NICO,Energy,val_optimal,True,True,noise,0.13557692307692307,ind_val,0.7121616809116809,0.42386930199430195
NICO,Energy,val_optimal,True,True,outdoor,0.5502932177460479,ind_test,0.7140135327635327,0.6321533752547903
NICO,Energy,val_optimal,True,True,outdoor,0.5502932177460479,ind_val,0.7121616809116809,0.6312274493288643
NICO,Energy,val_optimal,True,True,rock,0.6048882866208355,ind_test,0.7140135327635327,0.6594509096921841
NICO,Energy,val_optimal,True,True,rock,0.6048882866208355,ind_val,0.7121616809116809,0.6585249837662581
NICO,Energy,val_optimal,True,True,saltpepper,0.011217948717948718,ind_test,0.7140135327635327,0.3626157407407407
NICO,Energy,val_optimal,True,True,saltpepper,0.011217948717948718,ind_val,0.7121616809116809,0.36168981481481477
NICO,Energy,val_optimal,True,True,smear,0.6799679487179487,ind_test,0.7140135327635327,0.6969907407407407
NICO,Energy,val_optimal,True,True,smear,0.6799679487179487,ind_val,0.7121616809116809,0.6960648148148147
NICO,Energy,val_optimal,True,True,water,0.5592844790315608,ind_test,0.7140135327635327,0.6366490058975467
NICO,Energy,val_optimal,True,True,water,0.5592844790315608,ind_val,0.7121616809116809,0.6357230799716208
NICO,Entropy,val_optimal,True,True,autumn,0.6982819570135747,ind_test,0.7826923076923077,0.7404871323529412
NICO,Entropy,val_optimal,True,True,autumn,0.6982819570135747,ind_val,0.7865562678062679,0.7424191124099213
NICO,Entropy,val_optimal,True,True,brightness,0.6831730769230769,ind_test,0.7826923076923077,0.7329326923076923
NICO,Entropy,val_optimal,True,True,brightness,0.6831730769230769,ind_val,0.7865562678062679,0.7348646723646723
NICO,Entropy,val_optimal,True,True,contrast,0.8006410256410257,ind_test,0.7826923076923077,0.7916666666666667
NICO,Entropy,val_optimal,True,True,contrast,0.8006410256410257,ind_val,0.7865562678062679,0.7935986467236468
NICO,Entropy,val_optimal,True,True,grass,0.6672970980757293,ind_test,0.7826923076923077,0.7249947028840185
NICO,Entropy,val_optimal,True,True,grass,0.6672970980757293,ind_val,0.7865562678062679,0.7269266829409986
NICO,Entropy,val_optimal,True,True,hue,0.502724358974359,ind_test,0.7826923076923077,0.6427083333333333
NICO,Entropy,val_optimal,True,True,hue,0.502724358974359,ind_val,0.7865562678062679,0.6446403133903134
NICO,Entropy,val_optimal,True,True,multnoise,0.7121794871794872,ind_test,0.7826923076923077,0.7474358974358974
NICO,Entropy,val_optimal,True,True,multnoise,0.7121794871794872,ind_val,0.7865562678062679,0.7493678774928776
NICO,Entropy,val_optimal,True,True,noise,0.7439102564102564,ind_test,0.7826923076923077,0.7633012820512821
NICO,Entropy,val_optimal,True,True,noise,0.7439102564102564,ind_val,0.7865562678062679,0.7652332621082621
NICO,Entropy,val_optimal,True,True,outdoor,0.6670464686384497,ind_test,0.7826923076923077,0.7248693881653787
NICO,Entropy,val_optimal,True,True,outdoor,0.6670464686384497,ind_val,0.7865562678062679,0.7268013682223589
NICO,Entropy,val_optimal,True,True,rock,0.6975228053939715,ind_test,0.7826923076923077,0.7401075565431396
NICO,Entropy,val_optimal,True,True,rock,0.6975228053939715,ind_val,0.7865562678062679,0.7420395366001197
NICO,Entropy,val_optimal,True,True,saltpepper,0.31490384615384615,ind_test,0.7826923076923077,0.5487980769230769
NICO,Entropy,val_optimal,True,True,saltpepper,0.31490384615384615,ind_val,0.7865562678062679,0.5507300569800571
NICO,Entropy,val_optimal,True,True,smear,0.6198717948717949,ind_test,0.7826923076923077,0.7012820512820512
NICO,Entropy,val_optimal,True,True,smear,0.6198717948717949,ind_val,0.7865562678062679,0.7032140313390314
NICO,Entropy,val_optimal,True,True,water,0.650906560743623,ind_test,0.7826923076923077,0.7167994342179653
NICO,Entropy,val_optimal,True,True,water,0.650906560743623,ind_val,0.7865562678062679,0.7187314142749455
NICO,GradNorm,val_optimal,True,True,autumn,0.6667845022624435,ind_test,0.7746438746438746,0.720714188453159
NICO,GradNorm,val_optimal,True,True,autumn,0.6667845022624435,ind_val,0.7711182336182336,0.7189513679403385
NICO,GradNorm,val_optimal,True,True,brightness,0.7786858974358974,ind_test,0.7746438746438746,0.776664886039886
NICO,GradNorm,val_optimal,True,True,brightness,0.7786858974358974,ind_val,0.7711182336182336,0.7749020655270655
NICO,GradNorm,val_optimal,True,True,contrast,0.7966346153846153,ind_test,0.7746438746438746,0.785639245014245
NICO,GradNorm,val_optimal,True,True,contrast,0.7966346153846153,ind_val,0.7711182336182336,0.7838764245014245
NICO,GradNorm,val_optimal,True,True,grass,0.6474724549968963,ind_test,0.7746438746438746,0.7110581648203855
NICO,GradNorm,val_optimal,True,True,grass,0.6474724549968963,ind_val,0.7711182336182336,0.7092953443075649
NICO,GradNorm,val_optimal,True,True,hue,0.5017628205128205,ind_test,0.7746438746438746,0.6382033475783475
NICO,GradNorm,val_optimal,True,True,hue,0.5017628205128205,ind_val,0.7711182336182336,0.6364405270655271
NICO,GradNorm,val_optimal,True,True,multnoise,0.857051282051282,ind_test,0.7746438746438746,0.8158475783475783
NICO,GradNorm,val_optimal,True,True,multnoise,0.857051282051282,ind_val,0.7711182336182336,0.8140847578347579
NICO,GradNorm,val_optimal,True,True,noise,0.9399038461538461,ind_test,0.7746438746438746,0.8572738603988603
NICO,GradNorm,val_optimal,True,True,noise,0.9399038461538461,ind_val,0.7711182336182336,0.8555110398860399
NICO,GradNorm,val_optimal,True,True,outdoor,0.6772692503824579,ind_test,0.7746438746438746,0.7259565625131663
NICO,GradNorm,val_optimal,True,True,outdoor,0.6772692503824579,ind_val,0.7711182336182336,0.7241937420003457
NICO,GradNorm,val_optimal,True,True,rock,0.6674709148598625,ind_test,0.7746438746438746,0.7210573947518686
NICO,GradNorm,val_optimal,True,True,rock,0.6674709148598625,ind_val,0.7711182336182336,0.7192945742390481
NICO,GradNorm,val_optimal,True,True,saltpepper,0.9887820512820513,ind_test,0.7746438746438746,0.881712962962963
NICO,GradNorm,val_optimal,True,True,saltpepper,0.9887820512820513,ind_val,0.7711182336182336,0.8799501424501425
NICO,GradNorm,val_optimal,True,True,smear,0.7357371794871795,ind_test,0.7746438746438746,0.755190527065527
NICO,GradNorm,val_optimal,True,True,smear,0.7357371794871795,ind_val,0.7711182336182336,0.7534277065527066
NICO,GradNorm,val_optimal,True,True,water,0.6606139213143104,ind_test,0.7746438746438746,0.7176288979790926
NICO,GradNorm,val_optimal,True,True,water,0.6606139213143104,ind_val,0.7711182336182336,0.715866077466272
NICO,Typicality,val_optimal,True,True,autumn,0.6271298783936652,ind_test,0.33386752136752135,0.48049869988059324
NICO,Typicality,val_optimal,True,True,autumn,0.6271298783936652,ind_val,0.3370904558404558,0.4821101671170605
NICO,Typicality,val_optimal,True,True,brightness,0.48862179487179486,ind_test,0.33386752136752135,0.4112446581196581
NICO,Typicality,val_optimal,True,True,brightness,0.48862179487179486,ind_val,0.3370904558404558,0.41285612535612537
NICO,Typicality,val_optimal,True,True,contrast,0.3128205128205128,ind_test,0.33386752136752135,0.32334401709401706
NICO,Typicality,val_optimal,True,True,contrast,0.3128205128205128,ind_val,0.3370904558404558,0.3249554843304843
NICO,Typicality,val_optimal,True,True,grass,0.6381905648665426,ind_test,0.33386752136752135,0.486029043117032
NICO,Typicality,val_optimal,True,True,grass,0.6381905648665426,ind_val,0.3370904558404558,0.4876405103534992
NICO,Typicality,val_optimal,True,True,hue,0.5184294871794872,ind_test,0.33386752136752135,0.42614850427350426
NICO,Typicality,val_optimal,True,True,hue,0.5184294871794872,ind_val,0.3370904558404558,0.4277599715099715
NICO,Typicality,val_optimal,True,True,multnoise,0.7371794871794872,ind_test,0.33386752136752135,0.5355235042735043
NICO,Typicality,val_optimal,True,True,multnoise,0.7371794871794872,ind_val,0.3370904558404558,0.5371349715099716
NICO,Typicality,val_optimal,True,True,noise,0.764102564102564,ind_test,0.33386752136752135,0.5489850427350427
NICO,Typicality,val_optimal,True,True,noise,0.764102564102564,ind_val,0.3370904558404558,0.55059650997151
NICO,Typicality,val_optimal,True,True,outdoor,0.6330634880163182,ind_test,0.33386752136752135,0.48346550469191973
NICO,Typicality,val_optimal,True,True,outdoor,0.6330634880163182,ind_val,0.3370904558404558,0.485076971928387
NICO,Typicality,val_optimal,True,True,rock,0.6093667371760974,ind_test,0.33386752136752135,0.4716171292718093
NICO,Typicality,val_optimal,True,True,rock,0.6093667371760974,ind_val,0.3370904558404558,0.4732285965082766
NICO,Typicality,val_optimal,True,True,saltpepper,0.7932692307692307,ind_test,0.33386752136752135,0.5635683760683761
NICO,Typicality,val_optimal,True,True,saltpepper,0.7932692307692307,ind_val,0.3370904558404558,0.5651798433048433
NICO,Typicality,val_optimal,True,True,smear,0.36714743589743587,ind_test,0.33386752136752135,0.3505074786324786
NICO,Typicality,val_optimal,True,True,smear,0.36714743589743587,ind_val,0.3370904558404558,0.3521189458689459
NICO,Typicality,val_optimal,True,True,water,0.619251242974492,ind_test,0.33386752136752135,0.4765593821710067
NICO,Typicality,val_optimal,True,True,water,0.619251242974492,ind_val,0.3370904558404558,0.4781708494074739
NICO,kNN,val_optimal,True,True,autumn,0.7002527573529411,ind_test,0.5312143874643874,0.6157335724086643
NICO,kNN,val_optimal,True,True,autumn,0.7002527573529411,ind_val,0.5335826210826211,0.6169176892177811
NICO,kNN,val_optimal,True,True,brightness,0.5568910256410257,ind_test,0.5312143874643874,0.5440527065527065
NICO,kNN,val_optimal,True,True,brightness,0.5568910256410257,ind_val,0.5335826210826211,0.5452368233618234
NICO,kNN,val_optimal,True,True,contrast,0.5358974358974359,ind_test,0.5312143874643874,0.5335559116809117
NICO,kNN,val_optimal,True,True,contrast,0.5358974358974359,ind_val,0.5335826210826211,0.5347400284900286
NICO,kNN,val_optimal,True,True,grass,0.690012026691496,ind_test,0.5312143874643874,0.6106132070779418
NICO,kNN,val_optimal,True,True,grass,0.690012026691496,ind_val,0.5335826210826211,0.6117973238870585
NICO,kNN,val_optimal,True,True,hue,0.5142628205128205,ind_test,0.5312143874643874,0.522738603988604
NICO,kNN,val_optimal,True,True,hue,0.5142628205128205,ind_val,0.5335826210826211,0.5239227207977208
NICO,kNN,val_optimal,True,True,multnoise,0.8551282051282051,ind_test,0.5312143874643874,0.6931712962962963
NICO,kNN,val_optimal,True,True,multnoise,0.8551282051282051,ind_val,0.5335826210826211,0.694355413105413
NICO,kNN,val_optimal,True,True,noise,0.9399038461538461,ind_test,0.5312143874643874,0.7355591168091168
NICO,kNN,val_optimal,True,True,noise,0.9399038461538461,ind_val,0.5335826210826211,0.7367432336182336
NICO,kNN,val_optimal,True,True,outdoor,0.674472526772055,ind_test,0.5312143874643874,0.6028434571182213
NICO,kNN,val_optimal,True,True,outdoor,0.674472526772055,ind_val,0.5335826210826211,0.6040275739273381
NICO,kNN,val_optimal,True,True,rock,0.6907142384981492,ind_test,0.5312143874643874,0.6109643129812683
NICO,kNN,val_optimal,True,True,rock,0.6907142384981492,ind_val,0.5335826210826211,0.6121484297903852
NICO,kNN,val_optimal,True,True,saltpepper,0.9887820512820513,ind_test,0.5312143874643874,0.7599982193732193
NICO,kNN,val_optimal,True,True,saltpepper,0.9887820512820513,ind_val,0.5335826210826211,0.7611823361823362
NICO,kNN,val_optimal,True,True,smear,0.5455128205128205,ind_test,0.5312143874643874,0.538363603988604
NICO,kNN,val_optimal,True,True,smear,0.5455128205128205,ind_val,0.5335826210826211,0.5395477207977208
NICO,kNN,val_optimal,True,True,water,0.6619312040639862,ind_test,0.5312143874643874,0.5965727957641869
NICO,kNN,val_optimal,True,True,water,0.6619312040639862,ind_val,0.5335826210826211,0.5977569125733037
Office31,Energy,val_optimal,True,True,brightness,0.6764705882352942,ind_test,0.46078431372549017,0.5686274509803921
Office31,Energy,val_optimal,True,True,brightness,0.6764705882352942,ind_val,0.491625816993464,0.5840482026143791
Office31,Energy,val_optimal,True,True,contrast,0.4577205882352941,ind_test,0.46078431372549017,0.45925245098039214
Office31,Energy,val_optimal,True,True,contrast,0.4577205882352941,ind_val,0.491625816993464,0.47467320261437906
Office31,Energy,val_optimal,True,True,dslr,0.8568548387096774,ind_test,0.46078431372549017,0.6588195762175838
Office31,Energy,val_optimal,True,True,dslr,0.8568548387096774,ind_val,0.491625816993464,0.6742403278515707
Office31,Energy,val_optimal,True,True,hue,0.4540441176470588,ind_test,0.46078431372549017,0.4574142156862745
Office31,Energy,val_optimal,True,True,hue,0.4540441176470588,ind_val,0.491625816993464,0.4728349673202614
Office31,Energy,val_optimal,True,True,multnoise,0.6305147058823529,ind_test,0.46078431372549017,0.5456495098039216
Office31,Energy,val_optimal,True,True,multnoise,0.6305147058823529,ind_val,0.491625816993464,0.5610702614379085
Office31,Energy,val_optimal,True,True,noise,0.6783088235294118,ind_test,0.46078431372549017,0.569546568627451
Office31,Energy,val_optimal,True,True,noise,0.6783088235294118,ind_val,0.491625816993464,0.5849673202614379
Office31,Energy,val_optimal,True,True,saltpepper,0.5459558823529411,ind_test,0.46078431372549017,0.5033700980392156
Office31,Energy,val_optimal,True,True,saltpepper,0.5459558823529411,ind_val,0.491625816993464,0.5187908496732025
Office31,Energy,val_optimal,True,True,smear,0.5110294117647058,ind_test,0.46078431372549017,0.485906862745098
Office31,Energy,val_optimal,True,True,smear,0.5110294117647058,ind_val,0.491625816993464,0.5013276143790849
Office31,Energy,val_optimal,True,True,webcam,0.6658163265306123,ind_test,0.46078431372549017,0.5633003201280512
Office31,Energy,val_optimal,True,True,webcam,0.6658163265306123,ind_val,0.491625816993464,0.5787210717620381
Office31,Entropy,val_optimal,True,True,brightness,0.7003676470588235,ind_test,0.47038398692810457,0.585375816993464
Office31,Entropy,val_optimal,True,True,brightness,0.7003676470588235,ind_val,0.5118464052287581,0.6061070261437909
Office31,Entropy,val_optimal,True,True,contrast,0.42830882352941174,ind_test,0.47038398692810457,0.44934640522875813
Office31,Entropy,val_optimal,True,True,contrast,0.42830882352941174,ind_val,0.5118464052287581,0.4700776143790849
Office31,Entropy,val_optimal,True,True,dslr,0.8951612903225806,ind_test,0.47038398692810457,0.6827726386253425
Office31,Entropy,val_optimal,True,True,dslr,0.8951612903225806,ind_val,0.5118464052287581,0.7035038477756694
Office31,Entropy,val_optimal,True,True,hue,0.4963235294117647,ind_test,0.47038398692810457,0.48335375816993464
Office31,Entropy,val_optimal,True,True,hue,0.4963235294117647,ind_val,0.5118464052287581,0.5040849673202614
Office31,Entropy,val_optimal,True,True,multnoise,0.875,ind_test,0.47038398692810457,0.6726919934640523
Office31,Entropy,val_optimal,True,True,multnoise,0.875,ind_val,0.5118464052287581,0.6934232026143791
Office31,Entropy,val_optimal,True,True,noise,0.6875,ind_test,0.47038398692810457,0.5789419934640523
Office31,Entropy,val_optimal,True,True,noise,0.6875,ind_val,0.5118464052287581,0.5996732026143791
Office31,Entropy,val_optimal,True,True,saltpepper,0.9338235294117647,ind_test,0.47038398692810457,0.7021037581699346
Office31,Entropy,val_optimal,True,True,saltpepper,0.9338235294117647,ind_val,0.5118464052287581,0.7228349673202614
Office31,Entropy,val_optimal,True,True,smear,0.5349264705882353,ind_test,0.47038398692810457,0.5026552287581699
Office31,Entropy,val_optimal,True,True,smear,0.5349264705882353,ind_val,0.5118464052287581,0.5233864379084967
Office31,Entropy,val_optimal,True,True,webcam,0.7257653061224489,ind_test,0.47038398692810457,0.5980746465252768
Office31,Entropy,val_optimal,True,True,webcam,0.7257653061224489,ind_val,0.5118464052287581,0.6188058556756035
Office31,GradNorm,val_optimal,True,True,brightness,0.7150735294117647,ind_test,0.522671568627451,0.6188725490196079
Office31,GradNorm,val_optimal,True,True,brightness,0.7150735294117647,ind_val,0.5053104575163399,0.6101919934640523
Office31,GradNorm,val_optimal,True,True,contrast,0.5330882352941176,ind_test,0.522671568627451,0.5278799019607843
Office31,GradNorm,val_optimal,True,True,contrast,0.5330882352941176,ind_val,0.5053104575163399,0.5191993464052287
Office31,GradNorm,val_optimal,True,True,dslr,0.561491935483871,ind_test,0.522671568627451,0.542081752055661
Office31,GradNorm,val_optimal,True,True,dslr,0.561491935483871,ind_val,0.5053104575163399,0.5334011965001054
Office31,GradNorm,val_optimal,True,True,hue,0.5,ind_test,0.522671568627451,0.5113357843137255
Office31,GradNorm,val_optimal,True,True,hue,0.5,ind_val,0.5053104575163399,0.5026552287581699
Office31,GradNorm,val_optimal,True,True,multnoise,0.3069852941176471,ind_test,0.522671568627451,0.41482843137254904
Office31,GradNorm,val_optimal,True,True,multnoise,0.3069852941176471,ind_val,0.5053104575163399,0.40614787581699346
Office31,GradNorm,val_optimal,True,True,noise,0.3584558823529412,ind_test,0.522671568627451,0.44056372549019607
Office31,GradNorm,val_optimal,True,True,noise,0.3584558823529412,ind_val,0.5053104575163399,0.4318831699346405
Office31,GradNorm,val_optimal,True,True,saltpepper,0.15257352941176472,ind_test,0.522671568627451,0.33762254901960786
Office31,GradNorm,val_optimal,True,True,saltpepper,0.15257352941176472,ind_val,0.5053104575163399,0.3289419934640523
Office31,GradNorm,val_optimal,True,True,smear,0.49080882352941174,ind_test,0.522671568627451,0.5067401960784313
Office31,GradNorm,val_optimal,True,True,smear,0.49080882352941174,ind_val,0.5053104575163399,0.49805964052287577
Office31,GradNorm,val_optimal,True,True,webcam,0.48533163265306123,ind_test,0.522671568627451,0.5040016006402561
Office31,GradNorm,val_optimal,True,True,webcam,0.48533163265306123,ind_val,0.5053104575163399,0.49532104508470054
Office31,Typicality,val_optimal,True,True,brightness,0.9522058823529411,ind_test,0.40032679738562094,0.676266339869281
Office31,Typicality,val_optimal,True,True,brightness,0.9522058823529411,ind_val,0.44607843137254904,0.6991421568627451
Office31,Typicality,val_optimal,True,True,contrast,0.40441176470588236,ind_test,0.40032679738562094,0.40236928104575165
Office31,Typicality,val_optimal,True,True,contrast,0.40441176470588236,ind_val,0.44607843137254904,0.42524509803921573
Office31,Typicality,val_optimal,True,True,dslr,0.9465725806451613,ind_test,0.40032679738562094,0.6734496890153912
Office31,Typicality,val_optimal,True,True,dslr,0.9465725806451613,ind_val,0.44607843137254904,0.6963255060088551
Office31,Typicality,val_optimal,True,True,hue,0.40625,ind_test,0.40032679738562094,0.40328839869281047
Office31,Typicality,val_optimal,True,True,hue,0.40625,ind_val,0.44607843137254904,0.4261642156862745
Office31,Typicality,val_optimal,True,True,multnoise,0.9485294117647058,ind_test,0.40032679738562094,0.6744281045751634
Office31,Typicality,val_optimal,True,True,multnoise,0.9485294117647058,ind_val,0.44607843137254904,0.6973039215686274
Office31,Typicality,val_optimal,True,True,noise,0.7683823529411765,ind_test,0.40032679738562094,0.5843545751633987
Office31,Typicality,val_optimal,True,True,noise,0.7683823529411765,ind_val,0.44607843137254904,0.6072303921568628
Office31,Typicality,val_optimal,True,True,saltpepper,0.9632352941176471,ind_test,0.40032679738562094,0.681781045751634
Office31,Typicality,val_optimal,True,True,saltpepper,0.9632352941176471,ind_val,0.44607843137254904,0.7046568627450981
Office31,Typicality,val_optimal,True,True,smear,0.3290441176470588,ind_test,0.40032679738562094,0.36468545751633985
Office31,Typicality,val_optimal,True,True,smear,0.3290441176470588,ind_val,0.44607843137254904,0.38756127450980393
Office31,Typicality,val_optimal,True,True,webcam,0.3832908163265306,ind_test,0.40032679738562094,0.3918088068560758
Office31,Typicality,val_optimal,True,True,webcam,0.3832908163265306,ind_val,0.44607843137254904,0.41468462384953986
Office31,kNN,val_optimal,True,True,brightness,0.7426470588235294,ind_test,0.5584150326797386,0.650531045751634
Office31,kNN,val_optimal,True,True,brightness,0.7426470588235294,ind_val,0.5359477124183006,0.639297385620915
Office31,kNN,val_optimal,True,True,contrast,0.5698529411764706,ind_test,0.5584150326797386,0.5641339869281046
Office31,kNN,val_optimal,True,True,contrast,0.5698529411764706,ind_val,0.5359477124183006,0.5529003267973855
Office31,kNN,val_optimal,True,True,dslr,0.8568548387096774,ind_test,0.5584150326797386,0.707634935694708
Office31,kNN,val_optimal,True,True,dslr,0.8568548387096774,ind_val,0.5359477124183006,0.696401275563989
Office31,kNN,val_optimal,True,True,hue,0.5588235294117647,ind_test,0.5584150326797386,0.5586192810457516
Office31,kNN,val_optimal,True,True,hue,0.5588235294117647,ind_val,0.5359477124183006,0.5473856209150327
Office31,kNN,val_optimal,True,True,multnoise,0.8786764705882353,ind_test,0.5584150326797386,0.7185457516339869
Office31,kNN,val_optimal,True,True,multnoise,0.8786764705882353,ind_val,0.5359477124183006,0.707312091503268
Office31,kNN,val_optimal,True,True,noise,0.8860294117647058,ind_test,0.5584150326797386,0.7222222222222222
Office31,kNN,val_optimal,True,True,noise,0.8860294117647058,ind_val,0.5359477124183006,0.7109885620915033
Office31,kNN,val_optimal,True,True,saltpepper,0.9338235294117647,ind_test,0.5584150326797386,0.7461192810457516
Office31,kNN,val_optimal,True,True,saltpepper,0.9338235294117647,ind_val,0.5359477124183006,0.7348856209150327
Office31,kNN,val_optimal,True,True,smear,0.5073529411764706,ind_test,0.5584150326797386,0.5328839869281046
Office31,kNN,val_optimal,True,True,smear,0.5073529411764706,ind_val,0.5359477124183006,0.5216503267973855
Office31,kNN,val_optimal,True,True,webcam,0.7742346938775511,ind_test,0.5584150326797386,0.6663248632786448
Office31,kNN,val_optimal,True,True,webcam,0.7742346938775511,ind_val,0.5359477124183006,0.6550912031479259
OfficeHome,Energy,val_optimal,True,True,Art,0.6260416666666667,ind_test,0.5294067215363512,0.577724194101509
OfficeHome,Energy,val_optimal,True,True,Art,0.6260416666666667,ind_val,0.5468964334705075,0.5864690500685872
OfficeHome,Energy,val_optimal,True,True,Clipart,0.6903935185185185,ind_test,0.5294067215363512,0.6099001200274348
OfficeHome,Energy,val_optimal,True,True,Clipart,0.6903935185185185,ind_val,0.5468964334705075,0.618644975994513
OfficeHome,Energy,val_optimal,True,True,Product,0.5173611111111112,ind_test,0.5294067215363512,0.5233839163237312
OfficeHome,Energy,val_optimal,True,True,Product,0.5173611111111112,ind_val,0.5468964334705075,0.5321287722908093
OfficeHome,Energy,val_optimal,True,True,brightness,0.5570987654320988,ind_test,0.5294067215363512,0.5432527434842249
OfficeHome,Energy,val_optimal,True,True,brightness,0.5570987654320988,ind_val,0.5468964334705075,0.5519975994513031
OfficeHome,Energy,val_optimal,True,True,contrast,0.5347222222222222,ind_test,0.5294067215363512,0.5320644718792866
OfficeHome,Energy,val_optimal,True,True,contrast,0.5347222222222222,ind_val,0.5468964334705075,0.5408093278463648
OfficeHome,Energy,val_optimal,True,True,hue,0.5995370370370371,ind_test,0.5294067215363512,0.5644718792866941
OfficeHome,Energy,val_optimal,True,True,hue,0.5995370370370371,ind_val,0.5468964334705075,0.5732167352537723
OfficeHome,Energy,val_optimal,True,True,multnoise,0.3950617283950617,ind_test,0.5294067215363512,0.46223422496570643
OfficeHome,Energy,val_optimal,True,True,multnoise,0.3950617283950617,ind_val,0.5468964334705075,0.4709790809327846
OfficeHome,Energy,val_optimal,True,True,noise,0.5100308641975309,ind_test,0.5294067215363512,0.519718792866941
OfficeHome,Energy,val_optimal,True,True,noise,0.5100308641975309,ind_val,0.5468964334705075,0.5284636488340192
OfficeHome,Energy,val_optimal,True,True,saltpepper,0.33564814814814814,ind_test,0.5294067215363512,0.43252743484224965
OfficeHome,Energy,val_optimal,True,True,saltpepper,0.33564814814814814,ind_val,0.5468964334705075,0.44127229080932784
OfficeHome,Energy,val_optimal,True,True,smear,0.5532407407407407,ind_test,0.5294067215363512,0.5413237311385459
OfficeHome,Energy,val_optimal,True,True,smear,0.5532407407407407,ind_val,0.5468964334705075,0.5500685871056241
OfficeHome,Entropy,val_optimal,True,True,Art,0.5864583333333333,ind_test,0.48705418381344306,0.5367562585733882
OfficeHome,Entropy,val_optimal,True,True,Art,0.5864583333333333,ind_val,0.48585390946502055,0.5361561213991769
OfficeHome,Entropy,val_optimal,True,True,Clipart,0.3055555555555556,ind_test,0.48705418381344306,0.3963048696844993
OfficeHome,Entropy,val_optimal,True,True,Clipart,0.3055555555555556,ind_val,0.48585390946502055,0.39570473251028804
OfficeHome,Entropy,val_optimal,True,True,Product,0.5289351851851852,ind_test,0.48705418381344306,0.5079946844993142
OfficeHome,Entropy,val_optimal,True,True,Product,0.5289351851851852,ind_val,0.48585390946502055,0.5073945473251029
OfficeHome,Entropy,val_optimal,True,True,brightness,0.49537037037037035,ind_test,0.48705418381344306,0.49121227709190673
OfficeHome,Entropy,val_optimal,True,True,brightness,0.49537037037037035,ind_val,0.48585390946502055,0.4906121399176955
OfficeHome,Entropy,val_optimal,True,True,contrast,0.48148148148148145,ind_test,0.48705418381344306,0.48426783264746226
OfficeHome,Entropy,val_optimal,True,True,contrast,0.48148148148148145,ind_val,0.48585390946502055,0.483667695473251
OfficeHome,Entropy,val_optimal,True,True,hue,0.47608024691358025,ind_test,0.48705418381344306,0.48156721536351166
OfficeHome,Entropy,val_optimal,True,True,hue,0.47608024691358025,ind_val,0.48585390946502055,0.4809670781893004
OfficeHome,Entropy,val_optimal,True,True,multnoise,0.035493827160493825,ind_test,0.48705418381344306,0.26127400548696844
OfficeHome,Entropy,val_optimal,True,True,multnoise,0.035493827160493825,ind_val,0.48585390946502055,0.2606738683127572
OfficeHome,Entropy,val_optimal,True,True,noise,0.030864197530864196,ind_test,0.48705418381344306,0.2589591906721536
OfficeHome,Entropy,val_optimal,True,True,noise,0.030864197530864196,ind_val,0.48585390946502055,0.25835905349794236
OfficeHome,Entropy,val_optimal,True,True,saltpepper,0.006944444444444444,ind_test,0.48705418381344306,0.24699931412894374
OfficeHome,Entropy,val_optimal,True,True,saltpepper,0.006944444444444444,ind_val,0.48585390946502055,0.24639917695473249
OfficeHome,Entropy,val_optimal,True,True,smear,0.5,ind_test,0.48705418381344306,0.4935270919067215
OfficeHome,Entropy,val_optimal,True,True,smear,0.5,ind_val,0.48585390946502055,0.49292695473251025
OfficeHome,GradNorm,val_optimal,True,True,Art,0.46458333333333335,ind_test,0.5126028806584362,0.48859310699588476
OfficeHome,GradNorm,val_optimal,True,True,Art,0.46458333333333335,ind_val,0.47282235939643347,0.4687028463648834
OfficeHome,GradNorm,val_optimal,True,True,Clipart,0.6770833333333334,ind_test,0.5126028806584362,0.5948431069958848
OfficeHome,GradNorm,val_optimal,True,True,Clipart,0.6770833333333334,ind_val,0.47282235939643347,0.5749528463648834
OfficeHome,GradNorm,val_optimal,True,True,Product,0.5075231481481481,ind_test,0.5126028806584362,0.5100630144032922
OfficeHome,GradNorm,val_optimal,True,True,Product,0.5075231481481481,ind_val,0.47282235939643347,0.4901727537722908
OfficeHome,GradNorm,val_optimal,True,True,brightness,0.470679012345679,ind_test,0.5126028806584362,0.4916409465020576
OfficeHome,GradNorm,val_optimal,True,True,brightness,0.470679012345679,ind_val,0.47282235939643347,0.47175068587105623
OfficeHome,GradNorm,val_optimal,True,True,contrast,0.49151234567901236,ind_test,0.5126028806584362,0.5020576131687242
OfficeHome,GradNorm,val_optimal,True,True,contrast,0.49151234567901236,ind_val,0.47282235939643347,0.4821673525377229
OfficeHome,GradNorm,val_optimal,True,True,hue,0.5509259259259259,ind_test,0.5126028806584362,0.5317644032921811
OfficeHome,GradNorm,val_optimal,True,True,hue,0.5509259259259259,ind_val,0.47282235939643347,0.5118741426611797
OfficeHome,GradNorm,val_optimal,True,True,multnoise,0.9359567901234568,ind_test,0.5126028806584362,0.7242798353909465
OfficeHome,GradNorm,val_optimal,True,True,multnoise,0.9359567901234568,ind_val,0.47282235939643347,0.7043895747599451
OfficeHome,GradNorm,val_optimal,True,True,noise,0.9768518518518519,ind_test,0.5126028806584362,0.744727366255144
OfficeHome,GradNorm,val_optimal,True,True,noise,0.9768518518518519,ind_val,0.47282235939643347,0.7248371056241427
OfficeHome,GradNorm,val_optimal,True,True,saltpepper,0.9930555555555556,ind_test,0.5126028806584362,0.7528292181069959
OfficeHome,GradNorm,val_optimal,True,True,saltpepper,0.9930555555555556,ind_val,0.47282235939643347,0.7329389574759946
OfficeHome,GradNorm,val_optimal,True,True,smear,0.49151234567901236,ind_test,0.5126028806584362,0.5020576131687242
OfficeHome,GradNorm,val_optimal,True,True,smear,0.49151234567901236,ind_val,0.47282235939643347,0.4821673525377229
OfficeHome,Typicality,val_optimal,True,True,Art,0.31875,ind_test,0.4827674897119342,0.4007587448559671
OfficeHome,Typicality,val_optimal,True,True,Art,0.31875,ind_val,0.4821673525377229,0.40045867626886145
OfficeHome,Typicality,val_optimal,True,True,Clipart,0.46585648148148145,ind_test,0.4827674897119342,0.47431198559670784
OfficeHome,Typicality,val_optimal,True,True,Clipart,0.46585648148148145,ind_val,0.4821673525377229,0.4740119170096022
OfficeHome,Typicality,val_optimal,True,True,Product,0.48842592592592593,ind_test,0.4827674897119342,0.48559670781893005
OfficeHome,Typicality,val_optimal,True,True,Product,0.48842592592592593,ind_val,0.4821673525377229,0.4852966392318244
OfficeHome,Typicality,val_optimal,True,True,brightness,0.44753086419753085,ind_test,0.4827674897119342,0.4651491769547325
OfficeHome,Typicality,val_optimal,True,True,brightness,0.44753086419753085,ind_val,0.4821673525377229,0.4648491083676269
OfficeHome,Typicality,val_optimal,True,True,contrast,0.4791666666666667,ind_test,0.4827674897119342,0.4809670781893004
OfficeHome,Typicality,val_optimal,True,True,contrast,0.4791666666666667,ind_val,0.4821673525377229,0.4806670096021948
OfficeHome,Typicality,val_optimal,True,True,hue,0.4506172839506173,ind_test,0.4827674897119342,0.46669238683127573
OfficeHome,Typicality,val_optimal,True,True,hue,0.4506172839506173,ind_val,0.4821673525377229,0.4663923182441701
OfficeHome,Typicality,val_optimal,True,True,multnoise,0.07947530864197531,ind_test,0.4827674897119342,0.2811213991769547
OfficeHome,Typicality,val_optimal,True,True,multnoise,0.07947530864197531,ind_val,0.4821673525377229,0.2808213305898491
OfficeHome,Typicality,val_optimal,True,True,noise,0.25385802469135804,ind_test,0.4827674897119342,0.36831275720164613
OfficeHome,Typicality,val_optimal,True,True,noise,0.25385802469135804,ind_val,0.4821673525377229,0.3680126886145405
OfficeHome,Typicality,val_optimal,True,True,saltpepper,0.015432098765432098,ind_test,0.4827674897119342,0.24909979423868314
OfficeHome,Typicality,val_optimal,True,True,saltpepper,0.015432098765432098,ind_val,0.4821673525377229,0.2487997256515775
OfficeHome,Typicality,val_optimal,True,True,smear,0.4691358024691358,ind_test,0.4827674897119342,0.475951646090535
OfficeHome,Typicality,val_optimal,True,True,smear,0.4691358024691358,ind_val,0.4821673525377229,0.47565157750342935
OfficeHome,kNN,val_optimal,True,True,Art,0.31354166666666666,ind_test,0.4667352537722908,0.39013846021947873
OfficeHome,kNN,val_optimal,True,True,Art,0.31354166666666666,ind_val,0.45816186556927296,0.3858517661179698
OfficeHome,kNN,val_optimal,True,True,Clipart,0.37210648148148145,ind_test,0.4667352537722908,0.41942086762688613
OfficeHome,kNN,val_optimal,True,True,Clipart,0.37210648148148145,ind_val,0.45816186556927296,0.4151341735253772
OfficeHome,kNN,val_optimal,True,True,Product,0.3958333333333333,ind_test,0.4667352537722908,0.43128429355281206
OfficeHome,kNN,val_optimal,True,True,Product,0.3958333333333333,ind_val,0.45816186556927296,0.4269975994513031
OfficeHome,kNN,val_optimal,True,True,brightness,0.4567901234567901,ind_test,0.4667352537722908,0.46176268861454045
OfficeHome,kNN,val_optimal,True,True,brightness,0.4567901234567901,ind_val,0.45816186556927296,0.45747599451303156
OfficeHome,kNN,val_optimal,True,True,contrast,0.466820987654321,ind_test,0.4667352537722908,0.46677812071330593
OfficeHome,kNN,val_optimal,True,True,contrast,0.466820987654321,ind_val,0.45816186556927296,0.462491426611797
OfficeHome,kNN,val_optimal,True,True,hue,0.4104938271604938,ind_test,0.4667352537722908,0.4386145404663923
OfficeHome,kNN,val_optimal,True,True,hue,0.4104938271604938,ind_val,0.45816186556927296,0.4343278463648834
OfficeHome,kNN,val_optimal,True,True,multnoise,0.6558641975308642,ind_test,0.4667352537722908,0.5612997256515775
OfficeHome,kNN,val_optimal,True,True,multnoise,0.6558641975308642,ind_val,0.45816186556927296,0.5570130315500685
OfficeHome,kNN,val_optimal,True,True,noise,0.658179012345679,ind_test,0.4667352537722908,0.5624571330589849
OfficeHome,kNN,val_optimal,True,True,noise,0.658179012345679,ind_val,0.45816186556927296,0.558170438957476
OfficeHome,kNN,val_optimal,True,True,saltpepper,0.6643518518518519,ind_test,0.4667352537722908,0.5655435528120714
OfficeHome,kNN,val_optimal,True,True,saltpepper,0.6643518518518519,ind_val,0.45816186556927296,0.5612568587105624
OfficeHome,kNN,val_optimal,True,True,smear,0.42592592592592593,ind_test,0.4667352537722908,0.44633058984910834
OfficeHome,kNN,val_optimal,True,True,smear,0.42592592592592593,ind_val,0.45816186556927296,0.44204389574759945
Polyp,Energy,val_optimal,True,True,CVC-ClinicDB,0.4616013071895425,ind_test,0.7218518518518519,0.5917265795206972
Polyp,Energy,val_optimal,True,True,CVC-ClinicDB,0.4616013071895425,ind_val,0.804074074074074,0.6328376906318083
Polyp,Energy,val_optimal,True,True,EndoCV2020,0.531496062992126,ind_test,0.7218518518518519,0.626673957421989
Polyp,Energy,val_optimal,True,True,EndoCV2020,0.531496062992126,ind_val,0.804074074074074,0.6677850685331
Polyp,Energy,val_optimal,True,True,EtisLaribDB,0.6658163265306123,ind_test,0.7218518518518519,0.693834089191232
Polyp,Energy,val_optimal,True,True,EtisLaribDB,0.6658163265306123,ind_val,0.804074074074074,0.7349452003023431
Polyp,Entropy,val_optimal,True,True,CVC-ClinicDB,0.5816993464052288,ind_test,0.6944444444444444,0.6380718954248366
Polyp,Entropy,val_optimal,True,True,CVC-ClinicDB,0.5816993464052288,ind_val,0.7685185185185185,0.6751089324618736
Polyp,Entropy,val_optimal,True,True,EndoCV2020,0.6417322834645669,ind_test,0.6944444444444444,0.6680883639545057
Polyp,Entropy,val_optimal,True,True,EndoCV2020,0.6417322834645669,ind_val,0.7685185185185185,0.7051254009915426
Polyp,Entropy,val_optimal,True,True,EtisLaribDB,0.6071428571428571,ind_test,0.6944444444444444,0.6507936507936507
Polyp,Entropy,val_optimal,True,True,EtisLaribDB,0.6071428571428571,ind_val,0.7685185185185185,0.6878306878306878
Polyp,GradNorm,val_optimal,True,True,CVC-ClinicDB,0.4738562091503268,ind_test,0.5474074074074075,0.5106318082788671
Polyp,GradNorm,val_optimal,True,True,CVC-ClinicDB,0.4738562091503268,ind_val,0.5962962962962963,0.5350762527233115
Polyp,GradNorm,val_optimal,True,True,EndoCV2020,0.594488188976378,ind_test,0.5474074074074075,0.5709477981918927
Polyp,GradNorm,val_optimal,True,True,EndoCV2020,0.594488188976378,ind_val,0.5962962962962963,0.5953922426363372
Polyp,GradNorm,val_optimal,True,True,EtisLaribDB,0.5153061224489796,ind_test,0.5474074074074075,0.5313567649281935
Polyp,GradNorm,val_optimal,True,True,EtisLaribDB,0.5153061224489796,ind_val,0.5962962962962963,0.5558012093726379
Polyp,Typicality,val_optimal,True,True,CVC-ClinicDB,0.6764705882352942,ind_test,0.7018518518518518,0.689161220043573
Polyp,Typicality,val_optimal,True,True,CVC-ClinicDB,0.6764705882352942,ind_val,0.7274074074074074,0.7019389978213508
Polyp,Typicality,val_optimal,True,True,EndoCV2020,0.6653543307086615,ind_test,0.7018518518518518,0.6836030912802566
Polyp,Typicality,val_optimal,True,True,EndoCV2020,0.6653543307086615,ind_val,0.7274074074074074,0.6963808690580344
Polyp,Typicality,val_optimal,True,True,EtisLaribDB,0.46938775510204084,ind_test,0.7018518518518518,0.5856198034769463
Polyp,Typicality,val_optimal,True,True,EtisLaribDB,0.46938775510204084,ind_val,0.7274074074074074,0.5983975812547241
Polyp,kNN,val_optimal,True,True,CVC-ClinicDB,0.3762254901960784,ind_test,0.632962962962963,0.5045942265795207
Polyp,kNN,val_optimal,True,True,CVC-ClinicDB,0.3762254901960784,ind_val,0.7055555555555556,0.540890522875817
Polyp,kNN,val_optimal,True,True,EndoCV2020,0.4271653543307087,ind_test,0.632962962962963,0.5300641586468358
Polyp,kNN,val_optimal,True,True,EndoCV2020,0.4271653543307087,ind_val,0.7055555555555556,0.5663604549431321
Polyp,kNN,val_optimal,True,True,EtisLaribDB,0.6492346938775511,ind_test,0.632962962962963,0.641098828420257
Polyp,kNN,val_optimal,True,True,EtisLaribDB,0.6492346938775511,ind_val,0.7055555555555556,0.6773951247165533
