,fold,feature_name,feature,loss,acc,idx,class
0,train,softmax,1.0,0.1220889687538147,0.8779110312461853,0.0,
1,train,softmax,1.0,0.10006344318389893,0.8999365568161011,1.0,
2,train,softmax,1.0,0.04588723182678223,0.9541127681732178,2.0,
3,train,softmax,1.0,0.17569494247436523,0.8243050575256348,3.0,
4,train,softmax,1.0,0.05493980646133423,0.9450601935386658,4.0,
5,train,softmax,1.0,0.9992195963859558,0.0007804036140441895,5.0,
6,train,softmax,1.0,0.19355177879333496,0.806448221206665,6.0,
7,train,softmax,1.0,0.028749048709869385,0.9712509512901306,7.0,
8,train,softmax,1.0,0.04928559064865112,0.9507144093513489,8.0,
9,train,softmax,1.0,0.11936575174331665,0.8806342482566833,9.0,
10,train,softmax,1.0,0.04373753070831299,0.956262469291687,10.0,
11,train,softmax,1.0,0.10821419954299927,0.8917858004570007,11.0,
12,train,softmax,1.0,0.044377148151397705,0.9556228518486023,12.0,
13,train,softmax,1.0,0.04363203048706055,0.9563679695129395,13.0,
14,train,softmax,1.0,0.14770394563674927,0.8522960543632507,14.0,
15,train,softmax,1.0,0.05345791578292847,0.9465420842170715,15.0,
16,train,softmax,1.0,0.0525738000869751,0.9474261999130249,16.0,
17,train,softmax,1.0,0.11271697282791138,0.8872830271720886,17.0,
18,train,softmax,1.0,0.14836978912353516,0.8516302108764648,18.0,
19,train,softmax,1.0,0.04059356451034546,0.9594064354896545,19.0,
20,train,softmax,1.0,0.0726550817489624,0.9273449182510376,20.0,
21,train,softmax,1.0,0.03829455375671387,0.9617054462432861,21.0,
22,train,softmax,1.0,0.12371945381164551,0.8762805461883545,22.0,
23,train,softmax,1.0,0.054943203926086426,0.9450567960739136,23.0,
24,train,softmax,1.0,0.0931769609451294,0.9068230390548706,24.0,
25,train,softmax,1.0,0.03163778781890869,0.9683622121810913,25.0,
26,train,softmax,1.0,0.08419555425643921,0.9158044457435608,26.0,
27,train,softmax,1.0,0.04322624206542969,0.9567737579345703,27.0,
28,train,softmax,1.0,0.11320728063583374,0.8867927193641663,28.0,
29,train,softmax,1.0,0.1640760898590088,0.8359239101409912,29.0,
30,train,softmax,1.0,0.10375148057937622,0.8962485194206238,30.0,
31,train,softmax,1.0,0.06422418355941772,0.9357758164405823,31.0,
32,train,softmax,1.0,0.12254840135574341,0.8774515986442566,32.0,
33,train,softmax,1.0,0.07398289442062378,0.9260171055793762,33.0,
34,train,softmax,1.0,0.08224618434906006,0.9177538156509399,34.0,
35,train,softmax,1.0,0.13206034898757935,0.8679396510124207,35.0,
36,train,softmax,1.0,0.08446192741394043,0.9155380725860596,36.0,
37,train,softmax,1.0,0.5031147599220276,0.4968852400779724,37.0,
38,train,softmax,1.0,0.216652512550354,0.783347487449646,38.0,
39,train,softmax,1.0,0.06186211109161377,0.9381378889083862,39.0,
40,train,softmax,1.0,0.09423911571502686,0.9057608842849731,40.0,
41,train,softmax,1.0,0.14362400770187378,0.8563759922981262,41.0,
42,train,softmax,1.0,0.09404200315475464,0.9059579968452454,42.0,
43,train,softmax,1.0,0.05421870946884155,0.9457812905311584,43.0,
44,train,softmax,1.0,0.02625715732574463,0.9737428426742554,44.0,
45,train,softmax,1.0,0.05628925561904907,0.9437107443809509,45.0,
46,train,softmax,1.0,0.132368803024292,0.867631196975708,46.0,
47,train,softmax,1.0,0.08897751569747925,0.9110224843025208,47.0,
48,train,softmax,1.0,0.048470497131347656,0.9515295028686523,48.0,
49,train,softmax,1.0,0.0739823579788208,0.9260176420211792,49.0,
50,train,softmax,1.0,0.07129615545272827,0.9287038445472717,50.0,
51,train,softmax,1.0,0.05828183889389038,0.9417181611061096,51.0,
52,train,softmax,1.0,0.21448242664337158,0.7855175733566284,52.0,
53,train,softmax,1.0,0.047161638736724854,0.9528383612632751,53.0,
54,train,softmax,1.0,0.10116040706634521,0.8988395929336548,54.0,
55,train,softmax,1.0,0.11201012134552002,0.88798987865448,55.0,
56,train,softmax,1.0,0.08284938335418701,0.917150616645813,56.0,
57,train,softmax,1.0,0.1297609806060791,0.8702390193939209,57.0,
58,train,softmax,1.0,0.05480438470840454,0.9451956152915955,58.0,
59,train,softmax,1.0,0.29382020235061646,0.7061797976493835,59.0,
60,train,softmax,1.0,0.04661744832992554,0.9533825516700745,60.0,
61,train,softmax,1.0,0.10501432418823242,0.8949856758117676,61.0,
62,train,softmax,1.0,0.15110677480697632,0.8488932251930237,62.0,
63,train,softmax,1.0,0.08627945184707642,0.9137205481529236,63.0,
64,train,softmax,1.0,0.12072467803955078,0.8792753219604492,64.0,
65,train,softmax,1.0,0.06900453567504883,0.9309954643249512,65.0,
66,train,softmax,1.0,0.052698731422424316,0.9473012685775757,66.0,
67,train,softmax,1.0,0.06548619270324707,0.9345138072967529,67.0,
68,train,softmax,1.0,0.22616779804229736,0.7738322019577026,68.0,
69,train,softmax,1.0,0.09414225816726685,0.9058577418327332,69.0,
70,train,softmax,1.0,0.09077310562133789,0.9092268943786621,70.0,
71,train,softmax,1.0,0.06777626276016235,0.9322237372398376,71.0,
72,train,softmax,1.0,0.05229884386062622,0.9477011561393738,72.0,
73,train,softmax,1.0,0.26809877157211304,0.731901228427887,73.0,
74,train,softmax,1.0,0.1934337019920349,0.8065662980079651,74.0,
75,train,softmax,1.0,0.14991211891174316,0.8500878810882568,75.0,
76,train,softmax,1.0,0.07754367589950562,0.9224563241004944,76.0,
77,train,softmax,1.0,0.04434758424758911,0.9556524157524109,77.0,
78,train,softmax,1.0,0.06217515468597412,0.9378248453140259,78.0,
79,train,softmax,1.0,0.06458008289337158,0.9354199171066284,79.0,
80,train,softmax,1.0,0.04793030023574829,0.9520696997642517,80.0,
81,train,softmax,1.0,0.03759831190109253,0.9624016880989075,81.0,
82,train,softmax,1.0,0.09844475984573364,0.9015552401542664,82.0,
83,train,softmax,1.0,0.29334259033203125,0.7066574096679688,83.0,
84,train,softmax,1.0,0.11776477098464966,0.8822352290153503,84.0,
85,train,softmax,1.0,0.25641870498657227,0.7435812950134277,85.0,
86,train,softmax,1.0,0.053667426109313965,0.946332573890686,86.0,
87,train,softmax,1.0,0.061603009700775146,0.9383969902992249,87.0,
88,train,softmax,1.0,0.07948929071426392,0.9205107092857361,88.0,
89,train,softmax,1.0,0.12416994571685791,0.8758300542831421,89.0,
90,train,softmax,1.0,0.2039434313774109,0.7960565686225891,90.0,
91,train,softmax,1.0,0.4974706768989563,0.5025293231010437,91.0,
92,train,softmax,1.0,0.06474590301513672,0.9352540969848633,92.0,
93,train,softmax,1.0,0.12638908624649048,0.8736109137535095,93.0,
94,train,softmax,1.0,0.04515361785888672,0.9548463821411133,94.0,
95,train,softmax,1.0,0.06517177820205688,0.9348282217979431,95.0,
96,train,softmax,1.0,0.06859135627746582,0.9314086437225342,96.0,
97,train,softmax,1.0,0.943407416343689,0.056592583656311035,97.0,
98,train,softmax,1.0,0.12776219844818115,0.8722378015518188,98.0,
99,train,softmax,1.0,0.13603240251541138,0.8639675974845886,99.0,
100,train,softmax,1.0,0.09369724988937378,0.9063027501106262,100.0,
101,train,softmax,1.0,0.07431244850158691,0.9256875514984131,101.0,
102,train,softmax,1.0,0.06566351652145386,0.9343364834785461,102.0,
103,train,softmax,1.0,0.06373238563537598,0.936267614364624,103.0,
104,train,softmax,1.0,0.06663185358047485,0.9333681464195251,104.0,
105,train,softmax,1.0,0.07378256320953369,0.9262174367904663,105.0,
106,train,softmax,1.0,0.17311376333236694,0.8268862366676331,106.0,
107,train,softmax,1.0,0.9999999403953552,5.960464477539063e-08,107.0,
108,train,softmax,1.0,0.15763098001480103,0.842369019985199,108.0,
109,train,softmax,1.0,0.12872231006622314,0.8712776899337769,109.0,
110,train,softmax,1.0,0.11534208059310913,0.8846579194068909,110.0,
111,train,softmax,1.0,0.0576244592666626,0.9423755407333374,111.0,
112,train,softmax,1.0,0.04370009899139404,0.956299901008606,112.0,
113,train,softmax,1.0,0.0451277494430542,0.9548722505569458,113.0,
114,train,softmax,1.0,0.060597002506256104,0.9394029974937439,114.0,
115,train,softmax,1.0,0.04739201068878174,0.9526079893112183,115.0,
116,train,softmax,1.0,0.09551548957824707,0.9044845104217529,116.0,
117,train,softmax,1.0,0.11431074142456055,0.8856892585754395,117.0,
118,train,softmax,1.0,0.08453017473220825,0.9154698252677917,118.0,
119,train,softmax,1.0,0.14363735914230347,0.8563626408576965,119.0,
120,train,softmax,1.0,0.11857742071151733,0.8814225792884827,120.0,
121,train,softmax,1.0,0.09610331058502197,0.903896689414978,121.0,
122,train,softmax,1.0,0.09719926118850708,0.9028007388114929,122.0,
123,train,softmax,1.0,0.06359058618545532,0.9364094138145447,123.0,
124,train,softmax,1.0,0.0384669303894043,0.9615330696105957,124.0,
125,train,softmax,1.0,0.14355480670928955,0.8564451932907104,125.0,
126,train,softmax,1.0,0.10243046283721924,0.8975695371627808,126.0,
127,train,softmax,1.0,0.09342092275619507,0.9065790772438049,127.0,
128,train,softmax,1.0,0.08727520704269409,0.9127247929573059,128.0,
129,train,softmax,1.0,0.0602840781211853,0.9397159218788147,129.0,
130,train,softmax,1.0,0.19277912378311157,0.8072208762168884,130.0,
131,train,softmax,1.0,0.32711946964263916,0.6728805303573608,131.0,
132,train,softmax,1.0,0.07892006635665894,0.9210799336433411,132.0,
133,train,softmax,1.0,0.0490841269493103,0.9509158730506897,133.0,
134,train,softmax,1.0,0.20685458183288574,0.7931454181671143,134.0,
135,train,softmax,1.0,0.3028138279914856,0.6971861720085144,135.0,
136,train,softmax,1.0,0.15087032318115234,0.8491296768188477,136.0,
137,train,softmax,1.0,0.30779874324798584,0.6922012567520142,137.0,
138,train,softmax,1.0,0.07972121238708496,0.920278787612915,138.0,
139,train,softmax,1.0,0.06277209520339966,0.9372279047966003,139.0,
140,train,softmax,1.0,0.057988643646240234,0.9420113563537598,140.0,
141,train,softmax,1.0,0.08490878343582153,0.9150912165641785,141.0,
142,train,softmax,1.0,0.13271737098693848,0.8672826290130615,142.0,
143,train,softmax,1.0,0.09519153833389282,0.9048084616661072,143.0,
144,train,softmax,1.0,0.10711902379989624,0.8928809762001038,144.0,
145,train,softmax,1.0,0.07741570472717285,0.9225842952728271,145.0,
146,train,softmax,1.0,0.1150674819946289,0.8849325180053711,146.0,
147,train,softmax,1.0,0.05683201551437378,0.9431679844856262,147.0,
148,train,softmax,1.0,0.1517397165298462,0.8482602834701538,148.0,
149,train,softmax,1.0,0.3538970351219177,0.6461029648780823,149.0,
150,train,softmax,1.0,0.0645487904548645,0.9354512095451355,150.0,
151,train,softmax,1.0,0.05375015735626221,0.9462498426437378,151.0,
152,train,softmax,1.0,0.09477400779724121,0.9052259922027588,152.0,
153,train,softmax,1.0,0.07430517673492432,0.9256948232650757,153.0,
154,train,softmax,1.0,0.19649571180343628,0.8035042881965637,154.0,
155,train,softmax,1.0,0.28650474548339844,0.7134952545166016,155.0,
156,train,softmax,1.0,0.09232503175735474,0.9076749682426453,156.0,
157,train,softmax,1.0,0.10939812660217285,0.8906018733978271,157.0,
158,train,softmax,1.0,0.07018184661865234,0.9298181533813477,158.0,
159,train,softmax,1.0,0.06231409311294556,0.9376859068870544,159.0,
160,train,softmax,1.0,0.3938556909561157,0.6061443090438843,160.0,
161,train,softmax,1.0,0.07928794622421265,0.9207120537757874,161.0,
162,train,softmax,1.0,0.2743649482727051,0.7256350517272949,162.0,
163,train,softmax,1.0,0.12570542097091675,0.8742945790290833,163.0,
164,train,softmax,1.0,0.05858546495437622,0.9414145350456238,164.0,
165,train,softmax,1.0,0.13937240839004517,0.8606275916099548,165.0,
166,train,softmax,1.0,0.461306095123291,0.538693904876709,166.0,
167,train,softmax,1.0,0.1607709527015686,0.8392290472984314,167.0,
168,train,softmax,1.0,0.25154948234558105,0.748450517654419,168.0,
169,train,softmax,1.0,0.356581449508667,0.643418550491333,169.0,
170,train,softmax,1.0,0.09210216999053955,0.9078978300094604,170.0,
171,train,softmax,1.0,0.08016777038574219,0.9198322296142578,171.0,
172,train,softmax,1.0,0.06013911962509155,0.9398608803749084,172.0,
173,train,softmax,1.0,0.1007835865020752,0.8992164134979248,173.0,
174,train,softmax,1.0,0.06069159507751465,0.9393084049224854,174.0,
175,train,softmax,1.0,0.2188737392425537,0.7811262607574463,175.0,
176,train,softmax,1.0,0.037715911865234375,0.9622840881347656,176.0,
177,train,softmax,1.0,0.16231775283813477,0.8376822471618652,177.0,
178,train,softmax,1.0,0.07732552289962769,0.9226744771003723,178.0,
179,train,softmax,1.0,0.06102311611175537,0.9389768838882446,179.0,
180,train,softmax,1.0,0.0730847716331482,0.9269152283668518,180.0,
181,train,softmax,1.0,0.04514181613922119,0.9548581838607788,181.0,
182,train,softmax,1.0,0.14692437648773193,0.8530756235122681,182.0,
183,train,softmax,1.0,0.0912313461303711,0.9087686538696289,183.0,
184,train,softmax,1.0,0.14549052715301514,0.8545094728469849,184.0,
185,train,softmax,1.0,0.06369435787200928,0.9363056421279907,185.0,
186,train,softmax,1.0,0.08557289838790894,0.9144271016120911,186.0,
187,train,softmax,1.0,0.2622590661048889,0.7377409338951111,187.0,
188,train,softmax,1.0,0.18511873483657837,0.8148812651634216,188.0,
189,train,softmax,1.0,0.09315675497055054,0.9068432450294495,189.0,
190,train,softmax,1.0,0.29090505838394165,0.7090949416160583,190.0,
191,train,softmax,1.0,0.04298985004425049,0.9570101499557495,191.0,
192,train,softmax,1.0,0.07675272226333618,0.9232472777366638,192.0,
193,train,softmax,1.0,0.07109224796295166,0.9289077520370483,193.0,
194,train,softmax,1.0,0.15667694807052612,0.8433230519294739,194.0,
195,train,softmax,1.0,0.04993247985839844,0.9500675201416016,195.0,
196,train,softmax,1.0,0.2242773175239563,0.7757226824760437,196.0,
197,train,softmax,1.0,0.05675870180130005,0.9432412981987,197.0,
198,train,softmax,1.0,0.16870397329330444,0.8312960267066956,198.0,
199,train,softmax,1.0,0.04826241731643677,0.9517375826835632,199.0,
200,train,softmax,1.0,0.04008078575134277,0.9599192142486572,200.0,
201,train,softmax,1.0,0.04531550407409668,0.9546844959259033,201.0,
202,train,softmax,1.0,0.0760536789894104,0.9239463210105896,202.0,
203,train,softmax,1.0,0.03518778085708618,0.9648122191429138,203.0,
204,train,softmax,1.0,0.060649096965789795,0.9393509030342102,204.0,
205,train,softmax,1.0,0.07380503416061401,0.926194965839386,205.0,
206,train,softmax,1.0,0.04999113082885742,0.9500088691711426,206.0,
207,train,softmax,1.0,0.046580374240875244,0.9534196257591248,207.0,
208,train,softmax,1.0,0.09165757894515991,0.9083424210548401,208.0,
209,train,softmax,1.0,0.6420915126800537,0.3579084873199463,209.0,
210,train,softmax,1.0,0.07949590682983398,0.920504093170166,210.0,
211,train,softmax,1.0,0.1007111668586731,0.8992888331413269,211.0,
212,train,softmax,1.0,0.15753740072250366,0.8424625992774963,212.0,
213,train,softmax,1.0,0.0435105562210083,0.9564894437789917,213.0,
214,train,softmax,1.0,0.08996808528900146,0.9100319147109985,214.0,
215,train,softmax,1.0,0.05047893524169922,0.9495210647583008,215.0,
216,train,softmax,1.0,0.037638306617736816,0.9623616933822632,216.0,
217,train,softmax,1.0,0.08574777841567993,0.9142522215843201,217.0,
218,train,softmax,1.0,0.0587959885597229,0.9412040114402771,218.0,
219,train,softmax,1.0,0.3044571876525879,0.6955428123474121,219.0,
220,train,softmax,1.0,0.08928006887435913,0.9107199311256409,220.0,
221,train,softmax,1.0,0.06374514102935791,0.9362548589706421,221.0,
222,train,softmax,1.0,0.09419864416122437,0.9058013558387756,222.0,
223,train,softmax,1.0,0.06294327974319458,0.9370567202568054,223.0,
224,train,softmax,1.0,0.05675226449966431,0.9432477355003357,224.0,
225,train,softmax,1.0,0.13141322135925293,0.8685867786407471,225.0,
226,train,softmax,1.0,0.2376745343208313,0.7623254656791687,226.0,
227,train,softmax,1.0,0.1144457459449768,0.8855542540550232,227.0,
228,train,softmax,1.0,0.0868118405342102,0.9131881594657898,228.0,
229,train,softmax,1.0,0.07759404182434082,0.9224059581756592,229.0,
230,train,softmax,1.0,0.087979257106781,0.912020742893219,230.0,
231,train,softmax,1.0,0.09506481885910034,0.9049351811408997,231.0,
232,train,softmax,1.0,0.1538832187652588,0.8461167812347412,232.0,
233,train,softmax,1.0,0.028500378131866455,0.9714996218681335,233.0,
234,train,softmax,1.0,0.04284137487411499,0.957158625125885,234.0,
235,train,softmax,1.0,0.06733959913253784,0.9326604008674622,235.0,
236,train,softmax,1.0,0.17937403917312622,0.8206259608268738,236.0,
237,train,softmax,1.0,0.11422818899154663,0.8857718110084534,237.0,
238,train,softmax,1.0,0.0627436637878418,0.9372563362121582,238.0,
239,train,softmax,1.0,0.259520947933197,0.740479052066803,239.0,
240,train,softmax,1.0,0.12127012014389038,0.8787298798561096,240.0,
241,train,softmax,1.0,0.31820619106292725,0.6817938089370728,241.0,
242,train,softmax,1.0,0.12718605995178223,0.8728139400482178,242.0,
243,train,softmax,1.0,0.05096113681793213,0.9490388631820679,243.0,
244,train,softmax,1.0,0.03485310077667236,0.9651468992233276,244.0,
245,train,softmax,1.0,0.16754472255706787,0.8324552774429321,245.0,
246,train,softmax,1.0,0.08612370491027832,0.9138762950897217,246.0,
247,train,softmax,1.0,0.0726272463798523,0.9273727536201477,247.0,
248,train,softmax,1.0,0.03004014492034912,0.9699598550796509,248.0,
249,train,softmax,1.0,0.12772804498672485,0.8722719550132751,249.0,
250,train,softmax,1.0,0.05867987871170044,0.9413201212882996,250.0,
251,train,softmax,1.0,0.14960914850234985,0.8503908514976501,251.0,
252,train,softmax,1.0,0.1161298155784607,0.8838701844215393,252.0,
253,train,softmax,1.0,0.07262581586837769,0.9273741841316223,253.0,
254,train,softmax,1.0,0.06319689750671387,0.9368031024932861,254.0,
255,train,softmax,1.0,0.06731629371643066,0.9326837062835693,255.0,
256,train,softmax,1.0,0.10126084089279175,0.8987391591072083,256.0,
257,train,softmax,1.0,0.07773476839065552,0.9222652316093445,257.0,
258,train,softmax,1.0,0.05062514543533325,0.9493748545646667,258.0,
259,train,softmax,1.0,0.11759364604949951,0.8824063539505005,259.0,
260,train,softmax,1.0,0.99994957447052,5.042552947998047e-05,260.0,
261,train,softmax,1.0,0.10676568746566772,0.8932343125343323,261.0,
262,train,softmax,1.0,0.2306026816368103,0.7693973183631897,262.0,
263,train,softmax,1.0,0.4730038642883301,0.5269961357116699,263.0,
264,train,softmax,1.0,0.1877080202102661,0.8122919797897339,264.0,
265,train,softmax,1.0,0.06428033113479614,0.9357196688652039,265.0,
266,train,softmax,1.0,0.04302471876144409,0.9569752812385559,266.0,
267,train,softmax,1.0,0.06747913360595703,0.932520866394043,267.0,
268,train,softmax,1.0,0.4442128539085388,0.5557871460914612,268.0,
269,train,softmax,1.0,0.05406099557876587,0.9459390044212341,269.0,
270,train,softmax,1.0,0.15929454565048218,0.8407054543495178,270.0,
271,train,softmax,1.0,0.05210834741592407,0.9478916525840759,271.0,
272,train,softmax,1.0,0.1978740096092224,0.8021259903907776,272.0,
273,train,softmax,1.0,0.07659381628036499,0.923406183719635,273.0,
274,train,softmax,1.0,0.13504558801651,0.86495441198349,274.0,
275,train,softmax,1.0,0.088076651096344,0.911923348903656,275.0,
276,train,softmax,1.0,0.18330931663513184,0.8166906833648682,276.0,
277,train,softmax,1.0,0.15051984786987305,0.849480152130127,277.0,
278,train,softmax,1.0,0.11679434776306152,0.8832056522369385,278.0,
279,train,softmax,1.0,0.09907537698745728,0.9009246230125427,279.0,
280,train,softmax,1.0,0.08522522449493408,0.9147747755050659,280.0,
281,train,softmax,1.0,0.04392164945602417,0.9560783505439758,281.0,
282,train,softmax,1.0,0.22046470642089844,0.7795352935791016,282.0,
283,train,softmax,1.0,0.06085687875747681,0.9391431212425232,283.0,
284,train,softmax,1.0,0.20483183860778809,0.7951681613922119,284.0,
285,train,softmax,1.0,0.04449260234832764,0.9555073976516724,285.0,
286,train,softmax,1.0,0.14279121160507202,0.857208788394928,286.0,
287,train,softmax,1.0,0.046396851539611816,0.9536031484603882,287.0,
288,train,softmax,1.0,0.12089431285858154,0.8791056871414185,288.0,
289,train,softmax,1.0,0.0681145191192627,0.9318854808807373,289.0,
290,train,softmax,1.0,0.14908117055892944,0.8509188294410706,290.0,
291,train,softmax,1.0,0.07192564010620117,0.9280743598937988,291.0,
292,train,softmax,1.0,0.18683487176895142,0.8131651282310486,292.0,
293,train,softmax,1.0,0.035873234272003174,0.9641267657279968,293.0,
294,train,softmax,1.0,0.056427061557769775,0.9435729384422302,294.0,
295,train,softmax,1.0,0.08723551034927368,0.9127644896507263,295.0,
296,train,softmax,1.0,0.15526670217514038,0.8447332978248596,296.0,
297,train,softmax,1.0,0.07967442274093628,0.9203255772590637,297.0,
298,train,softmax,1.0,0.11500418186187744,0.8849958181381226,298.0,
299,train,softmax,1.0,0.05954158306121826,0.9404584169387817,299.0,
300,train,softmax,1.0,0.22838127613067627,0.7716187238693237,300.0,
301,train,softmax,1.0,0.17157751321792603,0.828422486782074,301.0,
302,train,softmax,1.0,0.11408454179763794,0.8859154582023621,302.0,
303,train,softmax,1.0,0.06244176626205444,0.9375582337379456,303.0,
304,train,softmax,1.0,0.06469172239303589,0.9353082776069641,304.0,
305,train,softmax,1.0,0.2005184292793274,0.7994815707206726,305.0,
306,train,softmax,1.0,0.08702266216278076,0.9129773378372192,306.0,
307,train,softmax,1.0,0.07891196012496948,0.9210880398750305,307.0,
308,train,softmax,1.0,0.19880986213684082,0.8011901378631592,308.0,
309,train,softmax,1.0,0.06633687019348145,0.9336631298065186,309.0,
310,train,softmax,1.0,0.0413854718208313,0.9586145281791687,310.0,
311,train,softmax,1.0,0.21993982791900635,0.7800601720809937,311.0,
312,train,softmax,1.0,0.03917473554611206,0.9608252644538879,312.0,
313,train,softmax,1.0,0.09530085325241089,0.9046991467475891,313.0,
314,train,softmax,1.0,0.04054445028305054,0.9594555497169495,314.0,
315,train,softmax,1.0,0.5037055015563965,0.4962944984436035,315.0,
316,train,softmax,1.0,0.06609976291656494,0.9339002370834351,316.0,
317,train,softmax,1.0,0.05390012264251709,0.9460998773574829,317.0,
318,train,softmax,1.0,0.047762155532836914,0.9522378444671631,318.0,
319,train,softmax,1.0,0.08235490322113037,0.9176450967788696,319.0,
320,train,softmax,1.0,0.3592643141746521,0.6407356858253479,320.0,
321,train,softmax,1.0,0.03745424747467041,0.9625457525253296,321.0,
322,train,softmax,1.0,0.1236068606376648,0.8763931393623352,322.0,
323,train,softmax,1.0,0.0552905797958374,0.9447094202041626,323.0,
324,train,softmax,1.0,0.08008301258087158,0.9199169874191284,324.0,
325,train,softmax,1.0,0.14451617002487183,0.8554838299751282,325.0,
326,train,softmax,1.0,0.06469988822937012,0.9353001117706299,326.0,
327,train,softmax,1.0,0.5782521963119507,0.4217478036880493,327.0,
328,train,softmax,1.0,0.09279799461364746,0.9072020053863525,328.0,
329,train,softmax,1.0,0.1442667841911316,0.8557332158088684,329.0,
330,train,softmax,1.0,0.06258636713027954,0.9374136328697205,330.0,
331,train,softmax,1.0,0.14764606952667236,0.8523539304733276,331.0,
332,train,softmax,1.0,0.11575347185134888,0.8842465281486511,332.0,
333,train,softmax,1.0,0.36997920274734497,0.630020797252655,333.0,
334,train,softmax,1.0,0.37397390604019165,0.6260260939598083,334.0,
335,train,softmax,1.0,0.19882571697235107,0.8011742830276489,335.0,
336,train,softmax,1.0,0.14035511016845703,0.859644889831543,336.0,
337,train,softmax,1.0,0.11885005235671997,0.88114994764328,337.0,
338,train,softmax,1.0,0.4044990539550781,0.5955009460449219,338.0,
339,train,softmax,1.0,0.21629351377487183,0.7837064862251282,339.0,
340,train,softmax,1.0,0.1115337610244751,0.8884662389755249,340.0,
341,train,softmax,1.0,0.060644567012786865,0.9393554329872131,341.0,
342,train,softmax,1.0,0.06667137145996094,0.9333286285400391,342.0,
343,train,softmax,1.0,0.07592171430587769,0.9240782856941223,343.0,
344,train,softmax,1.0,0.10122537612915039,0.8987746238708496,344.0,
345,train,softmax,1.0,0.1814495325088501,0.8185504674911499,345.0,
346,train,softmax,1.0,0.041533708572387695,0.9584662914276123,346.0,
347,train,softmax,1.0,0.18089014291763306,0.8191098570823669,347.0,
348,train,softmax,1.0,0.0763542652130127,0.9236457347869873,348.0,
349,train,softmax,1.0,0.08393359184265137,0.9160664081573486,349.0,
350,train,softmax,1.0,0.05679285526275635,0.9432071447372437,350.0,
351,train,softmax,1.0,0.5216788053512573,0.4783211946487427,351.0,
352,train,softmax,1.0,0.26957935094833374,0.7304206490516663,352.0,
353,train,softmax,1.0,0.08792990446090698,0.912070095539093,353.0,
354,train,softmax,1.0,0.13869833946228027,0.8613016605377197,354.0,
355,train,softmax,1.0,0.059810519218444824,0.9401894807815552,355.0,
356,train,softmax,1.0,0.4652901887893677,0.5347098112106323,356.0,
357,train,softmax,1.0,0.09080487489700317,0.9091951251029968,357.0,
358,train,softmax,1.0,0.4613000154495239,0.5386999845504761,358.0,
359,train,softmax,1.0,0.12635231018066406,0.8736476898193359,359.0,
360,train,softmax,1.0,0.0807834267616272,0.9192165732383728,360.0,
361,train,softmax,1.0,0.04964566230773926,0.9503543376922607,361.0,
362,train,softmax,1.0,0.07631534337997437,0.9236846566200256,362.0,
363,train,softmax,1.0,0.1682654619216919,0.8317345380783081,363.0,
364,train,softmax,1.0,0.14721155166625977,0.8527884483337402,364.0,
365,train,softmax,1.0,0.2729949951171875,0.7270050048828125,365.0,
366,train,softmax,1.0,0.09334897994995117,0.9066510200500488,366.0,
367,train,softmax,1.0,0.08542495965957642,0.9145750403404236,367.0,
368,train,softmax,1.0,0.18284446001052856,0.8171555399894714,368.0,
369,train,softmax,1.0,0.048555195331573486,0.9514448046684265,369.0,
370,train,softmax,1.0,0.3227726221084595,0.6772273778915405,370.0,
371,train,softmax,1.0,0.044790029525756836,0.9552099704742432,371.0,
372,train,softmax,1.0,0.06765848398208618,0.9323415160179138,372.0,
373,train,softmax,1.0,0.17771273851394653,0.8222872614860535,373.0,
374,train,softmax,1.0,0.08459138870239258,0.9154086112976074,374.0,
375,train,softmax,1.0,0.09815692901611328,0.9018430709838867,375.0,
376,train,softmax,1.0,0.05490446090698242,0.9450955390930176,376.0,
377,train,softmax,1.0,0.09491246938705444,0.9050875306129456,377.0,
378,train,softmax,1.0,0.08869308233261108,0.9113069176673889,378.0,
379,train,softmax,1.0,0.2988665699958801,0.7011334300041199,379.0,
380,train,softmax,1.0,0.09746938943862915,0.9025306105613708,380.0,
381,train,softmax,1.0,0.13588666915893555,0.8641133308410645,381.0,
382,train,softmax,1.0,0.02718132734298706,0.9728186726570129,382.0,
383,train,softmax,1.0,0.5189915895462036,0.4810084104537964,383.0,
384,train,softmax,1.0,0.09654933214187622,0.9034506678581238,384.0,
385,train,softmax,1.0,0.24764609336853027,0.7523539066314697,385.0,
386,train,softmax,1.0,0.1737406849861145,0.8262593150138855,386.0,
387,train,softmax,1.0,0.09266310930252075,0.9073368906974792,387.0,
388,train,softmax,1.0,0.08331215381622314,0.9166878461837769,388.0,
389,train,softmax,1.0,0.1387040615081787,0.8612959384918213,389.0,
390,train,softmax,1.0,0.08476561307907104,0.915234386920929,390.0,
391,train,softmax,1.0,0.06099039316177368,0.9390096068382263,391.0,
392,train,softmax,1.0,0.06615054607391357,0.9338494539260864,392.0,
393,train,softmax,1.0,0.034327149391174316,0.9656728506088257,393.0,
394,train,softmax,1.0,0.08076357841491699,0.919236421585083,394.0,
395,train,softmax,1.0,0.046892762184143066,0.9531072378158569,395.0,
396,train,softmax,1.0,0.04349011182785034,0.9565098881721497,396.0,
397,train,softmax,1.0,0.028879642486572266,0.9711203575134277,397.0,
398,train,softmax,1.0,0.09533464908599854,0.9046653509140015,398.0,
399,train,softmax,1.0,0.070514976978302,0.929485023021698,399.0,
400,train,softmax,1.0,0.08330076932907104,0.916699230670929,400.0,
401,train,softmax,1.0,0.8151058554649353,0.1848941445350647,401.0,
402,train,softmax,1.0,0.05512648820877075,0.9448735117912292,402.0,
403,train,softmax,1.0,0.09979301691055298,0.900206983089447,403.0,
404,train,softmax,1.0,0.07586777210235596,0.924132227897644,404.0,
405,train,softmax,1.0,0.0921207070350647,0.9078792929649353,405.0,
406,train,softmax,1.0,0.1987946629524231,0.8012053370475769,406.0,
407,train,softmax,1.0,0.3973112106323242,0.6026887893676758,407.0,
408,train,softmax,1.0,0.08875471353530884,0.9112452864646912,408.0,
409,train,softmax,1.0,0.07987803220748901,0.920121967792511,409.0,
410,train,softmax,1.0,0.37693631649017334,0.6230636835098267,410.0,
411,train,softmax,1.0,0.07995688915252686,0.9200431108474731,411.0,
412,train,softmax,1.0,0.11366152763366699,0.886338472366333,412.0,
413,train,softmax,1.0,0.08518058061599731,0.9148194193840027,413.0,
414,train,softmax,1.0,0.0934033989906311,0.9065966010093689,414.0,
415,train,softmax,1.0,0.06773006916046143,0.9322699308395386,415.0,
416,train,softmax,1.0,0.9999999403953552,5.960464477539063e-08,416.0,
417,train,softmax,1.0,0.06628495454788208,0.9337150454521179,417.0,
418,train,softmax,1.0,0.12127083539962769,0.8787291646003723,418.0,
419,train,softmax,1.0,0.060824811458587646,0.9391751885414124,419.0,
420,train,softmax,1.0,0.17919504642486572,0.8208049535751343,420.0,
421,train,softmax,1.0,0.07167530059814453,0.9283246994018555,421.0,
422,train,softmax,1.0,0.9346798658370972,0.06532013416290283,422.0,
423,train,softmax,1.0,0.14184635877609253,0.8581536412239075,423.0,
424,train,softmax,1.0,0.1047435998916626,0.8952564001083374,424.0,
425,train,softmax,1.0,0.04551881551742554,0.9544811844825745,425.0,
426,train,softmax,1.0,0.08017158508300781,0.9198284149169922,426.0,
427,train,softmax,1.0,0.06632775068283081,0.9336722493171692,427.0,
428,train,softmax,1.0,0.11878716945648193,0.8812128305435181,428.0,
429,train,softmax,1.0,0.1991128921508789,0.8008871078491211,429.0,
430,train,softmax,1.0,0.03263378143310547,0.9673662185668945,430.0,
431,train,softmax,1.0,0.10579496622085571,0.8942050337791443,431.0,
432,train,softmax,1.0,0.07302600145339966,0.9269739985466003,432.0,
433,train,softmax,1.0,0.036675453186035156,0.9633245468139648,433.0,
434,train,softmax,1.0,0.07349550724029541,0.9265044927597046,434.0,
435,train,softmax,1.0,0.2896793484687805,0.7103206515312195,435.0,
436,train,softmax,1.0,0.17131000757217407,0.8286899924278259,436.0,
437,train,softmax,1.0,0.08453810214996338,0.9154618978500366,437.0,
438,train,softmax,1.0,0.1543906331062317,0.8456093668937683,438.0,
439,train,softmax,1.0,0.0626305341720581,0.9373694658279419,439.0,
440,train,softmax,1.0,0.06304395198822021,0.9369560480117798,440.0,
441,train,softmax,1.0,0.29671353101730347,0.7032864689826965,441.0,
442,train,softmax,1.0,0.14638537168502808,0.8536146283149719,442.0,
443,train,softmax,1.0,0.07749015092849731,0.9225098490715027,443.0,
444,train,softmax,1.0,0.10275208950042725,0.8972479104995728,444.0,
445,train,softmax,1.0,0.5674692392349243,0.4325307607650757,445.0,
446,train,softmax,1.0,0.02666497230529785,0.9733350276947021,446.0,
447,train,softmax,1.0,0.0781177282333374,0.9218822717666626,447.0,
448,train,softmax,1.0,0.38172489404678345,0.6182751059532166,448.0,
449,train,softmax,1.0,0.20161068439483643,0.7983893156051636,449.0,
450,train,softmax,1.0,0.08363670110702515,0.9163632988929749,450.0,
451,train,softmax,1.0,0.3652840852737427,0.6347159147262573,451.0,
452,train,softmax,1.0,0.13559561967849731,0.8644043803215027,452.0,
453,train,softmax,1.0,0.18121421337127686,0.8187857866287231,453.0,
454,train,softmax,1.0,0.1308053731918335,0.8691946268081665,454.0,
455,train,softmax,1.0,0.10570728778839111,0.8942927122116089,455.0,
456,train,softmax,1.0,0.1154482364654541,0.8845517635345459,456.0,
457,train,softmax,1.0,0.1953306794166565,0.8046693205833435,457.0,
458,train,softmax,1.0,0.05208539962768555,0.9479146003723145,458.0,
459,train,softmax,1.0,0.7857968211174011,0.21420317888259888,459.0,
460,train,softmax,1.0,0.05615997314453125,0.9438400268554688,460.0,
461,train,softmax,1.0,0.09330427646636963,0.9066957235336304,461.0,
462,train,softmax,1.0,0.23228120803833008,0.7677187919616699,462.0,
463,train,softmax,1.0,0.06722855567932129,0.9327714443206787,463.0,
464,train,softmax,1.0,0.44815391302108765,0.5518460869789124,464.0,
465,train,softmax,1.0,0.17658746242523193,0.8234125375747681,465.0,
466,train,softmax,1.0,0.09826213121414185,0.9017378687858582,466.0,
467,train,softmax,1.0,0.13588404655456543,0.8641159534454346,467.0,
468,train,softmax,1.0,0.0756348967552185,0.9243651032447815,468.0,
469,train,softmax,1.0,0.041696369647979736,0.9583036303520203,469.0,
470,train,softmax,1.0,0.24167096614837646,0.7583290338516235,470.0,
471,train,softmax,1.0,0.10681605339050293,0.8931839466094971,471.0,
472,train,softmax,1.0,0.11908084154129028,0.8809191584587097,472.0,
473,train,softmax,1.0,0.5392569303512573,0.4607430696487427,473.0,
474,train,softmax,1.0,0.06960535049438477,0.9303946495056152,474.0,
475,train,softmax,1.0,0.05030900239944458,0.9496909976005554,475.0,
476,train,softmax,1.0,0.16212677955627441,0.8378732204437256,476.0,
477,train,softmax,1.0,0.07610785961151123,0.9238921403884888,477.0,
478,train,softmax,1.0,0.0625755786895752,0.9374244213104248,478.0,
479,train,softmax,1.0,0.08903765678405762,0.9109623432159424,479.0,
480,train,softmax,1.0,0.311359167098999,0.688640832901001,480.0,
481,train,softmax,1.0,0.09173905849456787,0.9082609415054321,481.0,
482,train,softmax,1.0,0.05237698554992676,0.9476230144500732,482.0,
483,train,softmax,1.0,0.06779760122299194,0.9322023987770081,483.0,
484,train,softmax,1.0,0.20783501863479614,0.7921649813652039,484.0,
485,train,softmax,1.0,0.3581247329711914,0.6418752670288086,485.0,
486,train,softmax,1.0,0.16081887483596802,0.839181125164032,486.0,
487,train,softmax,1.0,0.12233102321624756,0.8776689767837524,487.0,
488,train,softmax,1.0,0.07813668251037598,0.921863317489624,488.0,
489,train,softmax,1.0,0.37716323137283325,0.6228367686271667,489.0,
490,train,softmax,1.0,0.06530457735061646,0.9346954226493835,490.0,
491,train,softmax,1.0,0.06404423713684082,0.9359557628631592,491.0,
492,train,softmax,1.0,0.17665767669677734,0.8233423233032227,492.0,
493,train,softmax,1.0,0.15965187549591064,0.8403481245040894,493.0,
494,train,softmax,1.0,0.14109259843826294,0.8589074015617371,494.0,
495,train,softmax,1.0,0.1201278567314148,0.8798721432685852,495.0,
496,train,softmax,1.0,0.04750525951385498,0.952494740486145,496.0,
497,train,softmax,1.0,0.03407377004623413,0.9659262299537659,497.0,
498,train,softmax,1.0,0.08463239669799805,0.915367603302002,498.0,
499,train,softmax,1.0,0.1310388445854187,0.8689611554145813,499.0,
500,train,softmax,1.0,0.19309943914413452,0.8069005608558655,500.0,
501,train,softmax,1.0,0.09101694822311401,0.908983051776886,501.0,
502,train,softmax,1.0,0.0976172685623169,0.9023827314376831,502.0,
503,train,softmax,1.0,0.08889907598495483,0.9111009240150452,503.0,
504,train,softmax,1.0,0.06528466939926147,0.9347153306007385,504.0,
505,train,softmax,1.0,0.393210232257843,0.606789767742157,505.0,
506,train,softmax,1.0,0.1580263376235962,0.8419736623764038,506.0,
507,train,softmax,1.0,0.3771246671676636,0.6228753328323364,507.0,
508,train,softmax,1.0,0.09176462888717651,0.9082353711128235,508.0,
509,train,softmax,1.0,0.12130433320999146,0.8786956667900085,509.0,
510,train,softmax,1.0,0.1404547095298767,0.8595452904701233,510.0,
511,train,softmax,1.0,0.1499043107032776,0.8500956892967224,511.0,
512,train,softmax,1.0,0.06303232908248901,0.936967670917511,512.0,
513,train,softmax,1.0,0.1319272518157959,0.8680727481842041,513.0,
514,train,softmax,1.0,0.06784147024154663,0.9321585297584534,514.0,
515,train,softmax,1.0,0.07040351629257202,0.929596483707428,515.0,
516,train,softmax,1.0,0.050529420375823975,0.949470579624176,516.0,
517,train,softmax,1.0,0.21143358945846558,0.7885664105415344,517.0,
518,train,softmax,1.0,0.08614891767501831,0.9138510823249817,518.0,
519,train,softmax,1.0,0.15780067443847656,0.8421993255615234,519.0,
520,train,softmax,1.0,0.14088201522827148,0.8591179847717285,520.0,
521,train,softmax,1.0,0.20702975988388062,0.7929702401161194,521.0,
522,train,softmax,1.0,0.0441470742225647,0.9558529257774353,522.0,
523,train,softmax,1.0,0.11395728588104248,0.8860427141189575,523.0,
524,train,softmax,1.0,0.13549470901489258,0.8645052909851074,524.0,
525,train,softmax,1.0,0.13906699419021606,0.8609330058097839,525.0,
526,train,softmax,1.0,0.07965576648712158,0.9203442335128784,526.0,
527,train,softmax,1.0,0.14509212970733643,0.8549078702926636,527.0,
528,train,softmax,1.0,0.08964806795120239,0.9103519320487976,528.0,
529,train,softmax,1.0,0.03419095277786255,0.9658090472221375,529.0,
530,train,softmax,1.0,0.1554088592529297,0.8445911407470703,530.0,
531,train,softmax,1.0,0.09569644927978516,0.9043035507202148,531.0,
532,train,softmax,1.0,0.07133889198303223,0.9286611080169678,532.0,
533,train,softmax,1.0,0.09136718511581421,0.9086328148841858,533.0,
534,train,softmax,1.0,0.8698320984840393,0.1301679015159607,534.0,
535,train,softmax,1.0,0.08692711591720581,0.9130728840827942,535.0,
536,train,softmax,1.0,0.08100032806396484,0.9189996719360352,536.0,
537,train,softmax,1.0,0.046970367431640625,0.9530296325683594,537.0,
538,train,softmax,1.0,0.09745192527770996,0.90254807472229,538.0,
539,train,softmax,1.0,0.05979651212692261,0.9402034878730774,539.0,
540,train,softmax,1.0,0.09973591566085815,0.9002640843391418,540.0,
541,train,softmax,1.0,0.08313608169555664,0.9168639183044434,541.0,
542,train,softmax,1.0,0.06771069765090942,0.9322893023490906,542.0,
543,train,softmax,1.0,0.056066036224365234,0.9439339637756348,543.0,
544,train,softmax,1.0,0.07672524452209473,0.9232747554779053,544.0,
545,train,softmax,1.0,0.3496055006980896,0.6503944993019104,545.0,
546,train,softmax,1.0,0.6244074106216431,0.37559258937835693,546.0,
547,train,softmax,1.0,0.10150772333145142,0.8984922766685486,547.0,
548,train,softmax,1.0,0.05518627166748047,0.9448137283325195,548.0,
549,train,softmax,1.0,0.08555072546005249,0.9144492745399475,549.0,
550,train,softmax,1.0,0.04962420463562012,0.9503757953643799,550.0,
551,train,softmax,1.0,0.06991338729858398,0.930086612701416,551.0,
552,train,softmax,1.0,0.0972324013710022,0.9027675986289978,552.0,
553,train,softmax,1.0,0.08736705780029297,0.912632942199707,553.0,
554,train,softmax,1.0,0.11457395553588867,0.8854260444641113,554.0,
555,train,softmax,1.0,0.6656239032745361,0.33437609672546387,555.0,
556,train,softmax,1.0,0.05340343713760376,0.9465965628623962,556.0,
557,train,softmax,1.0,0.9525192379951477,0.047480762004852295,557.0,
558,train,softmax,1.0,0.05181443691253662,0.9481855630874634,558.0,
559,train,softmax,1.0,0.05672663450241089,0.9432733654975891,559.0,
560,train,softmax,1.0,0.06456261873245239,0.9354373812675476,560.0,
561,train,softmax,1.0,0.12761229276657104,0.872387707233429,561.0,
562,train,softmax,1.0,0.08179020881652832,0.9182097911834717,562.0,
563,train,softmax,1.0,0.13404566049575806,0.8659543395042419,563.0,
564,train,softmax,1.0,0.09314662218093872,0.9068533778190613,564.0,
565,train,softmax,1.0,0.0744820237159729,0.9255179762840271,565.0,
566,train,softmax,1.0,0.09136092662811279,0.9086390733718872,566.0,
567,train,softmax,1.0,0.08491075038909912,0.9150892496109009,567.0,
568,train,softmax,1.0,0.044675350189208984,0.955324649810791,568.0,
569,train,softmax,1.0,0.08443993330001831,0.9155600666999817,569.0,
570,train,softmax,1.0,0.13016462326049805,0.869835376739502,570.0,
571,train,softmax,1.0,0.08741265535354614,0.9125873446464539,571.0,
572,train,softmax,1.0,0.09454268217086792,0.9054573178291321,572.0,
573,train,softmax,1.0,0.20270192623138428,0.7972980737686157,573.0,
574,train,softmax,1.0,0.04420870542526245,0.9557912945747375,574.0,
575,train,softmax,1.0,0.4254438281059265,0.5745561718940735,575.0,
576,train,softmax,1.0,0.11075294017791748,0.8892470598220825,576.0,
577,train,softmax,1.0,0.12897205352783203,0.871027946472168,577.0,
578,train,softmax,1.0,0.09047210216522217,0.9095278978347778,578.0,
579,train,softmax,1.0,0.03892248868942261,0.9610775113105774,579.0,
580,train,softmax,1.0,0.083884596824646,0.916115403175354,580.0,
581,train,softmax,1.0,0.06476962566375732,0.9352303743362427,581.0,
582,train,softmax,1.0,0.19222521781921387,0.8077747821807861,582.0,
583,train,softmax,1.0,0.09396606683731079,0.9060339331626892,583.0,
584,train,softmax,1.0,0.07493650913238525,0.9250634908676147,584.0,
585,train,softmax,1.0,0.08090460300445557,0.9190953969955444,585.0,
586,train,softmax,1.0,0.06854367256164551,0.9314563274383545,586.0,
587,train,softmax,1.0,0.0923418402671814,0.9076581597328186,587.0,
588,train,softmax,1.0,0.1372373104095459,0.8627626895904541,588.0,
589,train,softmax,1.0,0.07852321863174438,0.9214767813682556,589.0,
590,train,softmax,1.0,0.15157026052474976,0.8484297394752502,590.0,
591,train,softmax,1.0,0.05692934989929199,0.943070650100708,591.0,
592,train,softmax,1.0,0.08155214786529541,0.9184478521347046,592.0,
593,train,softmax,1.0,0.09410518407821655,0.9058948159217834,593.0,
594,train,softmax,1.0,0.046112895011901855,0.9538871049880981,594.0,
595,train,softmax,1.0,0.06840068101882935,0.9315993189811707,595.0,
596,train,softmax,1.0,0.11139672994613647,0.8886032700538635,596.0,
597,train,softmax,1.0,0.09946250915527344,0.9005374908447266,597.0,
598,train,softmax,1.0,0.6155734062194824,0.3844265937805176,598.0,
599,train,softmax,1.0,0.05404752492904663,0.9459524750709534,599.0,
600,train,softmax,1.0,0.11046087741851807,0.8895391225814819,600.0,
601,train,softmax,1.0,0.10438060760498047,0.8956193923950195,601.0,
602,train,softmax,1.0,0.057195842266082764,0.9428041577339172,602.0,
603,train,softmax,1.0,0.5177701711654663,0.4822298288345337,603.0,
604,train,softmax,1.0,0.06222933530807495,0.937770664691925,604.0,
605,train,softmax,1.0,0.7244419455528259,0.2755580544471741,605.0,
606,train,softmax,1.0,0.11138910055160522,0.8886108994483948,606.0,
607,train,softmax,1.0,0.06679314374923706,0.9332068562507629,607.0,
608,train,softmax,1.0,0.07751792669296265,0.9224820733070374,608.0,
609,train,softmax,1.0,0.12856876850128174,0.8714312314987183,609.0,
610,train,softmax,1.0,0.06711256504058838,0.9328874349594116,610.0,
611,train,softmax,1.0,0.04635798931121826,0.9536420106887817,611.0,
612,train,softmax,1.0,0.06725382804870605,0.932746171951294,612.0,
613,train,softmax,1.0,0.18195796012878418,0.8180420398712158,613.0,
614,train,softmax,1.0,0.18279391527175903,0.817206084728241,614.0,
615,train,softmax,1.0,0.2975974678993225,0.7024025321006775,615.0,
616,train,softmax,1.0,0.09254366159439087,0.9074563384056091,616.0,
617,train,softmax,1.0,0.06676721572875977,0.9332327842712402,617.0,
618,train,softmax,1.0,0.04547673463821411,0.9545232653617859,618.0,
619,train,softmax,1.0,0.06352382898330688,0.9364761710166931,619.0,
620,train,softmax,1.0,0.10151499509811401,0.898485004901886,620.0,
621,train,softmax,1.0,0.09701842069625854,0.9029815793037415,621.0,
622,train,softmax,1.0,0.0837523341178894,0.9162476658821106,622.0,
623,train,softmax,1.0,0.06002223491668701,0.939977765083313,623.0,
624,train,softmax,1.0,0.08336102962493896,0.916638970375061,624.0,
625,train,softmax,1.0,0.1966800093650818,0.8033199906349182,625.0,
626,train,softmax,1.0,0.04900580644607544,0.9509941935539246,626.0,
627,train,softmax,1.0,0.11512058973312378,0.8848794102668762,627.0,
628,train,softmax,1.0,0.11225336790084839,0.8877466320991516,628.0,
629,train,softmax,1.0,0.053859710693359375,0.9461402893066406,629.0,
630,train,softmax,1.0,0.4861677885055542,0.5138322114944458,630.0,
631,train,softmax,1.0,0.0620998740196228,0.9379001259803772,631.0,
632,train,softmax,1.0,0.09531062841415405,0.904689371585846,632.0,
633,train,softmax,1.0,0.4503147006034851,0.5496852993965149,633.0,
634,train,softmax,1.0,0.12045550346374512,0.8795444965362549,634.0,
635,train,softmax,1.0,0.4941871762275696,0.5058128237724304,635.0,
636,train,softmax,1.0,0.09321999549865723,0.9067800045013428,636.0,
637,train,softmax,1.0,0.11232155561447144,0.8876784443855286,637.0,
638,train,softmax,1.0,0.06481719017028809,0.9351828098297119,638.0,
639,train,softmax,1.0,0.06019771099090576,0.9398022890090942,639.0,
640,train,softmax,1.0,0.18699663877487183,0.8130033612251282,640.0,
641,train,softmax,1.0,0.11980932950973511,0.8801906704902649,641.0,
642,train,softmax,1.0,0.148485004901886,0.851514995098114,642.0,
643,train,softmax,1.0,0.5933270454406738,0.40667295455932617,643.0,
644,train,softmax,1.0,0.07612067461013794,0.9238793253898621,644.0,
645,train,softmax,1.0,0.12523949146270752,0.8747605085372925,645.0,
646,train,softmax,1.0,0.1276983618736267,0.8723016381263733,646.0,
647,train,softmax,1.0,0.05760467052459717,0.9423953294754028,647.0,
648,train,softmax,1.0,0.11654061079025269,0.8834593892097473,648.0,
649,train,softmax,1.0,0.07204151153564453,0.9279584884643555,649.0,
650,train,softmax,1.0,0.10414808988571167,0.8958519101142883,650.0,
651,train,softmax,1.0,0.11578357219696045,0.8842164278030396,651.0,
652,train,softmax,1.0,0.1118651032447815,0.8881348967552185,652.0,
653,train,softmax,1.0,0.05578780174255371,0.9442121982574463,653.0,
654,train,softmax,1.0,0.09316498041152954,0.9068350195884705,654.0,
655,train,softmax,1.0,0.08429694175720215,0.9157030582427979,655.0,
656,train,softmax,1.0,0.07286518812179565,0.9271348118782043,656.0,
657,train,softmax,1.0,0.02114999294281006,0.9788500070571899,657.0,
658,train,softmax,1.0,0.04362070560455322,0.9563792943954468,658.0,
659,train,softmax,1.0,0.051685333251953125,0.9483146667480469,659.0,
660,train,softmax,1.0,0.11171537637710571,0.8882846236228943,660.0,
661,train,softmax,1.0,0.23722738027572632,0.7627726197242737,661.0,
662,train,softmax,1.0,0.08677792549133301,0.913222074508667,662.0,
663,train,softmax,1.0,0.13090544939041138,0.8690945506095886,663.0,
664,train,softmax,1.0,0.10281014442443848,0.8971898555755615,664.0,
665,train,softmax,1.0,0.06764751672744751,0.9323524832725525,665.0,
666,train,softmax,1.0,0.09085875749588013,0.9091412425041199,666.0,
667,train,softmax,1.0,0.10014808177947998,0.89985191822052,667.0,
668,train,softmax,1.0,0.11399465799331665,0.8860053420066833,668.0,
669,train,softmax,1.0,0.05305290222167969,0.9469470977783203,669.0,
670,train,softmax,1.0,0.29512208700180054,0.7048779129981995,670.0,
671,train,softmax,1.0,0.07516080141067505,0.924839198589325,671.0,
672,train,softmax,1.0,0.04221606254577637,0.9577839374542236,672.0,
673,train,softmax,1.0,0.04462134838104248,0.9553786516189575,673.0,
674,train,softmax,1.0,0.09306454658508301,0.906935453414917,674.0,
675,train,softmax,1.0,0.0800313949584961,0.9199686050415039,675.0,
676,train,softmax,1.0,0.04289895296096802,0.957101047039032,676.0,
677,train,softmax,1.0,0.039517223834991455,0.9604827761650085,677.0,
678,train,softmax,1.0,0.0580822229385376,0.9419177770614624,678.0,
679,train,softmax,1.0,0.09800976514816284,0.9019902348518372,679.0,
680,train,softmax,1.0,0.9999999403953552,5.960464477539063e-08,680.0,
681,train,softmax,1.0,0.09011316299438477,0.9098868370056152,681.0,
682,train,softmax,1.0,0.1627522110939026,0.8372477889060974,682.0,
683,train,softmax,1.0,0.13876843452453613,0.8612315654754639,683.0,
684,train,softmax,1.0,0.07203084230422974,0.9279691576957703,684.0,
685,train,softmax,1.0,0.05607789754867554,0.9439221024513245,685.0,
686,train,softmax,1.0,0.05841505527496338,0.9415849447250366,686.0,
687,train,softmax,1.0,0.058503568172454834,0.9414964318275452,687.0,
688,train,softmax,1.0,0.05491518974304199,0.945084810256958,688.0,
689,train,softmax,1.0,0.05630892515182495,0.943691074848175,689.0,
690,train,softmax,1.0,0.12154209613800049,0.8784579038619995,690.0,
691,train,softmax,1.0,0.6557055711746216,0.3442944288253784,691.0,
692,train,softmax,1.0,0.0801382064819336,0.9198617935180664,692.0,
693,train,softmax,1.0,0.25576967000961304,0.744230329990387,693.0,
694,train,softmax,1.0,0.150324285030365,0.849675714969635,694.0,
695,train,softmax,1.0,0.09563177824020386,0.9043682217597961,695.0,
696,train,softmax,1.0,0.033033132553100586,0.9669668674468994,696.0,
697,train,softmax,1.0,0.37470585107803345,0.6252941489219666,697.0,
698,train,softmax,1.0,0.06965774297714233,0.9303422570228577,698.0,
699,train,softmax,1.0,0.10449820756912231,0.8955017924308777,699.0,
700,train,softmax,1.0,0.06536865234375,0.93463134765625,700.0,
701,train,softmax,1.0,0.059196531772613525,0.9408034682273865,701.0,
702,train,softmax,1.0,0.04130542278289795,0.958694577217102,702.0,
703,train,softmax,1.0,0.07069778442382812,0.9293022155761719,703.0,
704,train,softmax,1.0,0.13812261819839478,0.8618773818016052,704.0,
705,train,softmax,1.0,0.2829078435897827,0.7170921564102173,705.0,
706,train,softmax,1.0,0.13174927234649658,0.8682507276535034,706.0,
707,train,softmax,1.0,0.060687482357025146,0.9393125176429749,707.0,
708,train,softmax,1.0,0.08536279201507568,0.9146372079849243,708.0,
709,train,softmax,1.0,0.03562825918197632,0.9643717408180237,709.0,
710,train,softmax,1.0,0.03860175609588623,0.9613982439041138,710.0,
711,train,softmax,1.0,0.09953778982162476,0.9004622101783752,711.0,
712,train,softmax,1.0,0.11378836631774902,0.886211633682251,712.0,
713,train,softmax,1.0,0.05616319179534912,0.9438368082046509,713.0,
714,train,softmax,1.0,0.09971493482589722,0.9002850651741028,714.0,
715,train,softmax,1.0,0.512065052986145,0.487934947013855,715.0,
716,train,softmax,1.0,0.09271103143692017,0.9072889685630798,716.0,
717,train,softmax,1.0,0.06161344051361084,0.9383865594863892,717.0,
718,train,softmax,1.0,0.08467221260070801,0.915327787399292,718.0,
719,train,softmax,1.0,0.1848447322845459,0.8151552677154541,719.0,
720,train,softmax,1.0,0.08687847852706909,0.9131215214729309,720.0,
721,train,softmax,1.0,0.10564100742340088,0.8943589925765991,721.0,
722,train,softmax,1.0,0.08886724710464478,0.9111327528953552,722.0,
723,train,softmax,1.0,0.08055996894836426,0.9194400310516357,723.0,
724,train,softmax,1.0,0.0941845178604126,0.9058154821395874,724.0,
725,train,softmax,1.0,0.16558939218521118,0.8344106078147888,725.0,
726,train,softmax,1.0,0.0594443678855896,0.9405556321144104,726.0,
727,train,softmax,1.0,0.05742073059082031,0.9425792694091797,727.0,
728,train,softmax,1.0,0.04345047473907471,0.9565495252609253,728.0,
729,train,softmax,1.0,0.10754913091659546,0.8924508690834045,729.0,
730,train,softmax,1.0,0.12162578105926514,0.8783742189407349,730.0,
731,train,softmax,1.0,0.08413577079772949,0.9158642292022705,731.0,
732,train,softmax,1.0,0.07717180252075195,0.922828197479248,732.0,
733,train,softmax,1.0,0.2561541199684143,0.7438458800315857,733.0,
734,train,softmax,1.0,0.14758974313735962,0.8524102568626404,734.0,
735,train,softmax,1.0,0.0330011248588562,0.9669988751411438,735.0,
736,train,softmax,1.0,0.06929397583007812,0.9307060241699219,736.0,
737,train,softmax,1.0,0.18934690952301025,0.8106530904769897,737.0,
738,train,softmax,1.0,0.21348172426223755,0.7865182757377625,738.0,
739,train,softmax,1.0,0.13491523265838623,0.8650847673416138,739.0,
740,train,softmax,1.0,0.14244282245635986,0.8575571775436401,740.0,
741,train,softmax,1.0,0.0847635269165039,0.9152364730834961,741.0,
742,train,softmax,1.0,0.38147473335266113,0.6185252666473389,742.0,
743,train,softmax,1.0,0.1057390570640564,0.8942609429359436,743.0,
744,train,softmax,1.0,0.10452592372894287,0.8954740762710571,744.0,
745,train,softmax,1.0,0.06071782112121582,0.9392821788787842,745.0,
746,train,softmax,1.0,0.10360574722290039,0.8963942527770996,746.0,
747,train,softmax,1.0,0.11521762609481812,0.8847823739051819,747.0,
748,train,softmax,1.0,0.18659931421279907,0.8134006857872009,748.0,
749,train,softmax,1.0,0.07504481077194214,0.9249551892280579,749.0,
750,train,softmax,1.0,0.04071629047393799,0.959283709526062,750.0,
751,train,softmax,1.0,0.15789777040481567,0.8421022295951843,751.0,
752,train,softmax,1.0,0.042867064476013184,0.9571329355239868,752.0,
753,train,softmax,1.0,0.03188621997833252,0.9681137800216675,753.0,
754,train,softmax,1.0,0.06195908784866333,0.9380409121513367,754.0,
755,train,softmax,1.0,0.17448806762695312,0.8255119323730469,755.0,
756,train,softmax,1.0,0.08754092454910278,0.9124590754508972,756.0,
757,train,softmax,1.0,0.09842121601104736,0.9015787839889526,757.0,
758,train,softmax,1.0,0.3861235976219177,0.6138764023780823,758.0,
759,train,softmax,1.0,0.04866445064544678,0.9513355493545532,759.0,
760,train,softmax,1.0,0.04918026924133301,0.950819730758667,760.0,
761,train,softmax,1.0,0.06068980693817139,0.9393101930618286,761.0,
762,train,softmax,1.0,0.12629252672195435,0.8737074732780457,762.0,
763,train,softmax,1.0,0.11568033695220947,0.8843196630477905,763.0,
764,train,softmax,1.0,0.08810961246490479,0.9118903875350952,764.0,
765,train,softmax,1.0,0.0972413420677185,0.9027586579322815,765.0,
766,train,softmax,1.0,0.08031690120697021,0.9196830987930298,766.0,
767,train,softmax,1.0,0.07577383518218994,0.9242261648178101,767.0,
768,train,softmax,1.0,0.12285494804382324,0.8771450519561768,768.0,
769,train,softmax,1.0,0.17461973428726196,0.825380265712738,769.0,
770,train,softmax,1.0,0.1403469443321228,0.8596530556678772,770.0,
771,train,softmax,1.0,0.07066571712493896,0.929334282875061,771.0,
772,train,softmax,1.0,0.13316786289215088,0.8668321371078491,772.0,
773,train,softmax,1.0,0.12317913770675659,0.8768208622932434,773.0,
774,train,softmax,1.0,0.056486427783966064,0.9435135722160339,774.0,
775,train,softmax,1.0,0.08901768922805786,0.9109823107719421,775.0,
776,train,softmax,1.0,0.09156197309494019,0.9084380269050598,776.0,
777,train,softmax,1.0,0.12257528305053711,0.8774247169494629,777.0,
778,train,softmax,1.0,0.11037701368331909,0.8896229863166809,778.0,
779,train,softmax,1.0,0.07385671138763428,0.9261432886123657,779.0,
780,train,softmax,1.0,0.13417494297027588,0.8658250570297241,780.0,
781,train,softmax,1.0,0.060694336891174316,0.9393056631088257,781.0,
782,train,softmax,1.0,0.08963596820831299,0.910364031791687,782.0,
783,train,softmax,1.0,0.06499308347702026,0.9350069165229797,783.0,
784,train,softmax,1.0,0.0631529688835144,0.9368470311164856,784.0,
785,train,softmax,1.0,0.13869225978851318,0.8613077402114868,785.0,
786,train,softmax,1.0,0.1362602710723877,0.8637397289276123,786.0,
787,train,softmax,1.0,0.07442343235015869,0.9255765676498413,787.0,
788,train,softmax,1.0,0.21417760848999023,0.7858223915100098,788.0,
789,train,softmax,1.0,0.10717296600341797,0.892827033996582,789.0,
790,train,softmax,1.0,0.13895928859710693,0.8610407114028931,790.0,
791,train,softmax,1.0,0.07250261306762695,0.927497386932373,791.0,
792,train,softmax,1.0,0.11932605504989624,0.8806739449501038,792.0,
793,train,softmax,1.0,0.16953063011169434,0.8304693698883057,793.0,
794,train,softmax,1.0,0.1885940432548523,0.8114059567451477,794.0,
795,train,softmax,1.0,0.06492161750793457,0.9350783824920654,795.0,
796,train,softmax,1.0,0.13112354278564453,0.8688764572143555,796.0,
797,train,softmax,1.0,0.2708388566970825,0.7291611433029175,797.0,
798,train,softmax,1.0,0.07251107692718506,0.9274889230728149,798.0,
799,train,softmax,1.0,1.0,0.0,799.0,
800,ind_val,softmax,1.0,0.05606067180633545,0.9439393281936646,0.0,
801,ind_val,softmax,1.0,0.12030529975891113,0.8796947002410889,1.0,
802,ind_val,softmax,1.0,0.039283037185668945,0.960716962814331,2.0,
803,ind_val,softmax,1.0,0.21029943227767944,0.7897005677223206,3.0,
804,ind_val,softmax,1.0,0.08054602146148682,0.9194539785385132,4.0,
805,ind_val,softmax,1.0,0.03631633520126343,0.9636836647987366,5.0,
806,ind_test,softmax,1.0,0.13987970352172852,0.8601202964782715,0.0,
807,ind_test,softmax,1.0,0.07003337144851685,0.9299666285514832,1.0,
808,ind_test,softmax,1.0,0.056468069553375244,0.9435319304466248,2.0,
809,ind_test,softmax,1.0,0.10412156581878662,0.8958784341812134,3.0,
810,ind_test,softmax,1.0,0.043107688426971436,0.9568923115730286,4.0,
811,ind_test,softmax,1.0,0.15037423372268677,0.8496257662773132,5.0,
812,EtisLaribDB,softmax,1.0,0.9999999403953552,5.960464477539063e-08,0.0,
813,EtisLaribDB,softmax,1.0,0.9999985694885254,1.430511474609375e-06,1.0,
814,EtisLaribDB,softmax,1.0,0.9999999403953552,5.960464477539063e-08,2.0,
815,EtisLaribDB,softmax,1.0,0.9999992847442627,7.152557373046875e-07,3.0,
816,EtisLaribDB,softmax,1.0,1.0,0.0,4.0,
817,EtisLaribDB,softmax,1.0,0.9999998807907104,1.1920928955078125e-07,5.0,
818,EtisLaribDB,softmax,1.0,0.9999929666519165,7.033348083496094e-06,6.0,
819,EtisLaribDB,softmax,1.0,1.0,0.0,7.0,
820,EtisLaribDB,softmax,1.0,1.0,0.0,8.0,
821,EtisLaribDB,softmax,1.0,1.0,0.0,9.0,
822,EtisLaribDB,softmax,1.0,1.0,0.0,10.0,
823,EtisLaribDB,softmax,1.0,0.9999999403953552,5.960464477539063e-08,11.0,
824,CVC-ClinicDB,softmax,1.0,0.7225649952888489,0.2774350047111511,0.0,
825,CVC-ClinicDB,softmax,1.0,0.6693228483200073,0.3306771516799927,1.0,
826,CVC-ClinicDB,softmax,1.0,0.8221986293792725,0.17780137062072754,2.0,
827,CVC-ClinicDB,softmax,1.0,0.6503965854644775,0.34960341453552246,3.0,
828,CVC-ClinicDB,softmax,1.0,0.6171556711196899,0.38284432888031006,4.0,
829,CVC-ClinicDB,softmax,1.0,0.2984141707420349,0.7015858292579651,5.0,
830,CVC-ClinicDB,softmax,1.0,0.23366034030914307,0.7663396596908569,6.0,
831,CVC-ClinicDB,softmax,1.0,0.6968297958374023,0.30317020416259766,7.0,
832,CVC-ClinicDB,softmax,1.0,0.8234636783599854,0.17653632164001465,8.0,
833,CVC-ClinicDB,softmax,1.0,0.48733681440353394,0.5126631855964661,9.0,
834,CVC-ClinicDB,softmax,1.0,0.6598318219184875,0.34016817808151245,10.0,
835,CVC-ClinicDB,softmax,1.0,0.6516634225845337,0.3483365774154663,11.0,
836,CVC-ClinicDB,softmax,1.0,0.2710021734237671,0.7289978265762329,12.0,
837,CVC-ClinicDB,softmax,1.0,0.867665708065033,0.13233429193496704,13.0,
838,CVC-ClinicDB,softmax,1.0,0.7552312612533569,0.24476873874664307,14.0,
839,CVC-ClinicDB,softmax,1.0,0.4747314453125,0.5252685546875,15.0,
840,CVC-ClinicDB,softmax,1.0,0.6847246885299683,0.31527531147003174,16.0,
841,CVC-ClinicDB,softmax,1.0,0.6364586353302002,0.3635413646697998,17.0,
842,CVC-ClinicDB,softmax,1.0,0.6770669221878052,0.3229330778121948,18.0,
843,CVC-ClinicDB,softmax,1.0,0.8414435386657715,0.15855646133422852,19.0,
844,CVC-ClinicDB,softmax,1.0,0.5333807468414307,0.46661925315856934,20.0,
845,CVC-ClinicDB,softmax,1.0,0.8778835535049438,0.12211644649505615,21.0,
846,CVC-ClinicDB,softmax,1.0,0.49087393283843994,0.5091260671615601,22.0,
847,CVC-ClinicDB,softmax,1.0,0.1434740424156189,0.8565259575843811,23.0,
848,CVC-ClinicDB,softmax,1.0,0.955657422542572,0.04434257745742798,24.0,
849,CVC-ClinicDB,softmax,1.0,0.24232298135757446,0.7576770186424255,25.0,
850,CVC-ClinicDB,softmax,1.0,0.809856653213501,0.19014334678649902,26.0,
851,CVC-ClinicDB,softmax,1.0,0.19508570432662964,0.8049142956733704,27.0,
852,CVC-ClinicDB,softmax,1.0,0.9118032455444336,0.0881967544555664,28.0,
853,CVC-ClinicDB,softmax,1.0,0.6918171048164368,0.30818289518356323,29.0,
854,CVC-ClinicDB,softmax,1.0,0.21170157194137573,0.7882984280586243,30.0,
855,CVC-ClinicDB,softmax,1.0,0.7606682181358337,0.23933178186416626,31.0,
856,CVC-ClinicDB,softmax,1.0,0.6497030258178711,0.3502969741821289,32.0,
857,CVC-ClinicDB,softmax,1.0,0.34958314895629883,0.6504168510437012,33.0,
858,CVC-ClinicDB,softmax,1.0,0.101226806640625,0.898773193359375,34.0,
859,CVC-ClinicDB,softmax,1.0,0.1622081995010376,0.8377918004989624,35.0,
860,CVC-ClinicDB,softmax,1.0,0.6756148934364319,0.3243851065635681,36.0,
861,CVC-ClinicDB,softmax,1.0,0.08010530471801758,0.9198946952819824,37.0,
862,EndoCV2020,softmax,1.0,0.9898894429206848,0.010110557079315186,0.0,
863,EndoCV2020,softmax,1.0,0.05983126163482666,0.9401687383651733,1.0,
864,EndoCV2020,softmax,1.0,0.5336390137672424,0.46636098623275757,2.0,
865,EndoCV2020,softmax,1.0,0.04763686656951904,0.952363133430481,3.0,
866,EndoCV2020,softmax,1.0,0.03740847110748291,0.9625915288925171,4.0,
867,EndoCV2020,softmax,1.0,0.14756900072097778,0.8524309992790222,5.0,
868,EndoCV2020,softmax,1.0,0.7282337546348572,0.2717662453651428,6.0,
