,Dataset,feature_name,train_shift,test_shift,shift_intensity,sample_size,monotonic mape,monotonic mae
0,Polyp,grad_magnitude,CVC-ClinicDB,CVC-ClinicDB,CVC-ClinicDB,32,0.19480922258393896,0.06717125137196744
1,Polyp,grad_magnitude,CVC-ClinicDB,EndoCV2020,EndoCV2020,32,0.18966071405023135,0.06373733830169914
2,Polyp,grad_magnitude,CVC-ClinicDB,EtisLaribDB,EtisLaribDB,32,0.6613251315359138,0.47122939907353417
3,Polyp,grad_magnitude,CVC-ClinicDB,brightness,0.05,32,0.22137657270764083,0.035099219210824956
4,Polyp,grad_magnitude,CVC-ClinicDB,brightness,0.1,32,0.21689673113444166,0.034922550154209926
5,Polyp,grad_magnitude,CVC-ClinicDB,brightness,0.15000000000000002,32,0.2013677961219006,0.03430437007998573
6,Polyp,grad_magnitude,CVC-ClinicDB,brightness,0.2,32,0.23663693016523116,0.040556817409089035
7,Polyp,grad_magnitude,CVC-ClinicDB,brightness,0.25,32,0.2165705439780503,0.038683685946768256
8,Polyp,grad_magnitude,CVC-ClinicDB,contrast,0.05,32,0.2634369464543704,0.03979643907630104
9,Polyp,grad_magnitude,CVC-ClinicDB,contrast,0.1,32,0.22925521986474615,0.03628662786566313
10,Polyp,grad_magnitude,CVC-ClinicDB,contrast,0.15000000000000002,32,0.25182413430230716,0.040076392601468155
11,Polyp,grad_magnitude,CVC-ClinicDB,contrast,0.2,32,0.2533280072218999,0.04238183427039915
12,Polyp,grad_magnitude,CVC-ClinicDB,contrast,0.25,32,0.23287194311553233,0.03853158406536563
13,Polyp,grad_magnitude,CVC-ClinicDB,hue,0.05,32,0.1713353694665347,0.03205707382591974
14,Polyp,grad_magnitude,CVC-ClinicDB,hue,0.1,32,0.20495302325408485,0.03836928229129185
15,Polyp,grad_magnitude,CVC-ClinicDB,hue,0.15000000000000002,32,0.248475633022322,0.053109348732112524
16,Polyp,grad_magnitude,CVC-ClinicDB,hue,0.2,32,0.22456621239279773,0.053044365234958486
17,Polyp,grad_magnitude,CVC-ClinicDB,hue,0.25,32,0.2027759249131699,0.05888231105188063
18,Polyp,grad_magnitude,CVC-ClinicDB,ind_test,test,32,0.22548149910378384,0.038325214098559594
19,Polyp,grad_magnitude,CVC-ClinicDB,multnoise,0.05,32,0.16294683411755317,0.033908802255088924
20,Polyp,grad_magnitude,CVC-ClinicDB,multnoise,0.1,32,0.3017118454893309,0.0949326277053998
21,Polyp,grad_magnitude,CVC-ClinicDB,multnoise,0.15000000000000002,32,0.48940580199232736,0.19744878924035497
22,Polyp,grad_magnitude,CVC-ClinicDB,multnoise,0.2,32,0.7327408362332115,0.4973118715932593
23,Polyp,grad_magnitude,CVC-ClinicDB,multnoise,0.25,32,0.8280700689947367,0.7802394810269933
24,Polyp,grad_magnitude,CVC-ClinicDB,noise,0.05,32,0.1923209136910636,0.037341641578594965
25,Polyp,grad_magnitude,CVC-ClinicDB,noise,0.1,32,0.2363616494814404,0.0626504306444157
26,Polyp,grad_magnitude,CVC-ClinicDB,noise,0.15000000000000002,32,0.4199596925731924,0.1490724231582346
27,Polyp,grad_magnitude,CVC-ClinicDB,noise,0.2,32,0.6430734871785703,0.35132212160447146
28,Polyp,grad_magnitude,CVC-ClinicDB,noise,0.25,32,0.8132515862122119,0.7260907327781517
29,Polyp,grad_magnitude,CVC-ClinicDB,saltpepper,0.05,32,0.6960266697849776,0.41700532271490687
30,Polyp,grad_magnitude,CVC-ClinicDB,saltpepper,0.1,32,0.8416185260878746,0.8416185260878746
31,Polyp,grad_magnitude,CVC-ClinicDB,saltpepper,0.15000000000000002,32,0.8416185260879158,0.8416185260879158
32,Polyp,grad_magnitude,CVC-ClinicDB,saltpepper,0.2,32,0.8416185260879243,0.8416185260879243
33,Polyp,grad_magnitude,CVC-ClinicDB,saltpepper,0.25,32,0.8416185260898967,0.8416185260898967
34,Polyp,grad_magnitude,CVC-ClinicDB,smear,0.05,32,0.21252417130430376,0.05467821068863815
35,Polyp,grad_magnitude,CVC-ClinicDB,smear,0.1,32,0.3397209024250148,0.11382647191727698
36,Polyp,grad_magnitude,CVC-ClinicDB,smear,0.15000000000000002,32,0.4950269939904865,0.20439277574928746
37,Polyp,grad_magnitude,CVC-ClinicDB,smear,0.2,32,0.5382570412378019,0.2588835351605835
38,Polyp,grad_magnitude,CVC-ClinicDB,smear,0.25,32,0.6006430420899935,0.3230705296836163
39,Polyp,grad_magnitude,EndoCV2020,CVC-ClinicDB,CVC-ClinicDB,32,0.23115135533774187,0.07935140647054001
40,Polyp,grad_magnitude,EndoCV2020,EndoCV2020,EndoCV2020,32,0.1895897600332064,0.06412780823806266
41,Polyp,grad_magnitude,EndoCV2020,EtisLaribDB,EtisLaribDB,32,0.6643534064463368,0.4734180726028632
42,Polyp,grad_magnitude,EndoCV2020,brightness,0.05,32,0.23310145123561743,0.03763319789196502
43,Polyp,grad_magnitude,EndoCV2020,brightness,0.1,32,0.21743341216130363,0.03582589885405115
44,Polyp,grad_magnitude,EndoCV2020,brightness,0.15000000000000002,32,0.21221679382254888,0.037063153724410124
45,Polyp,grad_magnitude,EndoCV2020,brightness,0.2,32,0.24152625259674323,0.041758799352048154
46,Polyp,grad_magnitude,EndoCV2020,brightness,0.25,32,0.22305693321936268,0.04009409381122369
47,Polyp,grad_magnitude,EndoCV2020,contrast,0.05,32,0.26286712276721863,0.040421492505084845
48,Polyp,grad_magnitude,EndoCV2020,contrast,0.1,32,0.21657037106374272,0.03449081788364714
49,Polyp,grad_magnitude,EndoCV2020,contrast,0.15000000000000002,32,0.24801076468967684,0.039821307320602836
50,Polyp,grad_magnitude,EndoCV2020,contrast,0.2,32,0.25884749070171315,0.04405361251108679
51,Polyp,grad_magnitude,EndoCV2020,contrast,0.25,32,0.24018620033799795,0.040345726069863135
52,Polyp,grad_magnitude,EndoCV2020,hue,0.05,32,0.17243696636251898,0.03239927606594649
53,Polyp,grad_magnitude,EndoCV2020,hue,0.1,32,0.2084140115448502,0.03873752238005123
54,Polyp,grad_magnitude,EndoCV2020,hue,0.15000000000000002,32,0.23916270809638152,0.05115778130357032
55,Polyp,grad_magnitude,EndoCV2020,hue,0.2,32,0.22321387153091202,0.053198949255366675
56,Polyp,grad_magnitude,EndoCV2020,hue,0.25,32,0.19322413545378594,0.05669336684366121
57,Polyp,grad_magnitude,EndoCV2020,ind_test,test,32,0.22635672641397597,0.03919467166858805
58,Polyp,grad_magnitude,EndoCV2020,multnoise,0.05,32,0.16407647038704593,0.03497271029841244
59,Polyp,grad_magnitude,EndoCV2020,multnoise,0.1,32,0.31485247319697324,0.0992718233617981
60,Polyp,grad_magnitude,EndoCV2020,multnoise,0.15000000000000002,32,0.5101677304377245,0.2053740141402884
61,Polyp,grad_magnitude,EndoCV2020,multnoise,0.2,32,0.7493255318238999,0.5084530864676339
62,Polyp,grad_magnitude,EndoCV2020,multnoise,0.25,32,0.8239811251510792,0.7763926316568996
63,Polyp,grad_magnitude,EndoCV2020,noise,0.05,32,0.19768343021845688,0.03938780273044048
64,Polyp,grad_magnitude,EndoCV2020,noise,0.1,32,0.2357258305125951,0.06288734238498735
65,Polyp,grad_magnitude,EndoCV2020,noise,0.15000000000000002,32,0.4437177975166096,0.1574051080982778
66,Polyp,grad_magnitude,EndoCV2020,noise,0.2,32,0.6599761093527013,0.36039331315971346
67,Polyp,grad_magnitude,EndoCV2020,noise,0.25,32,0.8131151147633185,0.7259994260073027
68,Polyp,grad_magnitude,EndoCV2020,saltpepper,0.05,32,0.7116229207136431,0.4260698264446098
69,Polyp,grad_magnitude,EndoCV2020,saltpepper,0.1,32,0.8346739127464456,0.8346739127464456
70,Polyp,grad_magnitude,EndoCV2020,saltpepper,0.15000000000000002,32,0.8346739127464501,0.8346739127464501
71,Polyp,grad_magnitude,EndoCV2020,saltpepper,0.2,32,0.8346739127464509,0.8346739127464509
72,Polyp,grad_magnitude,EndoCV2020,saltpepper,0.25,32,0.8346739127466583,0.8346739127466583
73,Polyp,grad_magnitude,EndoCV2020,smear,0.05,32,0.21625052895935984,0.05599845079681269
74,Polyp,grad_magnitude,EndoCV2020,smear,0.1,32,0.3446056711227252,0.11537435102301018
75,Polyp,grad_magnitude,EndoCV2020,smear,0.15000000000000002,32,0.5067573579365263,0.20922009055620625
76,Polyp,grad_magnitude,EndoCV2020,smear,0.2,32,0.543438997421025,0.2614094934538297
77,Polyp,grad_magnitude,EndoCV2020,smear,0.25,32,0.6072658583692655,0.3266471017625112
78,Polyp,grad_magnitude,EtisLaribDB,CVC-ClinicDB,CVC-ClinicDB,32,0.5189346543921541,0.16308929295237123
79,Polyp,grad_magnitude,EtisLaribDB,EndoCV2020,EndoCV2020,32,0.6121901709848312,0.17771446051949236
80,Polyp,grad_magnitude,EtisLaribDB,EtisLaribDB,EtisLaribDB,32,0.3556317692433577,0.25684966514687213
81,Polyp,grad_magnitude,EtisLaribDB,brightness,0.05,32,1.2742549779232006,0.21356347305144774
82,Polyp,grad_magnitude,EtisLaribDB,brightness,0.1,32,1.1927330692794647,0.20014594213867112
83,Polyp,grad_magnitude,EtisLaribDB,brightness,0.15000000000000002,32,1.120289935136933,0.1962875118333366
84,Polyp,grad_magnitude,EtisLaribDB,brightness,0.2,32,1.2324282730139686,0.21504976783493454
85,Polyp,grad_magnitude,EtisLaribDB,brightness,0.25,32,1.2050567290079572,0.22019938820844437
86,Polyp,grad_magnitude,EtisLaribDB,contrast,0.05,32,1.3038647023058487,0.2138066813144032
87,Polyp,grad_magnitude,EtisLaribDB,contrast,0.1,32,1.243667295093337,0.2094752005670184
88,Polyp,grad_magnitude,EtisLaribDB,contrast,0.15000000000000002,32,1.2450797442960673,0.20858706251795925
89,Polyp,grad_magnitude,EtisLaribDB,contrast,0.2,32,1.2468380773387562,0.21345400238316617
90,Polyp,grad_magnitude,EtisLaribDB,contrast,0.25,32,1.1937976191028445,0.2064338125905933
91,Polyp,grad_magnitude,EtisLaribDB,hue,0.05,32,1.1471155467066239,0.22016485537545616
92,Polyp,grad_magnitude,EtisLaribDB,hue,0.1,32,1.1536931360092226,0.2177754715249718
93,Polyp,grad_magnitude,EtisLaribDB,hue,0.15000000000000002,32,1.0709761525284078,0.21965526604781666
94,Polyp,grad_magnitude,EtisLaribDB,hue,0.2,32,0.9361754882379291,0.20656399153176827
95,Polyp,grad_magnitude,EtisLaribDB,hue,0.25,32,0.7254485996772025,0.18276629858899018
96,Polyp,grad_magnitude,EtisLaribDB,ind_test,test,32,1.2009729246576988,0.20844911899801674
97,Polyp,grad_magnitude,EtisLaribDB,multnoise,0.05,32,0.9287870318488471,0.17685614701582408
98,Polyp,grad_magnitude,EtisLaribDB,multnoise,0.1,32,0.3849908413836301,0.09576987260539405
99,Polyp,grad_magnitude,EtisLaribDB,multnoise,0.15000000000000002,32,0.15062010617752195,0.05813127431687636
100,Polyp,grad_magnitude,EtisLaribDB,multnoise,0.2,32,0.4753686462814757,0.32430112804880085
101,Polyp,grad_magnitude,EtisLaribDB,multnoise,0.25,32,0.6516251082984392,0.6141444074237543
102,Polyp,grad_magnitude,EtisLaribDB,noise,0.05,32,1.0047631603543217,0.18495262755014974
103,Polyp,grad_magnitude,EtisLaribDB,noise,0.1,32,0.7025330808864565,0.1691360469780637
104,Polyp,grad_magnitude,EtisLaribDB,noise,0.15000000000000002,32,0.1831174554059465,0.055871098634807395
105,Polyp,grad_magnitude,EtisLaribDB,noise,0.2,32,0.3151596952013214,0.1771601183917101
106,Polyp,grad_magnitude,EtisLaribDB,noise,0.25,32,0.6243506724656345,0.5580094901142314
107,Polyp,grad_magnitude,EtisLaribDB,saltpepper,0.05,32,0.3984946211552869,0.24325044635626727
108,Polyp,grad_magnitude,EtisLaribDB,saltpepper,0.1,32,0.6823860057013588,0.6823860057013588
109,Polyp,grad_magnitude,EtisLaribDB,saltpepper,0.15000000000000002,32,0.6823860057014819,0.6823860057014819
110,Polyp,grad_magnitude,EtisLaribDB,saltpepper,0.2,32,0.6823860057015074,0.6823860057015074
111,Polyp,grad_magnitude,EtisLaribDB,saltpepper,0.25,32,0.682386005707392,0.682386005707392
112,Polyp,grad_magnitude,EtisLaribDB,smear,0.05,32,0.7105910079929396,0.17120382041096946
113,Polyp,grad_magnitude,EtisLaribDB,smear,0.1,32,0.28168602968862866,0.08999416528775102
114,Polyp,grad_magnitude,EtisLaribDB,smear,0.15000000000000002,32,0.12961245567080293,0.05374822038907496
115,Polyp,grad_magnitude,EtisLaribDB,smear,0.2,32,0.14861315113626858,0.07235240348609834
116,Polyp,grad_magnitude,EtisLaribDB,smear,0.25,32,0.2348967460673836,0.12716761921050998
117,Polyp,grad_magnitude,brightness,CVC-ClinicDB,CVC-ClinicDB,32,0.47999941439176985,0.16309624376954146
118,Polyp,grad_magnitude,brightness,EndoCV2020,EndoCV2020,32,0.4216256985245407,0.14032943002468543
119,Polyp,grad_magnitude,brightness,EtisLaribDB,EtisLaribDB,32,0.743879057977248,0.5288445217149421
120,Polyp,grad_magnitude,brightness,brightness,0.05,32,0.13230189127764871,0.02183354698878212
121,Polyp,grad_magnitude,brightness,brightness,0.1,32,0.1794180804016473,0.030114896457965744
122,Polyp,grad_magnitude,brightness,brightness,0.15000000000000002,32,0.16601479028995783,0.029899158554039386
123,Polyp,grad_magnitude,brightness,brightness,0.2,32,0.16723019585512117,0.031045166664672257
124,Polyp,grad_magnitude,brightness,brightness,0.25,32,0.13580202537516892,0.026864156273214576
125,Polyp,grad_magnitude,brightness,contrast,0.05,32,0.20172690617028113,0.03308019229164738
126,Polyp,grad_magnitude,brightness,contrast,0.1,32,0.1870745582610525,0.03172791569010097
127,Polyp,grad_magnitude,brightness,contrast,0.15000000000000002,32,0.20135736839438154,0.03352037538917575
128,Polyp,grad_magnitude,brightness,contrast,0.2,32,0.17706103645794558,0.031972289458641036
129,Polyp,grad_magnitude,brightness,contrast,0.25,32,0.1794065172071015,0.03240277102851653
130,Polyp,grad_magnitude,brightness,hue,0.05,32,0.14961243031887503,0.03135273158083063
131,Polyp,grad_magnitude,brightness,hue,0.1,32,0.1707619439325052,0.03595989936372249
132,Polyp,grad_magnitude,brightness,hue,0.15000000000000002,32,0.1975762189418735,0.048237399614938455
133,Polyp,grad_magnitude,brightness,hue,0.2,32,0.25268780105556876,0.06745891665383748
134,Polyp,grad_magnitude,brightness,hue,0.25,32,0.322605090343339,0.0961967788597747
135,Polyp,grad_magnitude,brightness,ind_test,test,32,0.16994020421526262,0.03107386486411544
136,Polyp,grad_magnitude,brightness,multnoise,0.05,32,0.16064939739662176,0.035086732080585645
137,Polyp,grad_magnitude,brightness,multnoise,0.1,32,0.34527769784286527,0.10734962800636802
138,Polyp,grad_magnitude,brightness,multnoise,0.15000000000000002,32,0.5158045570284656,0.20734215902300585
139,Polyp,grad_magnitude,brightness,multnoise,0.2,32,0.7244841361549682,0.4917372304464272
140,Polyp,grad_magnitude,brightness,multnoise,0.25,32,0.8032100731570354,0.7568407489845442
141,Polyp,grad_magnitude,brightness,noise,0.05,32,0.16700978125756294,0.035532702866851444
142,Polyp,grad_magnitude,brightness,noise,0.1,32,0.3108039908090585,0.08742193529138166
143,Polyp,grad_magnitude,brightness,noise,0.15000000000000002,32,0.4436726965304101,0.15661658552900087
144,Polyp,grad_magnitude,brightness,noise,0.2,32,0.6518543013435216,0.356065935531517
145,Polyp,grad_magnitude,brightness,noise,0.25,32,0.7917911493728201,0.7070219914707759
146,Polyp,grad_magnitude,brightness,saltpepper,0.05,32,0.6826470604237468,0.4089820189263857
147,Polyp,grad_magnitude,brightness,saltpepper,0.1,32,0.8147584531719321,0.8147584531719321
148,Polyp,grad_magnitude,brightness,saltpepper,0.15000000000000002,32,0.8147584531719321,0.8147584531719321
149,Polyp,grad_magnitude,brightness,saltpepper,0.2,32,0.8147584531719321,0.8147584531719321
150,Polyp,grad_magnitude,brightness,saltpepper,0.25,32,0.8147584531719321,0.8147584531719321
151,Polyp,grad_magnitude,brightness,smear,0.05,32,0.2788471545223279,0.07514644888786891
152,Polyp,grad_magnitude,brightness,smear,0.1,32,0.4429092172512427,0.1488133242350208
153,Polyp,grad_magnitude,brightness,smear,0.15000000000000002,32,0.550698109975302,0.2269550731239994
154,Polyp,grad_magnitude,brightness,smear,0.2,32,0.6187794797827367,0.29755938292718376
155,Polyp,grad_magnitude,brightness,smear,0.25,32,0.658827783941089,0.35450628131542616
156,Polyp,grad_magnitude,contrast,CVC-ClinicDB,CVC-ClinicDB,32,0.48041052674074136,0.16318964350748902
157,Polyp,grad_magnitude,contrast,EndoCV2020,EndoCV2020,32,0.422985244215369,0.14079567763680387
158,Polyp,grad_magnitude,contrast,EtisLaribDB,EtisLaribDB,32,0.7444483013554568,0.529225813327009
159,Polyp,grad_magnitude,contrast,brightness,0.05,32,0.1317267855754054,0.021946362777600363
160,Polyp,grad_magnitude,contrast,brightness,0.1,32,0.17552029074891343,0.029849741302103733
161,Polyp,grad_magnitude,contrast,brightness,0.15000000000000002,32,0.16600039476857387,0.030276873296588135
162,Polyp,grad_magnitude,contrast,brightness,0.2,32,0.16690076489478392,0.03117667607241674
163,Polyp,grad_magnitude,contrast,brightness,0.25,32,0.13630278243382,0.027099018364954545
164,Polyp,grad_magnitude,contrast,contrast,0.05,32,0.1991542031524912,0.032874928474698334
165,Polyp,grad_magnitude,contrast,contrast,0.1,32,0.18122280421441622,0.03101884661844995
166,Polyp,grad_magnitude,contrast,contrast,0.15000000000000002,32,0.19647464516997026,0.033016063772844106
167,Polyp,grad_magnitude,contrast,contrast,0.2,32,0.17642312884607902,0.032141266402658825
168,Polyp,grad_magnitude,contrast,contrast,0.25,32,0.17824754511556687,0.03253714207697897
169,Polyp,grad_magnitude,contrast,hue,0.05,32,0.1493927889759562,0.031365542011942214
170,Polyp,grad_magnitude,contrast,hue,0.1,32,0.1724517869091896,0.036366808820223695
171,Polyp,grad_magnitude,contrast,hue,0.15000000000000002,32,0.19819212396585836,0.04846983241219939
172,Polyp,grad_magnitude,contrast,hue,0.2,32,0.2550165374672499,0.06802891846254445
173,Polyp,grad_magnitude,contrast,hue,0.25,32,0.3221223050406261,0.09610052624534628
174,Polyp,grad_magnitude,contrast,ind_test,test,32,0.16919051269797453,0.031241111445681577
175,Polyp,grad_magnitude,contrast,multnoise,0.05,32,0.15985843778048317,0.035345039568161346
176,Polyp,grad_magnitude,contrast,multnoise,0.1,32,0.3519069199370321,0.10939987970690035
177,Polyp,grad_magnitude,contrast,multnoise,0.15000000000000002,32,0.52369382034525,0.21035763158868565
178,Polyp,grad_magnitude,contrast,multnoise,0.2,32,0.730005152175371,0.49544879070696474
179,Polyp,grad_magnitude,contrast,multnoise,0.25,32,0.80717257807245,0.7605707190682852
180,Polyp,grad_magnitude,contrast,noise,0.05,32,0.16815565145281197,0.036127282702303046
181,Polyp,grad_magnitude,contrast,noise,0.1,32,0.3127158605460663,0.08798423690965423
182,Polyp,grad_magnitude,contrast,noise,0.15000000000000002,32,0.45219353113610766,0.15954314627977254
183,Polyp,grad_magnitude,contrast,noise,0.2,32,0.6583112091338905,0.3594877915910502
184,Polyp,grad_magnitude,contrast,noise,0.25,32,0.7959835824489135,0.710751961575172
185,Polyp,grad_magnitude,contrast,saltpepper,0.05,32,0.6890325209450116,0.4127096253366468
186,Polyp,grad_magnitude,contrast,saltpepper,0.1,32,0.8184884232454092,0.8184884232454092
187,Polyp,grad_magnitude,contrast,saltpepper,0.15000000000000002,32,0.8184884232454092,0.8184884232454092
188,Polyp,grad_magnitude,contrast,saltpepper,0.2,32,0.8184884232454092,0.8184884232454092
189,Polyp,grad_magnitude,contrast,saltpepper,0.25,32,0.8184884232454092,0.8184884232454092
190,Polyp,grad_magnitude,contrast,smear,0.05,32,0.2840179015858135,0.07647711737339857
191,Polyp,grad_magnitude,contrast,smear,0.1,32,0.44548579001635785,0.14957503872997305
192,Polyp,grad_magnitude,contrast,smear,0.15000000000000002,32,0.555490514926669,0.22892396116688965
193,Polyp,grad_magnitude,contrast,smear,0.2,32,0.6207948470874765,0.29856010052828935
194,Polyp,grad_magnitude,contrast,smear,0.25,32,0.6618383556920784,0.3561107981509641
195,Polyp,grad_magnitude,hue,CVC-ClinicDB,CVC-ClinicDB,32,0.29109657518445636,0.10138485446361946
196,Polyp,grad_magnitude,hue,EndoCV2020,EndoCV2020,32,0.2664829756405735,0.09103604072350778
197,Polyp,grad_magnitude,hue,EtisLaribDB,EtisLaribDB,32,0.6860256786755344,0.48836924916914515
198,Polyp,grad_magnitude,hue,brightness,0.05,32,0.2433601309534014,0.03861408892693786
199,Polyp,grad_magnitude,hue,brightness,0.1,32,0.2511828320165246,0.03909488163884552
200,Polyp,grad_magnitude,hue,brightness,0.15000000000000002,32,0.2113043871264868,0.03438795404593159
201,Polyp,grad_magnitude,hue,brightness,0.2,32,0.23495058917105063,0.03894190783156587
202,Polyp,grad_magnitude,hue,brightness,0.25,32,0.19010569767248353,0.033152141432787836
203,Polyp,grad_magnitude,hue,contrast,0.05,32,0.2765007754958898,0.041310723443673016
204,Polyp,grad_magnitude,hue,contrast,0.1,32,0.26464673228681723,0.0411272354947111
205,Polyp,grad_magnitude,hue,contrast,0.15000000000000002,32,0.26897829919999294,0.0410456430507209
206,Polyp,grad_magnitude,hue,contrast,0.2,32,0.2507886960773785,0.04072555129830853
207,Polyp,grad_magnitude,hue,contrast,0.25,32,0.23466161646715128,0.03758243387028524
208,Polyp,grad_magnitude,hue,hue,0.05,32,0.1612681655898159,0.02928141108679155
209,Polyp,grad_magnitude,hue,hue,0.1,32,0.18368318283901391,0.03318621865583697
210,Polyp,grad_magnitude,hue,hue,0.15000000000000002,32,0.16956543908313648,0.036809964026235924
211,Polyp,grad_magnitude,hue,hue,0.2,32,0.17530699375059966,0.04363104468980375
212,Polyp,grad_magnitude,hue,hue,0.25,32,0.1989029894352675,0.06065106983128085
213,Polyp,grad_magnitude,hue,ind_test,test,32,0.23310987793964433,0.03825633327251196
214,Polyp,grad_magnitude,hue,multnoise,0.05,32,0.16737072048762539,0.032721168495145586
215,Polyp,grad_magnitude,hue,multnoise,0.1,32,0.269945102408094,0.08503233315963162
216,Polyp,grad_magnitude,hue,multnoise,0.15000000000000002,32,0.4557779985582108,0.1846093120993979
217,Polyp,grad_magnitude,hue,multnoise,0.2,32,0.7059417220452388,0.4792906704625283
218,Polyp,grad_magnitude,hue,multnoise,0.25,32,0.7947061711645356,0.748835067569649
219,Polyp,grad_magnitude,hue,noise,0.05,32,0.18551892610916504,0.034931077176405353
220,Polyp,grad_magnitude,hue,noise,0.1,32,0.20312828553259535,0.056624910422367745
221,Polyp,grad_magnitude,hue,noise,0.15000000000000002,32,0.38099729181685454,0.1358880230614015
222,Polyp,grad_magnitude,hue,noise,0.2,32,0.6151504489048463,0.33657965302131054
223,Polyp,grad_magnitude,hue,noise,0.25,32,0.7816886915557676,0.6980322631807843
224,Polyp,grad_magnitude,hue,saltpepper,0.05,32,0.6619392249302477,0.3970191812217418
225,Polyp,grad_magnitude,hue,saltpepper,0.1,32,0.8079685113717134,0.8079685113717134
226,Polyp,grad_magnitude,hue,saltpepper,0.15000000000000002,32,0.8079685113717281,0.8079685113717281
227,Polyp,grad_magnitude,hue,saltpepper,0.2,32,0.8079685113717311,0.8079685113717311
228,Polyp,grad_magnitude,hue,saltpepper,0.25,32,0.8079685113724239,0.8079685113724239
229,Polyp,grad_magnitude,hue,smear,0.05,32,0.168866535609551,0.045794717244905005
230,Polyp,grad_magnitude,hue,smear,0.1,32,0.34162469933996376,0.1153106183561014
231,Polyp,grad_magnitude,hue,smear,0.15000000000000002,32,0.4824201488310711,0.19917974031318708
232,Polyp,grad_magnitude,hue,smear,0.2,32,0.5472169983438377,0.26338085365796826
233,Polyp,grad_magnitude,hue,smear,0.25,32,0.6000306465222109,0.32295005790713005
234,Polyp,grad_magnitude,multnoise,CVC-ClinicDB,CVC-ClinicDB,32,0.4285674870997563,0.14618542901622067
235,Polyp,grad_magnitude,multnoise,EndoCV2020,EndoCV2020,32,0.35820113968408185,0.12021066958471836
236,Polyp,grad_magnitude,multnoise,EtisLaribDB,EtisLaribDB,32,0.6561214702111742,0.4676541908141273
237,Polyp,grad_magnitude,multnoise,brightness,0.05,32,0.6879224369800288,0.11611670090417724
238,Polyp,grad_magnitude,multnoise,brightness,0.1,32,0.7448359961544336,0.11914156936514385
239,Polyp,grad_magnitude,multnoise,brightness,0.15000000000000002,32,0.641651100674819,0.10976000991211687
240,Polyp,grad_magnitude,multnoise,brightness,0.2,32,0.5680131402798917,0.09633442728923092
241,Polyp,grad_magnitude,multnoise,brightness,0.25,32,0.4628944649815825,0.08265902086713937
242,Polyp,grad_magnitude,multnoise,contrast,0.05,32,0.69535756254028,0.11145488020474904
243,Polyp,grad_magnitude,multnoise,contrast,0.1,32,0.6503926433448592,0.10077690240245372
244,Polyp,grad_magnitude,multnoise,contrast,0.15000000000000002,32,0.7700029868161816,0.12327382727989507
245,Polyp,grad_magnitude,multnoise,contrast,0.2,32,0.5756418059790801,0.09723380920221279
246,Polyp,grad_magnitude,multnoise,contrast,0.25,32,0.5967170627721755,0.10129473151726222
247,Polyp,grad_magnitude,multnoise,hue,0.05,32,0.3882670209879713,0.0704369485948724
248,Polyp,grad_magnitude,multnoise,hue,0.1,32,0.37463689507424136,0.06820833758167275
249,Polyp,grad_magnitude,multnoise,hue,0.15000000000000002,32,0.2881016638261929,0.06153038064914999
250,Polyp,grad_magnitude,multnoise,hue,0.2,32,0.25155882623033166,0.06056103297324492
251,Polyp,grad_magnitude,multnoise,hue,0.25,32,0.26185204757864133,0.07430018208849527
252,Polyp,grad_magnitude,multnoise,ind_test,test,32,0.577432837057792,0.09677367197259377
253,Polyp,grad_magnitude,multnoise,multnoise,0.05,32,0.7071882842417361,0.1306794648040878
254,Polyp,grad_magnitude,multnoise,multnoise,0.1,32,0.3085505057186303,0.07931923458285865
255,Polyp,grad_magnitude,multnoise,multnoise,0.15000000000000002,32,0.22021676479221902,0.08770445269553521
256,Polyp,grad_magnitude,multnoise,multnoise,0.2,32,0.28233899115727124,0.1935991228145038
257,Polyp,grad_magnitude,multnoise,multnoise,0.25,32,0.04172454422892002,0.03944737868016577
258,Polyp,grad_magnitude,multnoise,noise,0.05,32,0.6422890019396864,0.11968329664469043
259,Polyp,grad_magnitude,multnoise,noise,0.1,32,0.2925751102078378,0.07394156459959811
260,Polyp,grad_magnitude,multnoise,noise,0.15000000000000002,32,0.23521847074781405,0.07668040397704495
261,Polyp,grad_magnitude,multnoise,noise,0.2,32,0.3399614972680336,0.18670226868464823
262,Polyp,grad_magnitude,multnoise,noise,0.25,32,0.1700709987368429,0.1521770140614237
263,Polyp,grad_magnitude,multnoise,saltpepper,0.05,32,0.22696203418181718,0.1334515712659492
264,Polyp,grad_magnitude,multnoise,saltpepper,0.1,32,0.007497503722734004,0.007497503722734004
265,Polyp,grad_magnitude,multnoise,saltpepper,0.15000000000000002,32,0.007497503722167851,0.007497503722167851
266,Polyp,grad_magnitude,multnoise,saltpepper,0.2,32,0.007497503722052181,0.007497503722052181
267,Polyp,grad_magnitude,multnoise,saltpepper,0.25,32,0.00749750369501067,0.00749750369501067
268,Polyp,grad_magnitude,multnoise,smear,0.05,32,0.2924523821752467,0.07402772943756297
269,Polyp,grad_magnitude,multnoise,smear,0.1,32,0.2930542053569995,0.09770078151951714
270,Polyp,grad_magnitude,multnoise,smear,0.15000000000000002,32,0.3213331111233934,0.1319445717630805
271,Polyp,grad_magnitude,multnoise,smear,0.2,32,0.45512673900579015,0.2192579999846898
272,Polyp,grad_magnitude,multnoise,smear,0.25,32,0.49167319835265455,0.2653740252614304
273,Polyp,grad_magnitude,noise,CVC-ClinicDB,CVC-ClinicDB,32,0.3216311846184169,0.11115258145027695
274,Polyp,grad_magnitude,noise,EndoCV2020,EndoCV2020,32,0.28376174009252686,0.09602535974452171
275,Polyp,grad_magnitude,noise,EtisLaribDB,EtisLaribDB,32,0.6296636392986215,0.4488740493504788
276,Polyp,grad_magnitude,noise,brightness,0.05,32,0.7596450770190425,0.12856272107365524
277,Polyp,grad_magnitude,noise,brightness,0.1,32,0.8179016139480214,0.1318409993406773
278,Polyp,grad_magnitude,noise,brightness,0.15000000000000002,32,0.7105730881258571,0.12157062277895885
279,Polyp,grad_magnitude,noise,brightness,0.2,32,0.6427690961170316,0.1094662646809856
280,Polyp,grad_magnitude,noise,brightness,0.25,32,0.5318966459598986,0.09489347818280067
281,Polyp,grad_magnitude,noise,contrast,0.05,32,0.7459966807107966,0.11976020282707565
282,Polyp,grad_magnitude,noise,contrast,0.1,32,0.7377514724296579,0.11591473180866867
283,Polyp,grad_magnitude,noise,contrast,0.15000000000000002,32,0.834025426362534,0.1339785617964266
284,Polyp,grad_magnitude,noise,contrast,0.2,32,0.640792623339874,0.10857631867295549
285,Polyp,grad_magnitude,noise,contrast,0.25,32,0.6621303192987498,0.11236393460808303
286,Polyp,grad_magnitude,noise,hue,0.05,32,0.43166862537444844,0.07799259969955888
287,Polyp,grad_magnitude,noise,hue,0.1,32,0.4299740897716646,0.07745771143503374
288,Polyp,grad_magnitude,noise,hue,0.15000000000000002,32,0.30459612915182505,0.06302783280612184
289,Polyp,grad_magnitude,noise,hue,0.2,32,0.24137446712401137,0.055336785549034345
290,Polyp,grad_magnitude,noise,hue,0.25,32,0.22725993991906615,0.06340363625014139
291,Polyp,grad_magnitude,noise,ind_test,test,32,0.6452193952156824,0.10854415368607401
292,Polyp,grad_magnitude,noise,multnoise,0.05,32,0.7429486194691939,0.13771265149758488
293,Polyp,grad_magnitude,noise,multnoise,0.1,32,0.30794683690074814,0.07778791180335985
294,Polyp,grad_magnitude,noise,multnoise,0.15000000000000002,32,0.1938568655373856,0.07722067897974867
295,Polyp,grad_magnitude,noise,multnoise,0.2,32,0.2882085688758902,0.19742137822797484
296,Polyp,grad_magnitude,noise,multnoise,0.25,32,0.07078492586634011,0.06733202175826386
297,Polyp,grad_magnitude,noise,noise,0.05,32,0.6906101658278635,0.12834966385770122
298,Polyp,grad_magnitude,noise,noise,0.1,32,0.267715082517789,0.06557992805903506
299,Polyp,grad_magnitude,noise,noise,0.15000000000000002,32,0.21197694599812342,0.0684643526799377
300,Polyp,grad_magnitude,noise,noise,0.2,32,0.32839250890279387,0.18076634813743975
301,Polyp,grad_magnitude,noise,noise,0.25,32,0.152963459231178,0.13787577944637291
302,Polyp,grad_magnitude,noise,saltpepper,0.05,32,0.22730578474042107,0.13335555971218527
303,Polyp,grad_magnitude,noise,saltpepper,0.1,32,0.07148046855672222,0.07148046855672222
304,Polyp,grad_magnitude,noise,saltpepper,0.15000000000000002,32,0.07148046855624685,0.07148046855624685
305,Polyp,grad_magnitude,noise,saltpepper,0.2,32,0.07148046855614973,0.07148046855614973
306,Polyp,grad_magnitude,noise,saltpepper,0.25,32,0.07148046853344439,0.07148046853344439
307,Polyp,grad_magnitude,noise,smear,0.05,32,0.28302892124165924,0.07074286043361727
308,Polyp,grad_magnitude,noise,smear,0.1,32,0.2562545451848432,0.08484044679565407
309,Polyp,grad_magnitude,noise,smear,0.15000000000000002,32,0.2854531396593063,0.11750205566811188
310,Polyp,grad_magnitude,noise,smear,0.2,32,0.4232482910426596,0.20400588703669778
311,Polyp,grad_magnitude,noise,smear,0.25,32,0.461211014308028,0.249029494494161
312,Polyp,grad_magnitude,saltpepper,CVC-ClinicDB,CVC-ClinicDB,32,0.508696602264634,0.17245724934061493
313,Polyp,grad_magnitude,saltpepper,EndoCV2020,EndoCV2020,32,0.4775357156768865,0.15740849489928965
314,Polyp,grad_magnitude,saltpepper,EtisLaribDB,EtisLaribDB,32,0.7136381841097292,0.5087979423358395
315,Polyp,grad_magnitude,saltpepper,brightness,0.05,32,0.4998992133110695,0.08591594719624931
316,Polyp,grad_magnitude,saltpepper,brightness,0.1,32,0.6075961351498201,0.0995781327121351
317,Polyp,grad_magnitude,saltpepper,brightness,0.15000000000000002,32,0.5488234280396269,0.09772343886528823
318,Polyp,grad_magnitude,saltpepper,brightness,0.2,32,0.437318136319577,0.07741536828758612
319,Polyp,grad_magnitude,saltpepper,brightness,0.25,32,0.40249741594845856,0.07646201781147638
320,Polyp,grad_magnitude,saltpepper,contrast,0.05,32,0.5813869119806867,0.09695241357819079
321,Polyp,grad_magnitude,saltpepper,contrast,0.1,32,0.49467254573730857,0.07772025701418023
322,Polyp,grad_magnitude,saltpepper,contrast,0.15000000000000002,32,0.652139015628296,0.10969957974952434
323,Polyp,grad_magnitude,saltpepper,contrast,0.2,32,0.4486327798365351,0.07946016015618854
324,Polyp,grad_magnitude,saltpepper,contrast,0.25,32,0.48615332669687733,0.08753512531925894
325,Polyp,grad_magnitude,saltpepper,hue,0.05,32,0.3620959447564549,0.0697123152483445
326,Polyp,grad_magnitude,saltpepper,hue,0.1,32,0.3055708784215682,0.06247636010537228
327,Polyp,grad_magnitude,saltpepper,hue,0.15000000000000002,32,0.3430492723624346,0.07904284228689376
328,Polyp,grad_magnitude,saltpepper,hue,0.2,32,0.34215381887803537,0.08715566720313238
329,Polyp,grad_magnitude,saltpepper,hue,0.25,32,0.40588877405466467,0.11505220254388515
330,Polyp,grad_magnitude,saltpepper,ind_test,test,32,0.4607274321945464,0.08022192333725876
331,Polyp,grad_magnitude,saltpepper,multnoise,0.05,32,0.7325483278263343,0.13878402896737177
332,Polyp,grad_magnitude,saltpepper,multnoise,0.1,32,0.4352190573240358,0.11683992673989238
333,Polyp,grad_magnitude,saltpepper,multnoise,0.15000000000000002,32,0.33135128592861024,0.13019864922873067
334,Polyp,grad_magnitude,saltpepper,multnoise,0.2,32,0.23983570596530504,0.16553698952702942
335,Polyp,grad_magnitude,saltpepper,multnoise,0.25,32,0.14673620581265115,0.13885364533136904
336,Polyp,grad_magnitude,saltpepper,noise,0.05,32,0.6207900138995351,0.1189197173176666
337,Polyp,grad_magnitude,saltpepper,noise,0.1,32,0.4193532234237778,0.1094796160827253
338,Polyp,grad_magnitude,saltpepper,noise,0.15000000000000002,32,0.36525544332557175,0.11987665069575143
339,Polyp,grad_magnitude,saltpepper,noise,0.2,32,0.3605806834219007,0.19626311681072586
340,Polyp,grad_magnitude,saltpepper,noise,0.25,32,0.1974310421409778,0.17781988481622307
341,Polyp,grad_magnitude,saltpepper,saltpepper,0.05,32,0.16670665516418598,0.09895317423502892
342,Polyp,grad_magnitude,saltpepper,saltpepper,0.1,32,0.0013012661687841142,0.0013012661687841142
343,Polyp,grad_magnitude,saltpepper,saltpepper,0.15000000000000002,32,0.0013012661661428093,0.0013012661661428093
344,Polyp,grad_magnitude,saltpepper,saltpepper,0.2,32,0.0013012661656031943,0.0013012661656031943
345,Polyp,grad_magnitude,saltpepper,saltpepper,0.25,32,0.0013012660394455433,0.0013012660394455433
346,Polyp,grad_magnitude,saltpepper,smear,0.05,32,0.41771079520425647,0.10683327966188882
347,Polyp,grad_magnitude,saltpepper,smear,0.1,32,0.4604765223703546,0.15253492063529323
348,Polyp,grad_magnitude,saltpepper,smear,0.15000000000000002,32,0.4296900661404374,0.17557322533647596
349,Polyp,grad_magnitude,saltpepper,smear,0.2,32,0.550742974209263,0.26474058369475023
350,Polyp,grad_magnitude,saltpepper,smear,0.25,32,0.5706371526577595,0.3074770651103695
351,Polyp,grad_magnitude,smear,CVC-ClinicDB,CVC-ClinicDB,32,0.22281852881608372,0.0727813699300468
352,Polyp,grad_magnitude,smear,EndoCV2020,EndoCV2020,32,0.21799273104220684,0.0627687066215719
353,Polyp,grad_magnitude,smear,EtisLaribDB,EtisLaribDB,32,0.49339188202453343,0.35266233486462795
354,Polyp,grad_magnitude,smear,brightness,0.05,32,1.1295300089674676,0.1908483736157643
355,Polyp,grad_magnitude,smear,brightness,0.1,32,1.1179916170204316,0.1862114184667665
356,Polyp,grad_magnitude,smear,brightness,0.15000000000000002,32,1.0189895444013672,0.17787879492073455
357,Polyp,grad_magnitude,smear,brightness,0.2,32,1.022148680194335,0.1765377445223418
358,Polyp,grad_magnitude,smear,brightness,0.25,32,0.9450716565914804,0.17226450224544285
359,Polyp,grad_magnitude,smear,contrast,0.05,32,1.134764582555262,0.1856392838371741
360,Polyp,grad_magnitude,smear,contrast,0.1,32,1.119036984814173,0.18528071372008803
361,Polyp,grad_magnitude,smear,contrast,0.15000000000000002,32,1.1163261306300636,0.18346580400959375
362,Polyp,grad_magnitude,smear,contrast,0.2,32,1.0515819501308616,0.1798435172507579
363,Polyp,grad_magnitude,smear,contrast,0.25,32,1.0356170921292782,0.17851166523954454
364,Polyp,grad_magnitude,smear,hue,0.05,32,0.8690731868074802,0.16338357757309482
365,Polyp,grad_magnitude,smear,hue,0.1,32,0.873136303017167,0.1616161897983234
366,Polyp,grad_magnitude,smear,hue,0.15000000000000002,32,0.6747186680040818,0.13622891959266545
367,Polyp,grad_magnitude,smear,hue,0.2,32,0.5621653273512368,0.12061556379708138
368,Polyp,grad_magnitude,smear,hue,0.25,32,0.3698785949736244,0.08936213477544003
369,Polyp,grad_magnitude,smear,ind_test,test,32,1.0328958377755197,0.1783146476826783
370,Polyp,grad_magnitude,smear,multnoise,0.05,32,0.8681105625722612,0.1634655064570405
371,Polyp,grad_magnitude,smear,multnoise,0.1,32,0.34235209644239695,0.0832707246411635
372,Polyp,grad_magnitude,smear,multnoise,0.15000000000000002,32,0.13945590838063954,0.05356416369114626
373,Polyp,grad_magnitude,smear,multnoise,0.2,32,0.44665719177029056,0.3049604657586709
374,Polyp,grad_magnitude,smear,multnoise,0.25,32,0.6047554263623341,0.5700321742764531
375,Polyp,grad_magnitude,smear,noise,0.05,32,0.8976428810131145,0.16570187408875506
376,Polyp,grad_magnitude,smear,noise,0.1,32,0.41388754573000675,0.09633555998630117
377,Polyp,grad_magnitude,smear,noise,0.15000000000000002,32,0.16740989756254648,0.05014507268988642
378,Polyp,grad_magnitude,smear,noise,0.2,32,0.3012424058921002,0.16982282986871403
379,Polyp,grad_magnitude,smear,noise,0.25,32,0.581824733522877,0.5202166307258417
380,Polyp,grad_magnitude,smear,saltpepper,0.05,32,0.3626343451486636,0.22218824938366302
381,Polyp,grad_magnitude,smear,saltpepper,0.1,32,0.6279498785328109,0.6279498785328109
382,Polyp,grad_magnitude,smear,saltpepper,0.15000000000000002,32,0.6279498785328109,0.6279498785328109
383,Polyp,grad_magnitude,smear,saltpepper,0.2,32,0.6279498785328109,0.6279498785328109
384,Polyp,grad_magnitude,smear,saltpepper,0.25,32,0.6279498785328109,0.6279498785328109
385,Polyp,grad_magnitude,smear,smear,0.05,32,0.44614309487629683,0.10634623052724479
386,Polyp,grad_magnitude,smear,smear,0.1,32,0.1358842024253174,0.04119296774719162
387,Polyp,grad_magnitude,smear,smear,0.15000000000000002,32,0.10489635444408131,0.044938048388524846
388,Polyp,grad_magnitude,smear,smear,0.2,32,0.23603156384654228,0.11499248895461481
389,Polyp,grad_magnitude,smear,smear,0.25,32,0.3170684763954998,0.1716943089360524
