,feature,monotonic_pred_loss,monotonic_pred_loss_lower,monotonic_pred_loss_upper,Dataset,train_shift,feature_name,sample_size
0,1.661032073199749,2.373531549391285,0.5608624787971481,4.1862006199854225,Office31,brightness,energy,8
1,1.7040068764578213,2.381387686665716,0.5701261443001078,4.192649229031324,Office31,brightness,energy,8
2,1.7469816797158935,2.3865773980862395,0.5759474063559293,4.197207389816549,Office31,brightness,energy,8
3,1.7899564829739658,2.38965347925371,0.579285683973793,4.200021274533627,Office31,brightness,energy,8
4,1.832931286232038,2.391168725768982,0.5808993870497579,4.201438064488206,Office31,brightness,energy,8
5,1.8759060894901103,2.391675933232908,0.5814350240614192,4.201916842404397,Office31,brightness,energy,8
6,1.9188808927481824,2.3917278115593823,0.5814902166311182,4.201965406487647,Office31,brightness,energy,8
7,1.9618556960062548,2.391852024680985,0.5817786967620691,4.2019253525999005,Office31,brightness,energy,8
8,2.004830499264327,2.3925165254129093,0.5833162459390191,4.201716804886799,Office31,brightness,energy,8
9,2.047805302522399,2.3941805582362483,0.5871241347226328,4.201236981749863,Office31,brightness,energy,8
10,2.0907801057804716,2.397303367632095,0.5941059363320893,4.200500798932101,Office31,brightness,energy,8
11,2.1337549090385437,2.4023441980815425,0.6049206904394733,4.199767705723612,Office31,brightness,energy,8
12,2.176729712296616,2.4097600211583767,0.6197926434633838,4.199727398853369,Office31,brightness,energy,8
13,2.219704515554688,2.4198888701432995,0.6378677768764798,4.201909963410119,Office31,brightness,energy,8
14,2.2626793188127605,2.4328938065451524,0.6576030362149032,4.208184576875402,Office31,brightness,energy,8
15,2.3056541220708326,2.4489238861337608,0.6781801786019999,4.2196675936655215,Office31,brightness,energy,8
16,2.3486289253289048,2.4681281646789497,0.6997385766502189,4.23651775270768,Office31,brightness,energy,8
17,2.3916037285869773,2.4906556979505448,0.7232442760259765,4.258067119875113,Office31,brightness,energy,8
18,2.4345785318450495,2.516651853856678,0.7500416832184922,4.283262024494864,Office31,brightness,energy,8
19,2.4775533351031216,2.546187838368002,0.7807128265594372,4.311662850176567,Office31,brightness,energy,8
20,2.5205281383611937,2.5792661741928815,0.8149269673323236,4.34360538105344,Office31,brightness,energy,8
21,2.563502941619266,2.6158867939365424,0.8523419014978855,4.3794316863752,Office31,brightness,energy,8
22,2.6064777448773384,2.6560496302042136,0.8929306599695415,4.419168600438885,Office31,brightness,energy,8
23,2.6494525481354105,2.69975461560112,0.9370206664301937,4.4624885647720465,Office31,brightness,energy,8
24,2.6924273513934827,2.746883433280927,0.9849052352544201,4.508861631307434,Office31,brightness,energy,8
25,2.7354021546515552,2.796121790896763,1.0350514893765652,4.557192092416961,Office31,brightness,energy,8
26,2.7783769579096274,2.8454609542994143,1.0848942111371718,4.6060276974616565,Office31,brightness,energy,8
27,2.8213517611676995,2.892883635415223,1.1321397843410235,4.653627486489422,Office31,brightness,energy,8
28,2.864326564425772,2.9363725461705292,1.1749541777170442,4.697790914624014,Office31,brightness,energy,8
29,2.9073013676838437,2.9739103984916717,1.211883862108483,4.735936934874861,Office31,brightness,energy,8
30,2.9502761709419163,3.004267474451524,1.2422283881872607,4.766306560715787,Office31,brightness,energy,8
31,2.9932509741999884,3.0307103232587607,1.269000005269422,4.7924206412481,Office31,brightness,energy,8
32,3.0362257774580605,3.0580986026821644,1.296558534254458,4.819638671109871,Office31,brightness,energy,8
33,3.079200580716133,3.0912938373234593,1.3295673612712928,4.853020313375626,Office31,brightness,energy,8
34,3.1221753839742052,3.1351575517843697,1.3731297680376948,4.897185335531045,Office31,brightness,energy,8
35,3.1651501872322774,3.1945509264822856,1.4326701518676157,4.956431701096955,Office31,brightness,energy,8
36,3.20812499049035,3.2723292355644453,1.5114076867394666,5.033250784389424,Office31,brightness,energy,8
37,3.251099793748422,3.3646179169906336,1.604985403366574,5.124250430614693,Office31,brightness,energy,8
38,3.294074597006494,3.4661326297085298,1.707522894689389,5.22474236472767,Office31,brightness,energy,8
39,3.3370494002645668,3.5715890326658104,1.8134899916419644,5.329688073689656,Office31,brightness,energy,8
40,3.3800242035226384,3.6757027848101527,1.9178125450458259,5.4335930245744795,Office31,brightness,energy,8
41,3.422999006780711,3.7732031098407455,2.015733681436695,5.530672538244795,Office31,brightness,energy,8
42,3.465973810038783,3.8607278343836686,2.104133192352898,5.617322476414439,Office31,brightness,energy,8
43,3.5089486132968553,3.9387748046657536,2.1830748809106435,5.694474728420864,Office31,brightness,energy,8
44,3.551923416554928,4.00830751939916,2.253091070137354,5.763523968660967,Office31,brightness,energy,8
45,3.594898219813,4.070289477296046,2.3150612717441197,5.8255176828479724,Office31,brightness,energy,8
46,3.637873023071072,4.125684177068569,2.370265502430711,5.881102851706427,Office31,brightness,energy,8
47,3.680847826329144,4.1754456980668335,2.4201731834264546,5.9307182127072124,Office31,brightness,energy,8
48,3.7238226295872168,4.220186166590313,2.4654830441596216,5.974889289021005,Office31,brightness,energy,8
49,3.766797432845289,4.2600870271449685,2.5058978899386513,6.014276164351285,Office31,brightness,energy,8
50,3.809772236103361,4.29530226253979,2.5411957831370144,6.049408741942566,Office31,brightness,energy,8
51,3.8527470393614336,4.325985855583775,2.5715271453795854,6.080444565787964,Office31,brightness,energy,8
52,3.8957218426195057,4.352291789085911,2.5974202869651863,6.1071632912066365,Office31,brightness,energy,8
53,3.938696645877578,4.374398548374524,2.6195472972460756,6.129249799502972,Office31,brightness,energy,8
54,3.98167144913565,4.392868891788607,2.6384182493972883,6.1473195341799265,Office31,brightness,energy,8
55,4.0246462523937225,4.4085706830378655,2.6544091121403355,6.1627322539353955,Office31,brightness,energy,8
56,4.067621055651795,4.422380190196134,2.6680764398352967,6.176683940556972,Office31,brightness,energy,8
57,4.110595858909867,4.435173681337246,2.680351688964367,6.189995673710126,Office31,brightness,energy,8
58,4.1535706621679385,4.447827424535039,2.6924963614252713,6.203158487644807,Office31,brightness,energy,8
59,4.196545465426011,4.461387888581707,2.7059483578606063,6.216827419302808,Office31,brightness,energy,8
60,4.239520268684084,4.478312418684007,2.7229327652659974,6.233692072102017,Office31,brightness,energy,8
61,4.282495071942156,4.501755973826046,2.7461102101580086,6.257401737494083,Office31,brightness,energy,8
62,4.325469875200228,4.534878471046539,2.7784184017181683,6.291338540374909,Office31,brightness,energy,8
63,4.3684446784583,4.580839827384201,2.823210026308923,6.33846962845948,Office31,brightness,energy,8
64,4.411419481716372,4.642799959877749,2.8841456087083253,6.401454311047173,Office31,brightness,energy,8
65,4.454394284974445,4.722671000409331,2.963509849701274,6.481832151117389,Office31,brightness,energy,8
66,4.497369088232517,4.8164085517677355,3.0568831714332396,6.575933932102231,Office31,brightness,energy,8
67,4.54034389149059,4.91819280368206,3.157934983557223,6.6784506238068975,Office31,brightness,energy,8
68,4.5833186947486615,5.0222036412463575,3.260683382596527,6.783723899896188,Office31,brightness,energy,8
69,4.626293498006733,5.122620949554679,3.3595969511362016,6.885644947973156,Office31,brightness,energy,8
70,4.669268301264806,5.213626694420239,3.449437678106537,6.977815710733942,Office31,brightness,energy,8
71,4.712243104522878,5.2911784753688265,3.5264573203547362,7.055899630382917,Office31,brightness,energy,8
72,4.755217907780951,5.356245304021444,3.5910840150696917,7.121406592973196,Office31,brightness,energy,8
73,4.798192711039023,5.410673995394422,3.6445763756466727,7.176771615142171,Office31,brightness,energy,8
74,4.841167514297095,5.4563113645040975,3.6885705016262396,7.224052227381955,Office31,brightness,energy,8
75,4.884142317555167,5.495004226366807,3.7251705352605327,7.264837917473081,Office31,brightness,energy,8
76,4.927117120813239,5.5285927752113695,3.7567826528485004,7.300402897574239,Office31,brightness,energy,8
77,4.970091924071312,5.558379703252953,3.784962266841801,7.331797139664106,Office31,brightness,energy,8
78,5.0130667273293845,5.584742010679469,3.809690724486005,7.359793296872933,Office31,brightness,energy,8
79,5.056041530587456,5.607965171912218,3.8309126433760534,7.385017700448382,Office31,brightness,energy,8
80,5.099016333845528,5.628334661372499,3.848894027960296,7.4077752947847015,Office31,brightness,energy,8
81,5.1419911371036005,5.64613595348161,3.8642329114041196,7.428038995559101,Office31,brightness,energy,8
82,5.184965940361673,5.661679318134708,3.877669259453582,7.445689376815834,Office31,brightness,energy,8
83,5.227940743619746,5.675932541142086,3.890021259640592,7.46184382264358,Office31,brightness,energy,8
84,5.270915546877817,5.690573372467831,3.9022684120929783,7.478878332842685,Office31,brightness,energy,8
85,5.31389035013589,5.7073148665690745,3.9156483991127153,7.498981334025434,Office31,brightness,energy,8
86,5.3568651533939615,5.727870077902949,3.9318584130159655,7.523881742789933,Office31,brightness,energy,8
87,5.399839956652034,5.753952060926587,3.9530636824452543,7.55484043940792,Office31,brightness,energy,8
88,5.442814759910107,5.787318422094855,3.9817102965358204,7.59292654765389,Office31,brightness,energy,8
89,5.485789563168179,5.830283349844799,4.020271181337639,7.640295518351959,Office31,brightness,energy,8
90,5.528764366426251,5.885539373132148,4.071043136369093,7.7000356098952025,Office31,brightness,energy,8
91,5.571739169684323,5.955786250988899,4.13617500145061,7.775397500527188,Office31,brightness,energy,8
92,5.614713972942395,6.043723742447044,4.217713282086184,7.869734202807905,Office31,brightness,energy,8
93,5.657688776200468,6.1520516065385795,4.3175406797010965,7.986562533376063,Office31,brightness,energy,8
94,5.700663579458539,6.282933528899552,4.436622745732098,8.129244312067005,Office31,brightness,energy,8
95,5.743638382716612,6.434857458670103,4.571459468672895,8.29825544866731,Office31,brightness,energy,8
96,5.7866131859746845,6.604769547890946,4.716757005256695,8.492782090525198,Office31,brightness,energy,8
97,5.829587989232756,6.789610673828118,4.867506969013737,8.7117143786425,Office31,brightness,energy,8
98,5.872562792490829,6.986321713747674,5.01929182215685,8.953351605338497,Office31,brightness,energy,8
99,5.915537595748901,7.191843544915654,5.168479996207957,9.215207093623352,Office31,brightness,energy,8
100,1.5473799854516983,2.2294314147002563,0.41214448350918875,4.046718345891324,Office31,contrast,energy,8
101,1.5793301628695593,2.2518400970845573,0.49598600053694764,4.007694193632167,Office31,contrast,energy,8
102,1.6112803402874205,2.2741786912438307,0.5652646995640425,3.983092682923619,Office31,contrast,energy,8
103,1.6432305177052815,2.295591447563776,0.6190928358703782,3.972090059257174,Office31,contrast,energy,8
104,1.6751806951231427,2.315222616430097,0.6580944543068552,3.9723507785533387,Office31,contrast,energy,8
105,1.7071308725410037,2.3322164482284915,0.6841543440844469,3.9802785523725364,Office31,contrast,energy,8
106,1.739081049958865,2.3457189579750652,0.6999198343998518,3.9915180815502787,Office31,contrast,energy,8
107,1.771031227376726,2.355391955616869,0.7086760919981523,4.002107819235587,Office31,contrast,energy,8
108,1.8029814047945871,2.36212693706469,0.7141045797236742,4.010149294405705,Office31,contrast,energy,8
109,1.8349315822124481,2.3669947369635405,0.7188018017165778,4.015187672210503,Office31,contrast,energy,8
110,1.8668817596303091,2.3710661899584347,0.7244646208826202,4.017667759034249,Office31,contrast,energy,8
111,1.8988319370481703,2.375412130694387,0.7322203086304353,4.018603952758339,Office31,contrast,energy,8
112,1.9307821144660313,2.3810904180783337,0.7428283515437208,4.019352484612947,Office31,contrast,energy,8
113,1.9627322918838925,2.3884799074640677,0.7559408591702674,4.021018955757868,Office31,contrast,energy,8
114,1.9946824693017535,2.3969605626649324,0.769933566538807,4.023987558791058,Office31,contrast,energy,8
115,2.0266326467196145,2.405832390515661,0.7833518725362574,4.028312908495065,Office31,contrast,energy,8
116,2.058582824137476,2.414395397850985,0.7951104574976708,4.033680338204299,Office31,contrast,energy,8
117,2.090533001555337,2.421949591505639,0.8045054480406926,4.039393734970585,Office31,contrast,energy,8
118,2.122483178973198,2.4278209448834733,0.8111719481976403,4.044469941569306,Office31,contrast,energy,8
119,2.154433356391059,2.431857612325628,0.8154322889433498,4.048282935707906,Office31,contrast,energy,8
120,2.18638353380892,2.434391353260933,0.8179719061608712,4.0508108003609955,Office31,contrast,energy,8
121,2.218333711226781,2.435772164269645,0.8193122404094983,4.0522320881297915,Office31,contrast,energy,8
122,2.2502838886446423,2.436350041932019,0.8198640322524255,4.052836051611613,Office31,contrast,energy,8
123,2.2822340660625033,2.4364749828283108,0.8199826237070711,4.05296734194955,Office31,contrast,energy,8
124,2.3141842434803643,2.4364764667440713,0.8199840306823383,4.052968902805804,Office31,contrast,energy,8
125,2.3461344208982258,2.4364764665082452,0.8199840304455137,4.052968902570977,Office31,contrast,energy,8
126,2.3780845983160868,2.436476466273474,0.8199840302098291,4.052968902337119,Office31,contrast,energy,8
127,2.4100347757339478,2.4364764660492675,0.8199840299847874,4.052968902113747,Office31,contrast,energy,8
128,2.4419849531518087,2.4364764658451326,0.8199840297798879,4.052968901910377,Office31,contrast,energy,8
129,2.4739351305696697,2.436476465670577,0.8199840296046308,4.052968901736524,Office31,contrast,energy,8
130,2.5058853079875307,2.4364764655318614,0.8199840294652707,4.052968901598452,Office31,contrast,energy,8
131,2.537835485405392,2.436476465416705,0.819984029349526,4.052968901483884,Office31,contrast,energy,8
132,2.569785662823253,2.4364764653062587,0.8199840292385487,4.052968901373969,Office31,contrast,energy,8
133,2.601735840241114,2.4364764651816655,0.8199840291134837,4.052968901249847,Office31,contrast,energy,8
134,2.6336860176589756,2.436476465024067,0.8199840289554736,4.052968901092661,Office31,contrast,energy,8
135,2.6656361950768366,2.4364764648146076,0.8199840287456637,4.052968900883552,Office31,contrast,energy,8
136,2.6975863724946976,2.4364764645404784,0.8199840284712465,4.05296890060971,Office31,contrast,energy,8
137,2.7295365499125586,2.4364764642091594,0.819984028139702,4.052968900278617,Office31,contrast,energy,8
138,2.7614867273304196,2.4364764638323795,0.8199840277627579,4.052968899902001,Office31,contrast,energy,8
139,2.7934369047482805,2.4364764634218683,0.8199840273521442,4.052968899491592,Office31,contrast,energy,8
140,2.825387082166142,2.4364764629893565,0.8199840269195897,4.052968899059123,Office31,contrast,energy,8
141,2.857337259584003,2.436476462546513,0.8199840264767642,4.052968898616262,Office31,contrast,energy,8
142,2.889287437001864,2.436476462096522,0.8199840260268498,4.052968898166194,Office31,contrast,energy,8
143,2.9212376144197254,2.436476461625407,0.8199840255558697,4.052968897694944,Office31,contrast,energy,8
144,2.9531877918375864,2.4364764611171235,0.8199840250477763,4.052968897186471,Office31,contrast,energy,8
145,2.9851379692554474,2.436476460555625,0.8199840244865222,4.052968896624728,Office31,contrast,energy,8
146,3.0170881466733084,2.4364764599248643,0.8199840238560581,4.05296889599367,Office31,contrast,energy,8
147,3.0490383240911694,2.436476459209262,0.8199840231408033,4.05296889527772,Office31,contrast,energy,8
148,3.0809885015090304,2.4364764584101364,0.8199840223420778,4.0529688944781945,Office31,contrast,energy,8
149,3.1129386789268914,2.4364764575500915,0.8199840214824916,4.052968893617692,Office31,contrast,energy,8
150,3.144888856344753,2.4364764566530894,0.8199840205860136,4.052968892720165,Office31,contrast,energy,8
151,3.176839033762614,2.436476455743091,0.8199840196766115,4.052968891809571,Office31,contrast,energy,8
152,3.208789211180475,2.4364764548440574,0.8199840187782523,4.052968890909862,Office31,contrast,energy,8
153,3.240739388598336,2.4364777766776298,0.8199858742031281,4.052969679152131,Office31,contrast,energy,8
154,3.272689566016197,2.4365024878331822,0.820020324032144,4.052984651634221,Office31,contrast,energy,8
155,3.304639743434058,2.436589125131609,0.8201376494081751,4.053040600855043,Office31,contrast,energy,8
156,3.336589920851919,2.43677667907911,0.8203732190741426,4.053180139084077,Office31,contrast,energy,8
157,3.36854009826978,2.4371041401818845,0.8207241080257583,4.053484172338011,Office31,contrast,energy,8
158,3.400490275687641,2.4376104989461345,0.8211154665560991,4.05410553133617,Office31,contrast,energy,8
159,3.4324404531055026,2.438326027971981,0.8213554258805666,4.0552966300633955,Office31,contrast,energy,8
160,3.4643906305233636,2.439208732902127,0.8211467681204134,4.05727069768384,Office31,contrast,energy,8
161,3.496340807941225,2.440180886678214,0.8202732085479667,4.060088564808462,Office31,contrast,energy,8
162,3.528290985359086,2.4411645082837725,0.8187048577527705,4.063624158814775,Office31,contrast,energy,8
163,3.560241162776947,2.4420816167023256,0.8166251544716023,4.067538078933049,Office31,contrast,energy,8
164,3.592191340194808,2.442854230917401,0.8144131799040946,4.071295281930707,Office31,contrast,energy,8
165,3.624141517612669,2.443420623232197,0.8125258278703456,4.074315418594049,Office31,contrast,energy,8
166,3.65609169503053,2.4437966541236444,0.8111491664595347,4.076444141787754,Office31,contrast,energy,8
167,3.6880418724483914,2.4440213101299637,0.8102797663051724,4.077762853954755,Office31,contrast,energy,8
168,3.7199920498662524,2.444133581757474,0.8098321572317773,4.078435006283171,Office31,contrast,energy,8
169,3.7519422272841134,2.444172459512493,0.809675119983261,4.078669799041725,Office31,contrast,energy,8
170,3.7838924047019744,2.4441770400650307,0.8096571787335691,4.078696901396492,Office31,contrast,energy,8
171,3.815842582119836,2.444277017525388,0.8097919521916239,4.078762082859152,Office31,contrast,energy,8
172,3.847792759537697,2.4448577812550027,0.8105682024943195,4.079147360015686,Office31,contrast,energy,8
173,3.879742936955558,2.4463495084226947,0.8125100941720318,4.080188922673358,Office31,contrast,energy,8
174,3.911693114373419,2.449182376197283,0.8159917932741492,4.082372959120417,Office31,contrast,energy,8
175,3.94364329179128,2.4537865617475862,0.8210739458644745,4.086499177630698,Office31,contrast,energy,8
176,3.9755934692091413,2.4605867698074384,0.8272734628831073,4.093900076731769,Office31,contrast,energy,8
177,4.007543646627003,2.469563430948899,0.8330747681078656,4.106052093789932,Office31,contrast,energy,8
178,4.039493824044863,2.4799318417742433,0.8364219693435859,4.123441714204901,Office31,contrast,energy,8
179,4.071444001462725,2.490831647944525,0.8361139422671227,4.145549353621927,Office31,contrast,energy,8
180,4.103394178880586,2.501402495120794,0.8321422019119866,4.170662788329601,Office31,contrast,energy,8
181,4.135344356298447,2.510784028964103,0.8256636805800606,4.195904377348145,Office31,contrast,energy,8
182,4.167294533716308,2.518138310229148,0.8186949456806782,4.217581674777618,Office31,contrast,energy,8
183,4.199244711134169,2.5232217936675503,0.8129306907281071,4.233512896606993,Office31,contrast,energy,8
184,4.23119488855203,2.5264327412044523,0.8088983671444436,4.243967115264461,Office31,contrast,energy,8
185,4.263145065969891,2.528201330005753,0.80654963747837,4.249853022533136,Office31,contrast,energy,8
186,4.2950952433877525,2.528957737237351,0.8055176226393959,4.252397851835306,Office31,contrast,energy,8
187,4.327045420805613,2.5291321400651454,0.8052773459267857,4.252986934203506,Office31,contrast,energy,8
188,4.3589955982234745,2.529177875054443,0.8053334307991524,4.253022319309734,Office31,contrast,energy,8
189,4.390945775641335,2.529837605963159,0.8062661137142235,4.253409098212094,Office31,contrast,energy,8
190,4.4228959530591965,2.53205066874418,0.8093448372659604,4.254756500222399,Office31,contrast,energy,8
191,4.4548461304770575,2.536760157750299,0.815639899880285,4.257880415620313,Office31,contrast,energy,8
192,4.4867963078949185,2.5449091673343087,0.8257055309669898,4.264112803701628,Office31,contrast,energy,8
193,4.5187464853127794,2.5574407918490007,0.8391330684730656,4.275748515224936,Office31,contrast,energy,8
194,4.55069666273064,2.5751704101687354,0.8538925494393734,4.2964482708980976,Office31,contrast,energy,8
195,4.582646840148502,2.598037684430742,0.8658590293871677,4.330216339474316,Office31,contrast,energy,8
196,4.614597017566362,2.62561495514113,0.8705359724463189,4.380693937835941,Office31,contrast,energy,8
197,4.646547194984224,2.657473306130387,0.8642481410081473,4.450698471252626,Office31,contrast,energy,8
198,4.678497372402084,2.6931838212289936,0.8447445110280642,4.5416231314299225,Office31,contrast,energy,8
199,4.710447549819946,2.732317584267441,0.8115173345293527,4.6531178340055295,Office31,contrast,energy,8
200,1.661032073199749,2.1410535049496913,0.7920342152733384,3.490072794626044,Office31,dslr,energy,8
201,1.6926787593449004,2.145103305785826,0.7969339124782913,3.493272699093361,Office31,dslr,energy,8
202,1.724325445490052,2.147778576952558,0.7999113936956579,3.4956457602094577,Office31,dslr,energy,8
203,1.7559721316352035,2.1493642819110517,0.8015787961780629,3.49714976764404,Office31,dslr,energy,8
204,1.787618817780355,2.1501453841224714,0.8023734768607773,3.4979172913841654,Office31,dslr,energy,8
205,1.8192655039255066,2.1504068470479805,0.8026355530605769,3.498178141035384,Office31,dslr,energy,8
206,1.850912190070658,2.150433373140085,0.8026620311802346,3.4982047150999356,Office31,dslr,energy,8
207,1.8825588762158094,2.150433372986886,0.8026620310271484,3.498204714946623,Office31,dslr,energy,8
208,1.914205562360961,2.15043337280893,0.8026620308493406,3.4982047147685194,Office31,dslr,energy,8
209,1.9458522485061125,2.1504333726133935,0.8026620306539913,3.498204714572796,Office31,dslr,energy,8
210,1.9774989346512641,2.1504333724074516,0.8026620304482806,3.4982047143666226,Office31,dslr,energy,8
211,2.0091456207964153,2.150433372198279,0.8026620302393872,3.4982047141571706,Office31,dslr,energy,8
212,2.040792306941567,2.150433371992991,0.8026620300344312,3.498204713951551,Office31,dslr,energy,8
213,2.0724389930867186,2.150433371795406,0.8026620298372431,3.498204713753569,Office31,dslr,energy,8
214,2.10408567923187,2.1504333716045063,0.8026620296468316,3.498204713562181,Office31,dslr,energy,8
215,2.1357323653770215,2.1504333714188797,0.8026620294618101,3.4982047133759493,Office31,dslr,energy,8
216,2.167379051522173,2.1504333712371198,0.8026620292807991,3.4982047131934406,Office31,dslr,energy,8
217,2.1990257376673243,2.150433371057817,0.8026620291024149,3.498204713013219,Office31,dslr,energy,8
218,2.230672423812476,2.1504333708795653,0.8026620289252779,3.4982047128338527,Office31,dslr,energy,8
219,2.2623191099576276,2.1504333707010264,0.8026620287480708,3.498204712653982,Office31,dslr,energy,8
220,2.2939657961027793,2.150433370520918,0.8026620285695281,3.498204712472308,Office31,dslr,energy,8
221,2.3256124822479305,2.1504333703379634,0.802662028388389,3.4982047122875377,Office31,dslr,energy,8
222,2.357259168393082,2.150433370150884,0.8026620282033918,3.4982047120983766,Office31,dslr,energy,8
223,2.3889058545382333,2.1504333699584017,0.8026620280132744,3.4982047119035293,Office31,dslr,energy,8
224,2.420552540683385,2.150433369759408,0.8026620278169483,3.4982047117018675,Office31,dslr,energy,8
225,2.4521992268285366,2.150433369554498,0.8026620276150618,3.4982047114939343,Office31,dslr,energy,8
226,2.4838459129736883,2.1504333693452558,0.8026620274092713,3.4982047112812404,Office31,dslr,energy,8
227,2.5154925991188395,2.1504333691332755,0.8026620272012444,3.4982047110653065,Office31,dslr,energy,8
228,2.547139285263991,2.1504333689201567,0.8026620269926532,3.49820471084766,Office31,dslr,energy,8
229,2.5787859714091423,2.1504333687074952,0.8026620267851665,3.4982047106298237,Office31,dslr,energy,8
230,2.610432657554294,2.150614036164894,0.8028572616384912,3.498370810691297,Office31,dslr,energy,8
231,2.6420793436994456,2.1521874773700027,0.804556361163423,3.4998185935765824,Office31,dslr,energy,8
232,2.6737260298445973,2.1567312556358744,0.8094508286646065,3.5040116826071426,Office31,dslr,energy,8
233,2.7053727159897485,2.1658233625248475,0.8191902622622351,3.51245646278746,Office31,dslr,energy,8
234,2.7370194021349,2.1810417895992615,0.8353296043298304,3.5267539748686927,Office31,dslr,energy,8
235,2.7686660882800513,2.203964367827973,0.859254312522852,3.548674423133094,Office31,dslr,energy,8
236,2.800312774425203,2.235232989362148,0.8911422341366095,3.5793237445876867,Office31,dslr,energy,8
237,2.8319594605703546,2.272349461983986,0.9278725562451926,3.616826367722779,Office31,dslr,energy,8
238,2.8636061467155063,2.312157802570187,0.9659153088742194,3.658400296266155,Office31,dslr,energy,8
239,2.8952528328606575,2.3515020279974506,1.0021454841384032,3.700858571856498,Office31,dslr,energy,8
240,2.926899519005809,2.3872261551424763,1.0338709809077244,3.7405813293772283,Office31,dslr,energy,8
241,2.9585462051509603,2.4161851047487124,1.0587780158098499,3.773592193687575,Office31,dslr,energy,8
242,2.990192891296112,2.4367680056860026,1.0761368498646429,3.7973991615073626,Office31,dslr,energy,8
243,3.0218395774412636,2.4504668184064013,1.0879160694335097,3.813017567379293,Office31,dslr,energy,8
244,3.0534862635864153,2.459147812662763,1.0961859782213588,3.8221096471041673,Office31,dslr,energy,8
245,3.0851329497315665,2.464677258207943,1.1027724075913161,3.82658210882457,Office31,dslr,energy,8
246,3.116779635876718,2.4689214247947935,1.1092236946419702,3.8286191549476167,Office31,dslr,energy,8
247,3.1484263220218693,2.473799867034017,1.116798270699858,3.830801463368176,Office31,dslr,energy,8
248,3.180073008167021,2.483166550760601,1.1283297276729773,3.8380033738482244,Office31,dslr,energy,8
249,3.2117196943121726,2.5033117870737858,1.1492117218718492,3.8574118522757224,Office31,dslr,energy,8
250,3.2433663804573243,2.5406812365126035,1.1855711689093635,3.8957913041158436,Office31,dslr,energy,8
251,3.275013066602476,2.6017205596160853,1.2442036245591188,3.9592374946730517,Office31,dslr,energy,8
252,3.306659752747627,2.6928754169232603,1.332451591709563,4.053299242136958,Office31,dslr,energy,8
253,3.3383064388927783,2.8199956929056884,1.4572567856190897,4.182734600192287,Office31,dslr,energy,8
254,3.36995312503793,2.979587715968733,1.6155172068359072,4.343658225101559,Office31,dslr,energy,8
255,3.4015998111830816,3.1607392109255676,1.796105179678999,4.525373242172137,Office31,dslr,energy,8
256,3.4332464973282333,3.352333551398228,1.9877878007221625,4.716879302074294,Office31,dslr,energy,8
257,3.464893183473385,3.5432541110087454,2.179605969266971,4.90690225275052,Office31,dslr,energy,8
258,3.496539869618536,3.7223842633791504,2.360832263816679,5.083936262941622,Office31,dslr,energy,8
259,3.5281865557636873,3.8795658239213826,2.5216022772407403,5.237529370602025,Office31,dslr,energy,8
260,3.559833241908839,4.0125855975229445,2.6590083842769703,5.366162810768919,Office31,dslr,energy,8
261,3.5914799280539906,4.123158822534284,2.7735922628857193,5.472725382182849,Office31,dslr,energy,8
262,3.6231266141991423,4.213028657321585,2.8661920395476015,5.559865275095569,Office31,dslr,energy,8
263,3.654773300344294,4.283938260251026,2.9381866766675344,5.629689843834518,Office31,dslr,energy,8
264,3.686419986489445,4.337630789688792,2.9915732830245174,5.683688296353066,Office31,dslr,energy,8
265,3.718066672634597,4.376007537336546,3.028991050336545,5.7230240243365476,Office31,dslr,energy,8
266,3.749713358779748,4.401724673096349,3.0538687975560523,5.749580548636645,Office31,dslr,energy,8
267,3.7813600449248996,4.417663367133738,3.069543821820991,5.765782912446484,Office31,dslr,energy,8
268,3.8130067310700513,4.42670482822102,3.079061480769048,5.7743481756729915,Office31,dslr,energy,8
269,3.8446534172152025,4.431730265130504,3.0852102394603724,5.778250290800636,Office31,dslr,energy,8
270,3.876300103360354,4.435619973528388,3.0905159432296205,5.780724003827155,Office31,dslr,energy,8
271,3.907946789505506,4.440475027151441,3.096424568558131,5.7845254857447514,Office31,dslr,energy,8
272,3.939593475650657,4.446197283662596,3.1020819282134156,5.790312639111777,Office31,dslr,energy,8
273,3.9712401617958086,4.452303384083242,3.106560039931748,5.798046728234736,Office31,dslr,energy,8
274,4.00288684794096,4.458309969434768,3.109400574814235,5.807219364055301,Office31,dslr,energy,8
275,4.034533534086112,4.463733680738562,3.110641270520425,5.816826090956699,Office31,dslr,energy,8
276,4.066180220231264,4.468095493609781,3.110737302760407,5.825453684459156,Office31,dslr,energy,8
277,4.097826906376415,4.471268283323976,3.1104860425430108,5.832050524104941,Office31,dslr,energy,8
278,4.129473592521566,4.473730970718839,3.1107623622107456,5.8366995792269325,Office31,dslr,energy,8
279,4.161120278666718,4.4760223980563065,3.1121746090854545,5.8398701870271585,Office31,dslr,energy,8
280,4.192766964811869,4.4786814075983115,3.11503095455737,5.842331860639253,Office31,dslr,energy,8
281,4.22441365095702,4.482246841606785,3.119276208896278,5.845217474317292,Office31,dslr,energy,8
282,4.256060337102172,4.487238386347209,3.124360541611816,5.850116231082602,Office31,dslr,energy,8
283,4.287707023247323,4.4936677574525365,3.1289466582296805,5.8583888566753926,Office31,dslr,energy,8
284,4.319353709392475,4.500998180501012,3.131495852722602,5.870500508279423,Office31,dslr,energy,8
285,4.351000395537627,4.508665606224366,3.1310634747981503,5.8862677376505825,Office31,dslr,energy,8
286,4.382647081682778,4.516105985354329,3.127441907220748,5.904770063487911,Office31,dslr,energy,8
287,4.41429376782793,4.522755268622631,3.1210722044112296,5.924438332834033,Office31,dslr,energy,8
288,4.445940453973082,4.528093902314991,3.112753807606796,5.9434339970231855,Office31,dslr,energy,8
289,4.477587140118233,4.53215820955541,3.103129433875867,5.961186985234954,Office31,dslr,energy,8
290,4.509233826263384,4.535362374660028,3.092445238794167,5.978279510525888,Office31,dslr,energy,8
291,4.540880512408536,4.5381278028613385,3.0806565947939344,5.995599010928743,Office31,dslr,energy,8
292,4.572527198553687,4.540875899391841,3.067479610137648,6.014272188646034,Office31,dslr,energy,8
293,4.604173884698838,4.5440280694840265,3.052385957816739,6.035670181151314,Office31,dslr,energy,8
294,4.63582057084399,4.547951658364079,3.0344497409809765,6.061453575747182,Office31,dslr,energy,8
295,4.667467256989141,4.552643333773213,3.011798570668621,6.093488096877806,Office31,dslr,energy,8
296,4.699113943134293,4.557944281830993,2.9823720815580677,6.133516482103919,Office31,dslr,energy,8
297,4.730760629279445,4.563695156725431,2.9445226498941897,6.182867663556673,Office31,dslr,energy,8
298,4.762407315424596,4.56973661264454,2.8972203377892782,6.242252887499802,Office31,dslr,energy,8
299,4.794054001569748,4.575909303776338,2.840156913706913,6.311661693845762,Office31,dslr,energy,8
300,1.612335816025734,1.720841191849962,-0.15756906608075671,3.599251449780681,Office31,hue,energy,8
301,1.6402647132524337,1.850094678755684,0.034967347582932184,3.665222009928436,Office31,hue,energy,8
302,1.6681936104791333,1.9751499610334207,0.21060008005134412,3.739699842015497,Office31,hue,energy,8
303,1.696122507705833,2.0922957747081634,0.36523296743476785,3.819358581981559,Office31,hue,energy,8
304,1.7240514049325326,2.1978208558049,0.49604324466127325,3.8995984669485266,Office31,hue,energy,8
305,1.7519803021592324,2.2880139403486197,0.6013158158786549,3.9747120648185845,Office31,hue,energy,8
306,1.779909199385932,2.3591706395216536,0.6800617173178176,4.038279561725489,Office31,hue,energy,8
307,1.8078380966126317,2.4095961475337697,0.7335491644185996,4.08564313064894,Office31,hue,energy,8
308,1.8357669938393313,2.4423866247200765,0.7672944304633449,4.117478818976808,Office31,hue,energy,8
309,1.863695891066031,2.46133695110997,0.7864233720000409,4.1362505302198995,Office31,hue,energy,8
310,1.8916247882927306,2.470242006732843,0.7953179052425665,4.145166108223119,Office31,hue,energy,8
311,1.9195536855194304,2.4728966716180896,0.7979577475337525,4.147835595702427,Office31,hue,energy,8
312,1.94748258274613,2.4730680188174534,0.7981279536034493,4.148008084031457,Office31,hue,energy,8
313,1.9754114799728297,2.473068018288356,0.7981279530733454,4.148008083503367,Office31,hue,energy,8
314,2.0033403771995295,2.473068017653228,0.7981279524372928,4.148008082869163,Office31,hue,energy,8
315,2.0312692744262293,2.473068016908333,0.7981279516915469,4.148008082125119,Office31,hue,energy,8
316,2.0591981716529286,2.4730680160499365,0.7981279508323618,4.148008081267511,Office31,hue,energy,8
317,2.0871270688796284,2.4730680150743036,0.7981279498559926,4.148008080292614,Office31,hue,energy,8
318,2.115055966106328,2.4730680139783385,0.7981279487593338,4.148008079197343,Office31,hue,energy,8
319,2.1429848633330275,2.473068012771807,0.7981279475521492,4.148008077991465,Office31,hue,energy,8
320,2.1709137605597273,2.4730680114763857,0.798127946256119,4.1480080766966525,Office31,hue,energy,8
321,2.198842657786427,2.473068010114201,0.7981279448933756,4.148008075335026,Office31,hue,energy,8
322,2.226771555013127,2.473068008707377,0.7981279434860471,4.1480080739287075,Office31,hue,energy,8
323,2.2547004522398266,2.4730680072780404,0.798127942056265,4.148008072499816,Office31,hue,energy,8
324,2.282629349466526,2.473068005848638,0.798127940626481,4.148008071070795,Office31,hue,energy,8
325,2.3105582466932257,2.4730680044448525,0.7981279392223815,4.148008069667323,Office31,hue,energy,8
326,2.3384871439199255,2.4730680030942476,0.798127937871534,4.148008068316961,Office31,hue,energy,8
327,2.3664160411466253,2.4730680018244136,0.7981279366015321,4.148008067047295,Office31,hue,energy,8
328,2.394344938373325,2.4730680006629338,0.7981279354399624,4.1480080658859055,Office31,hue,energy,8
329,2.4222738356000244,2.4730679996373977,0.7981279344144185,4.1480080648603765,Office31,hue,energy,8
330,2.450202732826724,2.4730679987699413,0.7981279335470406,4.148008063992842,Office31,hue,energy,8
331,2.478131630053424,2.473067998051582,0.7981279328288575,4.148008063274307,Office31,hue,energy,8
332,2.5060605272801233,2.4730679974623127,0.7981279322398762,4.148008062684749,Office31,hue,energy,8
333,2.533989424506823,2.4730679969821128,0.7981279317600898,4.148008062204136,Office31,hue,energy,8
334,2.561918321733523,2.4730679965909608,0.79812793136949,4.1480080618124315,Office31,hue,energy,8
335,2.5898472189602226,2.473068005606625,0.7981279412100377,4.148008070003212,Office31,hue,energy,8
336,2.6177761161869224,2.4731224539772185,0.7981871886842307,4.148057719270207,Office31,hue,energy,8
337,2.6457050134136217,2.4734683534259405,0.7985632638629132,4.148373442988968,Office31,hue,energy,8
338,2.6736339106403215,2.474380963256958,0.799552901594679,4.149209024919237,Office31,hue,energy,8
339,2.7015628078670213,2.476135542774441,0.8014450331431562,4.150826052405726,Office31,hue,energy,8
340,2.7294917050937206,2.4790073512825566,0.8045120449090006,4.153502657656112,Office31,hue,energy,8
341,2.757420602320421,2.4832698552301546,0.8089957399200902,4.157543970540219,Office31,hue,energy,8
342,2.78534949954712,2.488944260719932,0.8148374679221366,4.163051053517727,Office31,hue,energy,8
343,2.81327839677382,2.495541594462683,0.8214467456822476,4.169636443243118,Office31,hue,energy,8
344,2.8412072940005197,2.5025113378076767,0.8282158447130756,4.176806830902278,Office31,hue,energy,8
345,2.869136191227219,2.509302972104189,0.8346012475071776,4.184004696701201,Office31,hue,energy,8
346,2.897065088453919,2.5153659787014897,0.8401260126208199,4.19060594478216,Office31,hue,energy,8
347,2.9249939856806186,2.5201594475333184,0.8443768044345874,4.19594209063205,Office31,hue,energy,8
348,2.9529228829073184,2.523491290964283,0.8472705632523396,4.199712018676226,Office31,hue,energy,8
349,2.980851780134018,2.5256087549747406,0.8490836860923434,4.202133823857138,Office31,hue,energy,8
350,3.0087806773607175,2.526787098910844,0.850083945872699,4.203490251948989,Office31,hue,energy,8
351,3.0367095745874173,2.527301582118743,0.8505187194215078,4.204084444815978,Office31,hue,energy,8
352,3.064638471814117,2.5274274639445915,0.8506249171362359,4.204230010752947,Office31,hue,energy,8
353,3.0925673690408164,2.527430665945757,0.8506276173818557,4.204233714509659,Office31,hue,energy,8
354,3.1204962662675166,2.5274306651381466,0.8506276165741236,4.20423371370217,Office31,hue,energy,8
355,3.148425163494216,2.5274306643917592,0.8506276158279651,4.204233712955554,Office31,hue,energy,8
356,3.1763540607209158,2.52743066371504,0.8506276151518144,4.204233712278266,Office31,hue,energy,8
357,3.2042829579476155,2.5274306631164336,0.850627614554105,4.2042337116787625,Office31,hue,energy,8
358,3.232211855174315,2.527430662604386,0.8506276140432723,4.204233711165499,Office31,hue,energy,8
359,3.2601407524010146,2.5275043135137576,0.850704442256659,4.204304184770856,Office31,hue,energy,8
360,3.2880696496277144,2.5283357987937394,0.8515713562894196,4.205100241298059,Office31,hue,energy,8
361,3.3159985468544138,2.5309111813181335,0.8542513273709043,4.207571035265363,Office31,hue,energy,8
362,3.343927444081114,2.536218669470478,0.8597498145021807,4.212687524438776,Office31,hue,energy,8
363,3.3718563413078133,2.5452464716343117,0.8690265543733733,4.22146638889525,Office31,hue,energy,8
364,3.399785238534513,2.558982796193173,0.8829580812103561,4.23500751117599,Office31,hue,energy,8
365,3.427714135761213,2.578003913650958,0.901883611533786,4.25412421576813,Office31,hue,energy,8
366,3.455643032987912,2.600919634218435,0.9241199875180854,4.2777192809187845,Office31,hue,energy,8
367,3.4835719302146124,2.6257536416506717,0.9475224878522563,4.303984795449087,Office31,hue,energy,8
368,3.5115008274413118,2.650529519131961,0.9701513295002973,4.330907708763625,Office31,hue,energy,8
369,3.5394297246680115,2.6732708498466002,0.9902922602089912,4.356249439484209,Office31,hue,energy,8
370,3.5673586218947113,2.692002021545057,1.0064309215087477,4.377573121581366,Office31,hue,energy,8
371,3.5952875191214106,2.705434018637016,1.0177543292164688,4.393113708057562,Office31,hue,energy,8
372,3.6232164163481104,2.7142156231635886,1.025045129287987,4.40338611703919,Office31,hue,energy,8
373,3.65114531357481,2.719335043520779,1.0292546156598807,4.409415471381678,Office31,hue,energy,8
374,3.67907421080151,2.721780488104589,1.0312548050357753,4.412306171173403,Office31,hue,energy,8
375,3.7070031080282093,2.722540165311024,1.0318747699892958,4.413205560632752,Office31,hue,energy,8
376,3.734932005254909,2.722598093087396,1.0319220169923204,4.413274169182472,Office31,hue,energy,8
377,3.762860902481609,2.7225980919946755,1.0319220158940499,4.413274168095301,Office31,hue,energy,8
378,3.7907897997083086,2.7225980908199654,1.0319220147146242,4.413274166925307,Office31,hue,energy,8
379,3.818718696935008,2.7225980895876982,1.0319220134783502,4.413274165697047,Office31,hue,energy,8
380,3.8466475941617078,2.7225980883223038,1.0319220122095318,4.413274164435076,Office31,hue,energy,8
381,3.8745764913884075,2.722598087048213,1.0319220109324743,4.413274163163952,Office31,hue,energy,8
382,3.9025053886151073,2.72259808578976,1.0319220096713877,4.413274161908132,Office31,hue,energy,8
383,3.930434285841807,2.7225980845686717,1.0319220084479286,4.413274160689415,Office31,hue,energy,8
384,3.9583631830685064,2.7225980834038648,1.0319220072809987,4.413274159526731,Office31,hue,energy,8
385,3.986292080295206,2.722598082314116,1.031922006189363,4.413274158438869,Office31,hue,energy,8
386,4.014220977521906,2.7225980813182007,1.0319220051917855,4.413274157444616,Office31,hue,energy,8
387,4.042149874748606,2.7225980804348953,1.0319220043070305,4.4132741565627605,Office31,hue,energy,8
388,4.0700787719753055,2.722598079681507,1.0319220035523937,4.41327415581062,Office31,hue,energy,8
389,4.098007669202005,2.7225980790569797,1.0319220029268037,4.413274155187156,Office31,hue,energy,8
390,4.125936566428704,2.722598078547777,1.0319220024167044,4.413274154678849,Office31,hue,energy,8
391,4.153865463655404,2.7225980781401247,1.0319220020083042,4.413274154271945,Office31,hue,energy,8
392,4.181794360882104,2.7225980778202468,1.0319220016878081,4.413274153952686,Office31,hue,energy,8
393,4.209723258108804,2.7225980775743683,1.031922001441423,4.413274153707314,Office31,hue,energy,8
394,4.237652155335503,2.7225980773891614,1.0319220012558032,4.4132741535225195,Office31,hue,energy,8
395,4.265581052562203,2.7225980772543634,1.0319220011206731,4.413274153388054,Office31,hue,energy,8
396,4.293509949788903,2.7225980771609954,1.0319220010270431,4.413274153294948,Office31,hue,energy,8
397,4.321438847015602,2.722598077100084,1.0319220009659291,4.413274153234239,Office31,hue,energy,8
398,4.349367744242302,2.7225980770626554,1.0319220009283463,4.413274153196965,Office31,hue,energy,8
399,4.377296641469002,2.722598077039737,1.0319220009053112,4.413274153174163,Office31,hue,energy,8
400,1.661032073199749,2.168754739368187,0.2172777781353017,4.120231700601073,Office31,multnoise,energy,8
401,1.7129308923025324,2.1700477125688518,0.21983845333976948,4.120256971797934,Office31,multnoise,energy,8
402,1.7648297114053157,2.1709018419295902,0.22115426084766554,4.120649423011515,Office31,multnoise,energy,8
403,1.8167285305080991,2.1714081072685714,0.22179294060839494,4.121023273928747,Office31,multnoise,energy,8
404,1.8686273496108825,2.171657488403963,0.22206889357554482,4.121246083232382,Office31,multnoise,energy,8
405,1.9205261687136659,2.1717409651539334,0.22215556497455657,4.12132636533331,Office31,multnoise,energy,8
406,1.9724249878164493,2.171749434004843,0.22216419819528355,4.121334669814402,Office31,multnoise,energy,8
407,2.0243238069192326,2.1717494338645693,0.22216419805735077,4.121334669671787,Office31,multnoise,energy,8
408,2.076222626022016,2.171749433717121,0.2221641979130582,4.121334669521184,Office31,multnoise,energy,8
409,2.1281214451247994,2.1717494335658483,0.22216419776607377,4.1213346693656225,Office31,multnoise,energy,8
410,2.1800202642275828,2.1717494334140994,0.22216419762006434,4.121334669208134,Office31,multnoise,energy,8
411,2.231919083330366,2.1717494332652247,0.2221641974786981,4.121334669051752,Office31,multnoise,energy,8
412,2.2838179024331495,2.1717505071272427,0.2221671283667752,4.12133388588771,Office31,multnoise,energy,8
413,2.335716721535933,2.171809930280176,0.22232898829121894,4.1212908722691335,Office31,multnoise,energy,8
414,2.3876155406387167,2.172067656474452,0.22302395543975462,4.121111357509149,Office31,multnoise,energy,8
415,2.4395143597415,2.172670257517033,0.22460419947638766,4.120736315557679,Office31,multnoise,energy,8
416,2.4914131788442835,2.1737643052148843,0.2273129382356589,4.12021567219411,Office31,multnoise,energy,8
417,2.543311997947067,2.175496371374968,0.231177651484062,4.119815091265874,Office31,multnoise,energy,8
418,2.5952108170498502,2.1780180060253835,0.235864859600609,4.120171152450158,Office31,multnoise,energy,8
419,2.6471096361526336,2.181580869923791,0.24067713087092968,4.122484608976652,Office31,multnoise,energy,8
420,2.699008455255417,2.1865293389284806,0.24520084796626618,4.127857829890695,Office31,multnoise,energy,8
421,2.7509072743582004,2.193211285261559,0.2497538010701006,4.136668769453017,Office31,multnoise,energy,8
422,2.8028060934609837,2.2019745811451314,0.2554032397566819,4.148545922533581,Office31,multnoise,energy,8
423,2.854704912563767,2.213167098801304,0.2637145817371527,4.162619615865455,Office31,multnoise,energy,8
424,2.9066037316665505,2.2275154926394816,0.2765508900726874,4.178480095206275,Office31,multnoise,energy,8
425,2.958502550769334,2.2495774218650264,0.2983276566445763,4.200827187085476,Office31,multnoise,energy,8
426,3.0104013698721173,2.2861350142230634,0.33497612168645885,4.2372939067596675,Office31,multnoise,energy,8
427,3.062300188974901,2.3439977977905535,0.39272890132349425,4.295266694257613,Office31,multnoise,energy,8
428,3.1141990080776845,2.4299753006444553,0.4783612277366218,4.381589373552289,Office31,multnoise,energy,8
429,3.166097827180468,2.550877050861727,0.5991379125508138,4.50261618917264,Office31,multnoise,energy,8
430,3.217996646283251,2.711313825131904,0.760138846501818,4.66248880376199,Office31,multnoise,energy,8
431,3.2698954653860346,2.903343647038462,0.952998451660469,4.853688842416455,Office31,multnoise,energy,8
432,3.321794284488818,3.114576873284296,1.1647240743797909,5.064429672188801,Office31,multnoise,energy,8
433,3.3736931035916013,3.3326186487171583,1.3828172422996108,5.282420055134706,Office31,multnoise,energy,8
434,3.4255919226943847,3.5450741181848064,1.5954321495911368,5.494716086778476,Office31,multnoise,energy,8
435,3.477490741797168,3.739548922892727,1.7912087294656787,5.687889116319775,Office31,multnoise,energy,8
436,3.5293895608999515,3.906541476917976,1.961416314740354,5.851666639095598,Office31,multnoise,energy,8
437,3.581288380002735,4.0462554771031884,2.105613114838329,5.986897839368048,Office31,multnoise,energy,8
438,3.6331871991055182,4.160927701567932,2.2248811701740117,6.096974232961852,Office31,multnoise,energy,8
439,3.6850860182083016,4.252794928431771,2.3204713802712558,6.185118476592287,Office31,multnoise,energy,8
440,3.736984837311085,4.32409393581427,2.394111873217178,6.254075998411362,Office31,multnoise,energy,8
441,3.7888836564138684,4.377062842119845,2.4481018225652535,6.306023861674437,Office31,multnoise,energy,8
442,3.8407824755166518,4.414128348019715,2.4853740369778587,6.342882659061571,Office31,multnoise,energy,8
443,3.892681294619435,4.438098548992776,2.5092481952458288,6.366948902739723,Office31,multnoise,energy,8
444,3.9445801137222185,4.451827549983789,2.5228409270753134,6.380814172892265,Office31,multnoise,energy,8
445,3.996478932825002,4.4581694559375205,2.529099904855787,6.387239007019254,Office31,multnoise,energy,8
446,4.048377751927785,4.459978371798734,2.5308828528166636,6.389073890780804,Office31,multnoise,energy,8
447,4.100276571030569,4.460112877672555,2.531016459646395,6.3892092956987145,Office31,multnoise,energy,8
448,4.152175390133352,4.461594016337118,2.5325178233350325,6.390670209339204,Office31,multnoise,energy,8
449,4.204074209236135,4.467647448471361,2.5386497349444572,6.396645161998265,Office31,multnoise,energy,8
450,4.255973028338919,4.481511881868978,2.5526685989815334,6.410355164756423,Office31,multnoise,energy,8
451,4.307871847441702,4.506426024323669,2.577771665328734,6.435080383318603,Office31,multnoise,energy,8
452,4.3597706665444855,4.545628583629128,2.61704097050902,6.474216196749236,Office31,multnoise,energy,8
453,4.411669485647269,4.602172991070355,2.673188870223912,6.531157111916798,Office31,multnoise,energy,8
454,4.463568304750053,4.676206986446452,2.745944747193051,6.606469225699853,Office31,multnoise,energy,8
455,4.5154671238528366,4.76557124647022,2.8330203634644215,6.698122129476018,Office31,multnoise,energy,8
456,4.56736594295562,4.8680428980119785,2.932496834614321,6.803588961409636,Office31,multnoise,energy,8
457,4.619264762058403,4.981399067942045,3.0428294673797085,6.919968668504381,Office31,multnoise,energy,8
458,4.671163581161187,5.103416883130738,3.162610616667089,7.044223149594386,Office31,multnoise,energy,8
459,4.72306240026397,5.231753061535523,3.2899748388584418,7.173531284212604,Office31,multnoise,energy,8
460,4.774961219366753,5.3630661931571275,3.420975870152545,7.30515651616171,Office31,multnoise,energy,8
461,4.826860038469537,5.493521339429936,3.55092299745582,7.436119681404052,Office31,multnoise,energy,8
462,4.87875885757232,5.6192800542005195,3.6756781600557566,7.562881948345282,Office31,multnoise,energy,8
463,4.930657676675104,5.736503891315441,3.7918207613853427,7.681187021245539,Office31,multnoise,energy,8
464,4.982556495777887,5.841354404621277,3.896463542410963,7.786245266831591,Office31,multnoise,energy,8
465,5.03445531488067,5.930719740764199,3.9872749434662444,7.874164538062153,Office31,multnoise,energy,8
466,5.086354133983454,6.004956569098067,4.0639702777055495,7.945942860490585,Office31,multnoise,energy,8
467,5.138252953086237,6.065455392676963,4.126737102122284,8.004173683231642,Office31,multnoise,energy,8
468,5.1901517721890205,6.113606891945787,4.176021575541877,8.051192208349697,Office31,multnoise,energy,8
469,5.242050591291804,6.150801747349441,4.212875416275787,8.088728078423095,Office31,multnoise,energy,8
470,5.293949410394587,6.17843065052777,4.2390544691103855,8.117806831945154,Office31,multnoise,energy,8
471,5.345848229497371,6.197893846608863,4.256776616766116,8.13901107645161,Office31,multnoise,energy,8
472,5.397747048600154,6.210618543751619,4.268043686466362,8.153193401036877,Office31,multnoise,energy,8
473,5.449645867702937,6.21803667298337,4.274495813958362,8.161577532008378,Office31,multnoise,energy,8
474,5.501544686805721,6.221580165331454,4.277547694579042,8.165612636083866,Office31,multnoise,energy,8
475,5.553443505908504,6.222680951823204,4.278491793973769,8.166870109672638,Office31,multnoise,energy,8
476,5.6053423250112875,6.222770445385503,4.278569892359953,8.166970998411053,Office31,multnoise,energy,8
477,5.657241144114071,6.223237997478096,4.279090023745034,8.167385971211157,Office31,multnoise,energy,8
478,5.709139963216854,6.225400520827861,4.281483872473851,8.169317169181872,Office31,multnoise,energy,8
479,5.761038782319638,6.230567765941023,4.287124818478995,8.174010713403051,Office31,multnoise,energy,8
480,5.812937601422421,6.240049483323805,4.2971856881545,8.18291327849311,Office31,multnoise,energy,8
481,5.864836420525204,6.255155423482431,4.3124380398417035,8.197872807123158,Office31,multnoise,energy,8
482,5.916735239627988,6.27712709020414,4.332920152907278,8.221334027501003,Office31,multnoise,energy,8
483,5.968634058730771,6.305396249573791,4.356312797984874,8.254479701162708,Office31,multnoise,energy,8
484,6.0205328778335545,6.337440572167881,4.378832328922167,8.296048815413595,Office31,multnoise,energy,8
485,6.072431696936338,6.370640556964986,4.397748452577642,8.343532661352329,Office31,multnoise,energy,8
486,6.124330516039121,6.402376702943676,4.411717584434315,8.393035821453037,Office31,multnoise,energy,8
487,6.176229335141905,6.430029509082527,4.420695474846392,8.439363543318661,Office31,multnoise,energy,8
488,6.228128154244688,6.4511568891708535,4.425603459794118,8.476710318547589,Office31,multnoise,energy,8
489,6.280026973347471,6.465533175835719,4.427999345181002,8.503067006490436,Office31,multnoise,energy,8
490,6.331925792450255,6.474439328004576,4.429107027313085,8.519771628696066,Office31,multnoise,energy,8
491,6.383824611553038,6.479185096189494,4.429581004537402,8.528789187841586,Office31,multnoise,energy,8
492,6.4357234306558215,6.481080230902544,4.429747846307171,8.532412615497917,Office31,multnoise,energy,8
493,6.487622249758605,6.481434482655796,4.429777617409664,8.533091347901928,Office31,multnoise,energy,8
494,6.539521068861388,6.481435682041878,4.42977771717932,8.533093646904437,Office31,multnoise,energy,8
495,6.591419887964172,6.48143568178015,4.42977771689498,8.53309364666532,Office31,multnoise,energy,8
496,6.643318707066955,6.481435681527197,4.429777716624725,8.533093646429668,Office31,multnoise,energy,8
497,6.695217526169738,6.481435681290261,4.429777716374845,8.533093646205677,Office31,multnoise,energy,8
498,6.747116345272522,6.481435681076577,4.429777716151625,8.533093646001529,Office31,multnoise,energy,8
499,6.799015164375305,6.481435680893388,4.429777715961359,8.533093645825417,Office31,multnoise,energy,8
500,1.661032073199749,2.2153456758829537,0.2605267732792016,4.170164578486705,Office31,noise,energy,8
501,1.7095042026103144,2.218634595833291,0.26508953570196314,4.1721796559646185,Office31,noise,energy,8
502,1.7579763320208799,2.220807234203651,0.26772044524375205,4.17389402316355,Office31,noise,energy,8
503,1.8064484614314456,2.2220950152229824,0.2691358167385378,4.175054213707427,Office31,noise,energy,8
504,1.854920590842011,2.2227293631202323,0.2697935929595645,4.1756651332809,Office31,noise,energy,8
505,1.9033927202525764,2.2229417021243476,0.27000796125513316,4.175875442993562,Office31,noise,energy,8
506,1.951864849663142,2.222963244494187,0.2700295465960052,4.175896942392369,Office31,noise,energy,8
507,2.0003369790737073,2.222963244416688,0.27002954652062194,4.175896942312754,Office31,noise,energy,8
508,2.048809108484273,2.222963244329775,0.27002954643650967,4.175896942223041,Office31,noise,energy,8
509,2.0972812378948387,2.2229632442297413,0.2700295463401825,4.1758969421193,Office31,noise,energy,8
510,2.145753367305404,2.2229632441128824,0.270029546228157,4.175896941997608,Office31,noise,energy,8
511,2.1942254967159696,2.2229632439754914,0.2700295460969473,4.1758969418540355,Office31,noise,energy,8
512,2.2426976261265352,2.222965729624056,0.27003331986972934,4.175898139378383,Office31,noise,energy,8
513,2.2911697555371004,2.223103266090195,0.2702419151165012,4.175964617063888,Office31,noise,energy,8
514,2.339641884947666,2.2236997797569713,0.2711418202942901,4.176257739219652,Office31,noise,energy,8
515,2.388114014358232,2.225094514661938,0.2732154706316863,4.17697355869219,Office31,noise,energy,8
516,2.436586143768797,2.2276267148426445,0.2768710992362664,4.178382330449023,Office31,noise,energy,8
517,2.4850582731793622,2.2316356243366435,0.2823701916096937,4.180901057063593,Office31,noise,energy,8
518,2.533530402589928,2.237453963477533,0.28971855325258544,4.18518937370248,Office31,noise,energy,8
519,2.5820025320004936,2.2452832626127415,0.2984678262820155,4.192098698943467,Office31,noise,energy,8
520,2.630474661411059,2.2552035536966355,0.3081904347345459,4.202216672658725,Office31,noise,energy,8
521,2.6789467908216245,2.2672902868777878,0.3189726754195523,4.215607898336023,Office31,noise,energy,8
522,2.72741892023219,2.2816189123047756,0.33140675810389664,4.231831066505655,Office31,noise,energy,8
523,2.7758910496427553,2.298264880126169,0.3463696986091669,4.250160061643171,Office31,noise,energy,8
524,2.824363179053321,2.3173435923117722,0.36459829119480247,4.270088893428742,Office31,noise,energy,8
525,2.8728353084638867,2.339374523736235,0.38625078058339724,4.292498266889073,Office31,noise,energy,8
526,2.921307437874452,2.3651117737428526,0.41131366195410424,4.3189098855316015,Office31,noise,energy,8
527,2.9697795672850176,2.3953123317082823,0.44016931715232666,4.350455346264238,Office31,noise,energy,8
528,3.0182516966955832,2.43073318700918,0.47380370246178205,4.387662671556578,Office31,noise,energy,8
529,3.0667238261061485,2.472131329022204,0.5137013989273989,4.430561259117009,Office31,noise,energy,8
530,3.115195955516714,2.520642272469167,0.56169882191312,4.479585723025213,Office31,noise,energy,8
531,3.16366808492728,2.5795625472868293,0.6207893320543689,4.5383357625192895,Office31,noise,energy,8
532,3.212140214337845,2.6529543700879135,0.6944094696518583,4.611499270523969,Office31,noise,energy,8
533,3.2606123437484102,2.744880854730408,0.7863460856731668,4.703415623787649,Office31,noise,energy,8
534,3.309084473158976,2.8594051150722986,0.9009037105063571,4.81790651963824,Office31,noise,energy,8
535,3.3575566025695416,3.0005897148494998,1.0427809772010876,4.958398452497912,Office31,noise,energy,8
536,3.406028731980107,3.169291106371054,1.213265722244337,5.125316490497771,Office31,noise,energy,8
537,3.4545008613906725,3.3556092051015236,1.4018877538673469,5.309330656335701,Office31,noise,energy,8
538,3.502972990801238,3.547390626504703,1.5957604948812438,5.499020758128162,Office31,noise,energy,8
539,3.5514451202118034,3.7324819860443834,1.7823648653722344,5.682599106716532,Office31,noise,energy,8
540,3.599917249622369,3.89872989918436,1.949678188894244,5.847781609474477,Office31,noise,energy,8
541,3.6483893790329347,4.0340238304690175,2.0860663709126075,5.981981290025427,Office31,noise,energy,8
542,3.6968615084435,4.132282243985067,2.185681097251325,6.078883390718809,Office31,noise,energy,8
543,3.7453336378540656,4.199616845314497,2.2541978994226204,6.145035791206374,Office31,noise,energy,8
544,3.7938057672646313,4.243610268633907,2.298765744513842,6.188454792753971,Office31,noise,energy,8
545,3.8422778966751965,4.271845148119899,2.326894822854971,6.216795473384828,Office31,noise,energy,8
546,3.890750026085762,4.291904117949073,2.346506755746954,6.237301480151192,Office31,noise,energy,8
547,3.9392221554963274,4.3112766199726895,2.3656163268202715,6.256936913125108,Office31,noise,energy,8
548,3.987694284906893,4.334068915764594,2.388398941833773,6.279738889695415,Office31,noise,energy,8
549,4.036166414317458,4.360126231218375,2.4142094014821245,6.306043060954626,Office31,noise,energy,8
550,4.084638543728024,4.389022094486101,2.4422682836940153,6.3357759052781875,Office31,noise,energy,8
551,4.13311067313859,4.4203300337198375,2.4722149271393823,6.368445140300293,Office31,noise,energy,8
552,4.181582802549155,4.453623577071652,2.504095689462516,6.403151464680788,Office31,noise,energy,8
553,4.230054931959721,4.488635335187525,2.5382140016139925,6.439056668761058,Office31,noise,energy,8
554,4.278527061370286,4.527592809465503,2.57669476452958,6.478490854401426,Office31,noise,energy,8
555,4.326999190780851,4.574704396517861,2.6231761907048727,6.526232602330849,Office31,noise,energy,8
556,4.3754713201914175,4.634233058252285,2.681628511963325,6.586837604541245,Office31,noise,energy,8
557,4.423943449601983,4.71044175657646,2.756513010263586,6.664370502889334,Office31,noise,energy,8
558,4.472415579012548,4.807593453398072,2.852695612741697,6.762491294054446,Office31,noise,energy,8
559,4.520887708423114,4.929016290337295,2.9740686038995485,6.883963976775043,Office31,noise,energy,8
560,4.569359837833679,5.070289229644184,3.115814237635369,7.024764221652999,Office31,noise,energy,8
561,4.6178319672442445,5.223159619236043,3.268918995160551,7.177400243311535,Office31,noise,energy,8
562,4.666304096654811,5.379347575123765,3.4247798343161078,7.333915315931422,Office31,noise,energy,8
563,4.714776226065375,5.5305732133182275,3.5754471332061586,7.485699293430296,Office31,noise,energy,8
564,4.763248355475941,5.668556649830333,3.713514446347087,7.623598853313579,Office31,noise,energy,8
565,4.811720484886507,5.786434549467763,3.8329455871080222,7.739923511827503,Office31,noise,energy,8
566,4.8601926142970715,5.884105730022528,3.9332700275594474,7.834941432485608,Office31,noise,energy,8
567,4.908664743707638,5.96348454795554,4.015457205550557,7.911511890360523,Office31,noise,energy,8
568,4.957136873118203,6.0264857055648005,4.080585842732707,7.972385568396894,Office31,noise,energy,8
569,5.005609002528768,6.075023905148316,4.130148977753173,8.01989883254346,Office31,noise,energy,8
570,5.054081131939334,6.1110138354189925,4.166160548202239,8.055867122635746,Office31,noise,energy,8
571,5.102553261349899,6.136358591895139,4.191017100147652,8.081700083642625,Office31,noise,energy,8
572,5.151025390760465,6.152928550353891,4.2070375237006745,8.098819577007106,Office31,noise,energy,8
573,5.199497520171031,6.162588355353434,4.216292996363796,8.108883714343072,Office31,noise,energy,8
574,5.247969649581596,6.16720265145196,4.22069233681796,8.11371296608596,Office31,noise,energy,8
575,5.296441778992161,6.168636083207654,4.222056122470215,8.115216043945095,Office31,noise,energy,8
576,5.344913908402727,6.168745388245782,4.222160060863546,8.115330715628017,Office31,noise,energy,8
577,5.3933860378132925,6.168745387748903,4.222160060361451,8.115330715136356,Office31,noise,energy,8
578,5.441858167223858,6.168745387165538,4.222160059773522,8.115330714557555,Office31,noise,energy,8
579,5.490330296634424,6.168745386503431,4.222160059107434,8.115330713899429,Office31,noise,energy,8
580,5.538802426044989,6.168745385770325,4.222160058370862,8.115330713169788,Office31,noise,energy,8
581,5.587274555455554,6.168745384973964,4.222160057571481,8.115330712376448,Office31,noise,energy,8
582,5.63574668486612,6.168745384122173,4.222160056717049,8.115330711527296,Office31,noise,energy,8
583,5.684218814276686,6.1687453832248735,4.222160055817441,8.115330710632307,Office31,noise,energy,8
584,5.732690943687251,6.168745382294265,4.222160054884826,8.115330709703704,Office31,noise,energy,8
585,5.781163073097817,6.168745381342655,4.222160053931486,8.115330708753824,Office31,noise,energy,8
586,5.829635202508382,6.168745380382348,4.222160052969699,8.115330707794996,Office31,noise,energy,8
587,5.878107331918947,6.1687453794256575,4.222160052011751,8.115330706839563,Office31,noise,energy,8
588,5.9265794613295135,6.168745378484788,4.222160051069821,8.115330705899755,Office31,noise,energy,8
589,5.975051590740079,6.1687453775706915,4.222160050154838,8.115330704986546,Office31,noise,energy,8
590,6.023523720150644,6.168745376693461,4.222160049276875,8.115330704110047,Office31,noise,energy,8
591,6.071995849561209,6.168745375863173,4.222160048445987,8.115330703280359,Office31,noise,energy,8
592,6.120467978971775,6.168745375089908,4.2221600476722365,8.11533070250758,Office31,noise,energy,8
593,6.1689401083823405,6.168745374383743,4.22216004696568,8.115330701801806,Office31,noise,energy,8
594,6.217412237792906,6.168745373753573,4.222160046335194,8.115330701171953,Office31,noise,energy,8
595,6.265884367203472,6.168745373200199,4.222160045781566,8.115330700618832,Office31,noise,energy,8
596,6.314356496614037,6.1687453727210135,4.22216004530218,8.115330700139847,Office31,noise,energy,8
597,6.362828626024602,6.1687453723134045,4.2221600448944185,8.11533069973239,Office31,noise,energy,8
598,6.411300755435168,6.168745371974754,4.222160044555652,8.115330699393855,Office31,noise,energy,8
599,6.459772884845734,6.168745371702451,4.222160044283264,8.115330699121639,Office31,noise,energy,8
600,1.661032073199749,2.3544683395949337,0.5014528260276803,4.207483853162187,Office31,saltpepper,energy,8
601,1.7031609583081622,2.362007134683547,0.5103138469539308,4.213700422413163,Office31,saltpepper,energy,8
602,1.7452898434165753,2.366987211992435,0.5158666658242634,4.218107758160607,Office31,saltpepper,energy,8
603,1.7874187285249883,2.3699390374022338,0.5190449194208251,4.220833155383643,Office31,saltpepper,energy,8
604,1.8295476136334015,2.371393076793578,0.5205795492536984,4.222206604333458,Office31,saltpepper,energy,8
605,1.8716764987418146,2.3718797960471063,0.5210886813571742,4.222670910737039,Office31,saltpepper,energy,8
606,1.9138053838502276,2.371930782571742,0.5211425037087973,4.222719061434686,Office31,saltpepper,energy,8
607,1.9559342689586408,2.372405442340616,0.5218207148270597,4.222990169854172,Office31,saltpepper,energy,8
608,1.998063154067054,2.3749447203899146,0.5254434217640036,4.224446019015826,Office31,saltpepper,energy,8
609,2.040192039175467,2.3813035422601567,0.5344745581328607,4.228132526387453,Office31,saltpepper,energy,8
610,2.0823209242838803,2.3932368334918612,0.5512647395823433,4.235208927401379,Office31,saltpepper,energy,8
611,2.1244498093922934,2.412499519625546,0.577928551842966,4.247070487408126,Office31,saltpepper,energy,8
612,2.166578694500706,2.44080794855908,0.6161180660431418,4.2654978310750185,Office31,saltpepper,energy,8
613,2.2087075796091193,2.4778597501585167,0.6642838230495929,4.29143567726744,Office31,saltpepper,energy,8
614,2.2508364647175325,2.5203827902066593,0.7169755264716775,4.323790053941641,Office31,saltpepper,energy,8
615,2.2929653498259457,2.5648672176234957,0.7690908994317558,4.360643535815235,Office31,saltpepper,energy,8
616,2.335094234934359,2.607803181329018,0.8164400715070903,4.399166291150946,Office31,saltpepper,energy,8
617,2.377223120042772,2.6456808302432164,0.8557857455295561,4.4355759149568765,Office31,saltpepper,energy,8
618,2.419352005151185,2.675138312897556,0.8848130549352928,4.465463570859819,Office31,saltpepper,energy,8
619,2.4614808902595984,2.6957900114369435,0.9044511940398994,4.4871288288339874,Office31,saltpepper,energy,8
620,2.5036097753680115,2.7100066738841675,0.9179684770348455,4.5020448707334895,Office31,saltpepper,energy,8
621,2.5457386604764247,2.7202629931194595,0.9282655858783597,4.512260400360559,Office31,saltpepper,energy,8
622,2.5878675455848374,2.7290336620230473,0.9379061550245844,4.52016116902151,Office31,saltpepper,energy,8
623,2.6299964306932506,2.738793373475161,0.9492104866846904,4.528376260265631,Office31,saltpepper,energy,8
624,2.672125315801664,2.7517873683840457,0.9640684182523758,4.539506318515715,Office31,saltpepper,energy,8
625,2.714254200910077,2.7679402093510306,0.9818533422816997,4.554027076420361,Office31,saltpepper,energy,8
626,2.75638308601849,2.785828959780861,1.0006582878841124,4.570999631677609,Office31,saltpepper,energy,8
627,2.798511971126903,2.8040140849900363,1.018813248685286,4.589214921294786,Office31,saltpepper,energy,8
628,2.840640856235316,2.8210560502950512,1.034947030717781,4.607165069872321,Office31,saltpepper,energy,8
629,2.882769741343729,2.835515321012404,1.047969087739308,4.623061554285501,Office31,saltpepper,energy,8
630,2.9248986264521424,2.8461995856193094,1.0571990509682945,4.635200120270325,Office31,saltpepper,energy,8
631,2.9670275115605556,2.853327938773935,1.0631721273362575,4.643483750211613,Office31,saltpepper,energy,8
632,3.0091563966689687,2.8576195618065174,1.0666969507805217,4.648542172832514,Office31,saltpepper,energy,8
633,3.051285281777382,2.8597942220577464,1.068462636451345,4.6511258076641475,Office31,saltpepper,energy,8
634,3.093414166885795,2.8605716868683126,1.0690905578942136,4.652052815842412,Office31,saltpepper,energy,8
635,3.1355430519942082,2.860671833655244,1.0691713435049022,4.652172323805585,Office31,saltpepper,energy,8
636,3.1776719371026214,2.861456064730202,1.0699745363635107,4.652937593096894,Office31,saltpepper,energy,8
637,3.2198008222110346,2.86643810503093,1.075074088188915,4.657802121872946,Office31,saltpepper,energy,8
638,3.2619297073194473,2.879582552173351,1.0885041150907138,4.670660989255989,Office31,saltpepper,energy,8
639,3.3040585924278605,2.904854003773385,1.114224911644695,4.695483095902075,Office31,saltpepper,energy,8
640,3.3461874775362737,2.946217057446954,1.1560401465712344,4.736393968322674,Office31,saltpepper,energy,8
641,3.388316362644687,3.0076209605624453,1.2174666220574744,4.797775299067416,Office31,saltpepper,energy,8
642,3.4304452477531,3.090855132690519,1.2995750890663116,4.882135176314726,Office31,saltpepper,energy,8
643,3.4725741328615127,3.1933408885876053,1.3992954401117894,4.9873863370634215,Office31,saltpepper,energy,8
644,3.514703017969926,3.3119725977939667,1.5136733883031217,5.1102718072848115,Office31,saltpepper,energy,8
645,3.556831903078339,3.4436446298498624,1.6404682191120066,5.246821040587719,Office31,saltpepper,energy,8
646,3.5989607881867522,3.5852513542955537,1.777978042345988,5.392524666245119,Office31,saltpepper,energy,8
647,3.6410896732951654,3.733664201635551,1.9245903081410942,5.542738095130008,Office31,saltpepper,energy,8
648,3.6832185584035786,3.8849218418111695,2.0767268959348706,5.693116787687469,Office31,saltpepper,energy,8
649,3.7253474435119918,4.034014102496419,2.2283896176087814,5.839638587384057,Office31,saltpepper,energy,8
650,3.767476328620405,4.175863933710057,2.3734836291425743,5.97824423827754,Office31,saltpepper,energy,8
651,3.809605213728818,4.305394285470839,2.506295198362663,6.1044933725790145,Office31,saltpepper,energy,8
652,3.8517340988372313,4.417528107797521,2.621589582404269,6.213466633190773,Office31,saltpepper,energy,8
653,3.893862983945644,4.507485768935383,2.7147247595487776,6.300246778321988,Office31,saltpepper,energy,8
654,3.935991869054057,4.575152047176279,2.7853710391877518,6.364933055164807,Office31,saltpepper,energy,8
655,3.9781207541624704,4.624115172568733,2.8365855714308053,6.411644773706661,Office31,saltpepper,energy,8
656,4.020249639270883,4.658065389612973,2.8717824579884663,6.444348321237479,Office31,saltpepper,energy,8
657,4.062378524379296,4.6806929428092205,2.894815129621865,6.466570755996576,Office31,saltpepper,energy,8
658,4.104507409487709,4.6956880766577,2.9099142177916453,6.481461935523756,Office31,saltpepper,energy,8
659,4.146636294596123,4.706533248912429,2.921139209542884,6.491927288281973,Office31,saltpepper,energy,8
660,4.188765179704536,4.714988472073929,2.9301851688815623,6.499791775266296,Office31,saltpepper,energy,8
661,4.230894064812949,4.7219620883425,2.937531428746487,6.506392747938513,Office31,saltpepper,energy,8
662,4.273022949921362,4.72835638695906,2.9438343284871777,6.5128784454309425,Office31,saltpepper,energy,8
663,4.315151835029775,4.735073657164525,2.9501154536512892,6.520031860677761,Office31,saltpepper,energy,8
664,4.3572807201381885,4.743016188199817,2.9576928464773977,6.528339529922237,Office31,saltpepper,energy,8
665,4.399409605246602,4.75301635783144,2.9677281159585007,6.538304599704379,Office31,saltpepper,energy,8
666,4.441538490355015,4.76557280870403,2.980409022589369,6.550736594818691,Office31,saltpepper,energy,8
667,4.483667375463428,4.781084709811623,2.9956907578287977,6.566478661794448,Office31,saltpepper,energy,8
668,4.525796260571841,4.7999512130800195,3.0138362697248278,6.586066156435211,Office31,saltpepper,energy,8
669,4.567925145680254,4.822571470435022,3.0355127231715833,6.609630217698461,Office31,saltpepper,energy,8
670,4.6100540307886675,4.849344627008359,3.0616350100450234,6.637054243971695,Office31,saltpepper,energy,8
671,4.652182915897081,4.880664030036995,3.092829121262579,6.66849893881141,Office31,saltpepper,energy,8
672,4.694311801005494,4.916906663225418,3.1289782960367805,6.7048350304140545,Office31,saltpepper,energy,8
673,4.736440686113907,4.9584466440272275,3.169992057164726,6.746901230889729,Office31,saltpepper,energy,8
674,4.77856957122232,5.005658089896026,3.216221193757124,6.795094986034928,Office31,saltpepper,energy,8
675,4.820698456330733,5.05891511828541,3.2685130822956974,6.849317154275122,Office31,saltpepper,energy,8
676,4.862827341439146,5.1185753290112235,3.32796242159281,6.909188236429637,Office31,saltpepper,energy,8
677,4.904956226547559,5.183655353985709,3.393800248951999,6.973510459019419,Office31,saltpepper,energy,8
678,4.947085111655972,5.250862395080587,3.4619698123074354,7.039754977853738,Office31,saltpepper,energy,8
679,4.989213996764385,5.316675314343229,3.5280935578144206,7.105257070872037,Office31,saltpepper,energy,8
680,5.031342881872798,5.377572973821011,3.5881567444370406,7.166989203204982,Office31,saltpepper,energy,8
681,5.0734717669812115,5.4300342355613065,3.6387108852662733,7.22135758585634,Office31,saltpepper,energy,8
682,5.115600652089625,5.470640343471637,3.676965604093057,7.264315082850217,Office31,saltpepper,energy,8
683,5.157729537198038,5.49868746043447,3.7029319433611954,7.294442977507746,Office31,saltpepper,energy,8
684,5.199858422306451,5.516403229937173,3.719141914803284,7.313664545071061,Office31,saltpepper,energy,8
685,5.241987307414863,5.526161069639081,3.7280072035365834,7.3243149357415795,Office31,saltpepper,energy,8
686,5.2841161925232765,5.5303343971995265,3.731785120788664,7.328883673610389,Office31,saltpepper,energy,8
687,5.32624507763169,5.53129663027784,3.732655023677771,7.329938236877909,Office31,saltpepper,energy,8
688,5.368373962740103,5.531314021227131,3.732670741856988,7.3299573005972745,Office31,saltpepper,energy,8
689,5.410502847848516,5.531314020964089,3.7326707415861833,7.329957300341995,Office31,saltpepper,energy,8
690,5.452631732956929,5.531314020708744,3.732670741324677,7.329957300092811,Office31,saltpepper,energy,8
691,5.494760618065342,5.531314020466899,3.7326707410780235,7.329957299855775,Office31,saltpepper,energy,8
692,5.5368895031737555,5.531314020244358,3.732670740851778,7.329957299636939,Office31,saltpepper,energy,8
693,5.579018388282169,5.531314020046923,3.7326707406514954,7.329957299442351,Office31,saltpepper,energy,8
694,5.621147273390582,5.53131401987952,3.732670740481869,7.329957299277172,Office31,saltpepper,energy,8
695,5.663276158498995,5.531314019741088,3.732670740341714,7.329957299140462,Office31,saltpepper,energy,8
696,5.705405043607408,5.531314019628047,3.7326707402273747,7.3299572990287185,Office31,saltpepper,energy,8
697,5.747533928715821,5.53131401953681,3.7326707401351866,7.3299572989384325,Office31,saltpepper,energy,8
698,5.7896628138242345,5.531314019463791,3.7326707400614865,7.329957298866095,Office31,saltpepper,energy,8
699,5.831791698932648,5.531314019405401,3.732670740002609,7.329957298808193,Office31,saltpepper,energy,8
700,1.5020480006933212,2.7206819156868978,1.029685863481551,4.411677967892245,Office31,smear,energy,8
701,1.5326330216244013,2.720681915840615,1.02968586363677,4.41167796804446,Office31,smear,energy,8
702,1.5632180425554816,2.7206819160374995,1.0296858638357904,4.411677968239209,Office31,smear,energy,8
703,1.5938030634865616,2.720681916276219,1.0296858640775186,4.411677968474919,Office31,smear,energy,8
704,1.6243880844176417,2.7206819165554386,1.0296858643608608,4.411677968750016,Office31,smear,energy,8
705,1.6549731053487218,2.720681916873822,1.029685864684721,4.411677969062923,Office31,smear,energy,8
706,1.685558126279802,2.720681296854819,1.0296854292323767,4.411677164477261,Office31,smear,energy,8
707,1.7161431472108821,2.7204981027431816,1.0295566440633201,4.411439561423043,Office31,smear,energy,8
708,1.7467281681419622,2.719518071163784,1.0288646073180816,4.4101715350094866,Office31,smear,energy,8
709,1.7773131890730425,2.7170638902378066,1.0271088664037151,4.407018914071898,Office31,smear,energy,8
710,1.8078982100041225,2.7124582480864308,1.0237260597688191,4.401190436404042,Office31,smear,energy,8
711,1.8384832309352026,2.7050238328308382,1.018023043666268,4.392024621995408,Office31,smear,energy,8
712,1.869068251866283,2.694097138859755,1.0090958469524567,4.379098430767053,Office31,smear,energy,8
713,1.899653272797363,2.6797371246455,0.9963898809802689,4.363084368310731,Office31,smear,energy,8
714,1.930238293728443,2.6630655755897013,0.9803810251261409,4.345750126053262,Office31,smear,energy,8
715,1.9608233146595233,2.6452893518259413,0.9621241642639409,4.328454539387941,Office31,smear,energy,8
716,1.9914083355906034,2.6276153134878015,0.9432453149416264,4.311985312033976,Office31,smear,energy,8
717,2.0219933565216834,2.611250320708863,0.9258196891362724,4.296680952281454,Office31,smear,energy,8
718,2.0525783774527637,2.5973619459498014,0.9120115007386211,4.282712391160982,Office31,smear,energy,8
719,2.083163398383844,2.586327696808732,0.902435606929004,4.270219786688459,Office31,smear,energy,8
720,2.113748419314924,2.5777933816587293,0.8961142087033216,4.2594725546141365,Office31,smear,energy,8
721,2.144333440246004,2.5713772158844965,0.8919273188602581,4.250827112908735,Office31,smear,energy,8
722,2.174918461177084,2.5666974148707333,0.8889428898468466,4.2444519398946206,Office31,smear,energy,8
723,2.2055034821081643,2.56337219400214,0.8865638616237594,4.24018052638052,Office31,smear,energy,8
724,2.2360885030392446,2.561033486972175,0.8845492478864823,4.2375177260578685,Office31,smear,energy,8
725,2.266673523970325,2.559451974512608,0.8829840777918652,4.235919871233351,Office31,smear,energy,8
726,2.2972585449014047,2.5584789006638236,0.8819395044738851,4.235018296853762,Office31,smear,energy,8
727,2.327843565832485,2.557966501820721,0.8813644859336622,4.23456851770778,Office31,smear,energy,8
728,2.358428586763565,2.557767014378198,0.8811359609573484,4.234398067799047,Office31,smear,energy,8
729,2.389013607694645,2.5577326747311515,0.8810963591530647,4.234368990309238,Office31,smear,energy,8
730,2.4195986286257254,2.5577326370433706,0.8810963152735798,4.234368958813161,Office31,smear,energy,8
731,2.4501836495568052,2.5577326396478224,0.8810963178764026,4.234368961419242,Office31,smear,energy,8
732,2.4807686704878855,2.5577326423910165,0.881096320618127,4.234368964163906,Office31,smear,energy,8
733,2.5113536914189654,2.557732645220845,0.8810963234466367,4.234368966995053,Office31,smear,energy,8
734,2.5419387123500456,2.557732648085196,0.881096326309811,4.234368969860581,Office31,smear,energy,8
735,2.572523733281126,2.5577326509319604,0.8810963291555325,4.234368972708388,Office31,smear,energy,8
736,2.603108754212206,2.557732653713097,0.8810963319357523,4.234368975490442,Office31,smear,energy,8
737,2.6336937751432865,2.557732656394217,0.8810963346160776,4.234368978172356,Office31,smear,energy,8
738,2.6642787960743664,2.557732658943788,0.8810963371649738,4.234368980722603,Office31,smear,energy,8
739,2.694863817005446,2.5577326613302813,0.8810963395509084,4.234368983109654,Office31,smear,energy,8
740,2.7254488379365265,2.557732663522166,0.8810963417423483,4.234368985301984,Office31,smear,energy,8
741,2.7560338588676068,2.5577326654880403,0.8810963437078876,4.234368987268193,Office31,smear,energy,8
742,2.786618879798687,2.557732667214532,0.881096345434152,4.2343689889949125,Office31,smear,energy,8
743,2.817203900729767,2.5577326687247384,0.8810963469442334,4.234368990505243,Office31,smear,energy,8
744,2.847788921660847,2.5577326700461547,0.8810963482656231,4.2343689918266865,Office31,smear,energy,8
745,2.878373942591927,2.5577326712062782,0.8810963494258135,4.234368992986743,Office31,smear,energy,8
746,2.9089589635230073,2.5577326722326035,0.8810963504522946,4.234368994012913,Office31,smear,energy,8
747,2.9395439844540876,2.5577326731523686,0.8810963513723005,4.234368994932437,Office31,smear,energy,8
748,2.970129005385168,2.5577326739834696,0.8810963522037263,4.234368995763213,Office31,smear,energy,8
749,3.0007140263162477,2.557732674732039,0.8810963529527089,4.234368996511368,Office31,smear,energy,8
750,3.031299047247328,2.5577326754034564,0.8810963536246337,4.234368997182279,Office31,smear,energy,8
751,3.061884068178408,2.557732676003103,0.881096354224886,4.23436899778132,Office31,smear,energy,8
752,3.092469089109488,2.5577326765363604,0.8810963547588524,4.234368998313869,Office31,smear,energy,8
753,3.1230541100405684,2.5577232825865983,0.8810875844653936,4.234358980707803,Office31,smear,energy,8
754,3.1536391309716487,2.557547767016825,0.8809233933938747,4.234172140639775,Office31,smear,energy,8
755,3.1842241519027286,2.5569324233471944,0.8803428451433335,4.233522001551055,Office31,smear,energy,8
756,3.214809172833809,2.555600322811108,0.8790599089066369,4.232140736715579,Office31,smear,energy,8
757,3.2453941937648887,2.5532745366419722,0.8767341618967059,4.229814911387239,Office31,smear,energy,8
758,3.275979214695969,2.54967813607319,0.8729230323773591,4.226433239769021,Office31,smear,energy,8
759,3.3065642356270493,2.5445961109736666,0.8670930161967436,4.22209920575059,Office31,smear,energy,8
760,3.3371492565581296,2.5383267248535306,0.8591845599241084,4.217468889782953,Office31,smear,energy,8
761,3.3677342774892094,2.5314220315336495,0.8495618111665921,4.213282251900707,Office31,smear,energy,8
762,3.3983192984202892,2.5244358885639198,0.8388562649125695,4.21001551221527,Office31,smear,energy,8
763,3.4289043193513695,2.5179221534942338,0.8280019551676823,4.207842351820785,Office31,smear,energy,8
764,3.45948934028245,2.512434683874488,0.8182090425261668,4.206660325222809,Office31,smear,energy,8
765,3.49007436121353,2.5084118985961545,0.8106558728309927,4.206167924361316,Office31,smear,energy,8
766,3.52065938214461,2.505741149146379,0.8054675449091788,4.206014753383579,Office31,smear,energy,8
767,3.5512444030756902,2.504145534936795,0.8023019679969254,4.205989101876665,Office31,smear,energy,8
768,3.5818294240067705,2.5033481271957734,0.8007015642160968,4.20599469017545,Office31,smear,energy,8
769,3.6124144449378504,2.5030719971516833,0.8001445137661283,4.205999480537239,Office31,smear,energy,8
770,3.6429994658689306,2.5030402911882685,0.8000804576564653,4.206000124720072,Office31,smear,energy,8
771,3.673584486800011,2.5030402914072942,0.8000804578688441,4.206000124945744,Office31,smear,energy,8
772,3.7041695077310908,2.503040291630875,0.8000804580873164,4.206000125174434,Office31,smear,energy,8
773,3.734754528662171,2.503040291854895,0.8000804583075711,4.206000125402219,Office31,smear,energy,8
774,3.7653395495932513,2.503040292075237,0.8000804585252965,4.206000125625177,Office31,smear,energy,8
775,3.795924570524331,2.503040292287786,0.8000804587361818,4.20600012583939,Office31,smear,energy,8
776,3.8265095914554115,2.5030402924884476,0.8000804589359387,4.206000126040957,Office31,smear,energy,8
777,3.8570946123864918,2.503040292674937,0.8000804591221562,4.206000126227718,Office31,smear,energy,8
778,3.8876796333175716,2.5030402928480897,0.8000804592956625,4.206000126400517,Office31,smear,energy,8
779,3.918264654248652,2.5030402930090494,0.8000804594576056,4.206000126560493,Office31,smear,energy,8
780,3.9488496751797317,2.503040293158957,0.8000804596091311,4.206000126708783,Office31,smear,energy,8
781,3.979434696110812,2.503040293298957,0.8000804597513873,4.206000126846527,Office31,smear,energy,8
782,4.010019717041892,2.5030179806269293,0.800060366201137,4.205975595052721,Office31,smear,energy,8
783,4.040604737972972,2.5023593608370573,0.7994663582180976,4.205252363456017,Office31,smear,energy,8
784,4.071189758904053,2.4998115613113674,0.7971522654351673,4.202470857187567,Office31,smear,energy,8
785,4.101774779835132,2.494089939835052,0.7918613985496477,4.196318481120456,Office31,smear,energy,8
786,4.132359800766213,2.483909854193303,0.7821255944246384,4.185694113961968,Office31,smear,energy,8
787,4.162944821697293,2.4679866621713136,0.7660697009487369,4.16990362339389,Office31,smear,energy,8
788,4.193529842628373,2.445101545220923,0.7412348815512528,4.148968208890593,Office31,smear,energy,8
789,4.224114863559453,2.414858010811246,0.7054410079006597,4.124275013721832,Office31,smear,energy,8
790,4.254699884490533,2.3774185483077925,0.6570559655611565,4.097781131054429,Office31,smear,energy,8
791,4.285284905421614,2.3329563292037916,0.5947273773232529,4.071185281084331,Office31,smear,energy,8
792,4.315869926352693,2.281644524992477,0.5175192768348802,4.045769773150074,Office31,smear,energy,8
793,4.346454947283774,2.2236563071670767,0.42492372762764363,4.02238888670651,Office31,smear,energy,8
794,4.377039968214854,2.1592338371308233,0.31673512005702964,4.001732554204617,Office31,smear,energy,8
795,4.407624989145933,2.0890923248134405,0.19288143799715196,3.985303211629729,Office31,smear,energy,8
796,4.4382100100770145,2.014145401562186,0.05352350787214877,3.9747672952522226,Office31,smear,energy,8
797,4.468795031008094,1.9353073775609084,-0.10074527784375209,3.9713600329655687,Office31,smear,energy,8
798,4.499380051939174,1.8534925629934422,-0.26879203410792885,3.9757771600948133,Office31,smear,energy,8
799,4.5299650728702545,1.7696152680436317,-0.44892869444513206,3.9881592305323954,Office31,smear,energy,8
800,1.661032073199749,2.136575348339135,0.5795985677036084,3.6935521289746616,Office31,webcam,energy,8
801,1.6916567133833664,2.1405709978721426,0.5845776872717554,3.6965643084725297,Office31,webcam,energy,8
802,1.7222813535669836,2.1432104970536385,0.5875683035708177,3.6988526905364596,Office31,webcam,energy,8
803,1.752905993750601,2.144774998998246,0.5892287085234771,3.7003212894730146,Office31,webcam,energy,8
804,1.7835306339342185,2.1455456568205937,0.5900158963534317,3.701075417287756,Office31,webcam,energy,8
805,1.814155274117836,2.145803623635306,0.590274867816923,3.7013323794536888,Office31,webcam,energy,8
806,1.8447799143014532,2.145829795038392,0.5903010142338563,3.701358575842928,Office31,webcam,energy,8
807,1.8754045544850706,2.145829794886719,0.5903010140824214,3.7013585756910166,Office31,webcam,energy,8
808,1.906029194668688,2.1458297947092517,0.590301013905244,3.701358575513259,Office31,webcam,energy,8
809,1.9366538348523052,2.1458297945128844,0.5903010137092233,3.7013585753165454,Office31,webcam,energy,8
810,1.9672784750359227,2.1458297943045075,0.5903010135012541,3.701358575107761,Office31,webcam,energy,8
811,1.9979031152195401,2.145829794091015,0.5903010132882345,3.7013585748937956,Office31,webcam,energy,8
812,2.0285277554031573,2.1458297938792437,0.5903010130770059,3.7013585746814814,Office31,webcam,energy,8
813,2.059152395586775,2.145829793673146,0.5903010128715382,3.7013585744747535,Office31,webcam,energy,8
814,2.089777035770392,2.145829793472428,0.5903010126715742,3.701358574273282,Office31,webcam,energy,8
815,2.1204016759540094,2.1458297932764596,0.5903010124765202,3.701358574076399,Office31,webcam,energy,8
816,2.151026316137627,2.1458297930846055,0.5903010122857797,3.7013585738834314,Office31,webcam,energy,8
817,2.1816509563212443,2.145829792896234,0.590301012098758,3.7013585736937102,Office31,webcam,energy,8
818,2.2122755965048615,2.145829792710682,0.5903010119148291,3.7013585735065346,Office31,webcam,energy,8
819,2.242900236688479,2.1458297925266683,0.5903010117327461,3.7013585733205905,Office31,webcam,energy,8
820,2.2735248768720964,2.1458297923423406,0.5903010115506857,3.7013585731339953,Office31,webcam,energy,8
821,2.3041495170557136,2.1458297921558245,0.5903010113668035,3.7013585729448453,Office31,webcam,energy,8
822,2.3347741572393312,2.145829791965246,0.5903010111792542,3.7013585727512375,Office31,webcam,energy,8
823,2.3653987974229485,2.1458297917687315,0.590301010986195,3.7013585725512677,Office31,webcam,energy,8
824,2.3960234376065657,2.145829791564536,0.5903010107859119,3.7013585723431603,Office31,webcam,energy,8
825,2.4266480777901833,2.1458297913522237,0.5903010105780218,3.7013585721264257,Office31,webcam,energy,8
826,2.4572727179738005,2.1458297911321185,0.590301010362914,3.7013585719013227,Office31,webcam,energy,8
827,2.4878973581574177,2.145829790904552,0.5903010101409858,3.701358571668118,Office31,webcam,energy,8
828,2.5185219983410354,2.1458297906698593,0.5903010099126376,3.701358571427081,Office31,webcam,energy,8
829,2.5491466385246526,2.145829790428373,0.590301009678267,3.7013585711784787,Office31,webcam,energy,8
830,2.57977127870827,2.1460009241799627,0.5904876928735399,3.7015141554863855,Office31,webcam,energy,8
831,2.6103959188918875,2.1474913362661514,0.5921118387005706,3.7028708338317324,Office31,webcam,energy,8
832,2.6410205590755047,2.1517953434180455,0.5967850476682723,3.7068056391678184,Office31,webcam,energy,8
833,2.671645199259122,2.1604076680177102,0.6060602865807425,3.714755049454678,Office31,webcam,energy,8
834,2.7022698394427396,2.1748230324472146,0.6213585759062767,3.7282874889881525,Office31,webcam,energy,8
835,2.7328944796263572,2.1965360137409977,0.6438649350628276,3.7492070924191676,Office31,webcam,energy,8
836,2.763519119809974,2.226194102969366,0.673590086745119,3.778798119193613,Office31,webcam,energy,8
837,2.7941437599935917,2.261602809072091,0.7077199876838314,3.8154856304603504,Office31,webcam,energy,8
838,2.8247684001772093,2.2999722971129835,0.7433975726347746,3.8565470215911923,Office31,webcam,energy,8
839,2.855393040360826,2.338512732155853,0.7784422617910383,3.8985832025206677,Office31,webcam,energy,8
840,2.8860176805444437,2.374434279264514,0.8112070380957219,3.9376615204333065,Office31,webcam,energy,8
841,2.9166423207280614,2.40495553900081,0.8402069687381415,3.9697041092634784,Office31,webcam,energy,8
842,2.9472669609116786,2.4284820128610454,0.8642560215568154,3.9927080041652756,Office31,webcam,energy,8
843,2.977891601095296,2.4458196287511202,0.8830119164538801,4.00862734104836,Office31,webcam,energy,8
844,3.0085162412789135,2.4580638894079168,0.8962713909700701,4.019856387845763,Office31,webcam,energy,8
845,3.0391408814625307,2.4663102975683158,0.9042958601234772,4.028324735013154,Office31,webcam,energy,8
846,3.069765521646148,2.4716543559691995,0.908066400024609,4.03524231191379,Office31,webcam,energy,8
847,3.1003901618297656,2.475237575879286,0.9093303024127113,4.04114484934586,Office31,webcam,energy,8
848,3.131014802013383,2.4798717258221727,0.9118553029038923,4.047888148740453,Office31,webcam,energy,8
849,3.161639442197,2.490472223898096,0.9212403431355296,4.059704104660662,Office31,webcam,energy,8
850,3.1922640823806177,2.5120886238686215,0.9428471120010229,4.08133013573622,Office31,webcam,energy,8
851,3.222888722564235,2.549770479495314,0.9817121056126228,4.117828853378006,Office31,webcam,energy,8
852,3.253513362747852,2.6085673445397393,1.0425387503662962,4.174595938713182,Office31,webcam,energy,8
853,3.2841380029314697,2.6932258236303066,1.1293333495959705,4.2571182976646424,Office31,webcam,energy,8
854,3.314762643115087,2.8037413701401657,1.2410469216574334,4.366435818622898,Office31,webcam,energy,8
855,3.345387283298704,2.936337114836423,1.3731420950763482,4.499532134596498,Office31,webcam,energy,8
856,3.376011923482322,3.0871322769335183,1.5216256338116534,4.6526389200553835,Office31,webcam,energy,8
857,3.406636563665939,3.2522460756458806,1.683202544739545,4.821289606552217,Office31,webcam,energy,8
858,3.4372612038495562,3.4277977301879514,1.855111682482399,5.000483777893503,Office31,webcam,energy,8
859,3.467885844033174,3.6097030761869973,2.0344715754747416,5.184934576899253,Office31,webcam,energy,8
860,3.498510484216791,3.7921920039404986,2.2157671647623056,5.368616843118692,Office31,webcam,energy,8
861,3.5291351244004083,3.968660780986513,2.3921278834158333,5.545193678557193,Office31,webcam,energy,8
862,3.559759764584026,4.132499750170532,2.556800950482919,5.708198549858145,Office31,webcam,energy,8
863,3.590384404767643,4.277099254338037,2.7032874039338215,5.850911104742252,Office31,webcam,energy,8
864,3.6210090449512604,4.395849636334515,2.825268392864177,5.966430879804853,Office31,webcam,energy,8
865,3.651633685134878,4.483818592279964,2.9178570778587156,6.0497801067012125,Office31,webcam,energy,8
866,3.6822583253184953,4.544080968825755,2.983116626176505,6.1050453114750045,Office31,webcam,energy,8
867,3.712882965502113,4.582098237350761,3.025263740559124,6.138932734142397,Office31,webcam,energy,8
868,3.74350760568573,4.603332278743929,3.048923907767158,6.157740649720701,Office31,webcam,energy,8
869,3.7741322458693474,4.6132449738942105,3.0593675813649437,6.167122366423477,Office31,webcam,energy,8
870,3.804756886052965,4.61729709005842,3.0625366305065724,6.172057549610267,Office31,webcam,energy,8
871,3.8353815262365822,4.619999048669746,3.063872393176842,6.176125704162651,Office31,webcam,energy,8
872,3.8660061664201995,4.623179088163054,3.0660154422953245,6.180342734030784,Office31,webcam,energy,8
873,3.896630806603817,4.628195633416043,3.0707541478986116,6.1856371189334745,Office31,webcam,energy,8
874,3.9272554467874343,4.636407109306419,3.0795524643066057,6.193261754306233,Office31,webcam,energy,8
875,3.9578800869710515,4.649171940711882,3.0935811956377783,6.204762685785985,Office31,webcam,energy,8
876,3.988504727154669,4.667835712475631,3.113687801366133,6.221983623585128,Office31,webcam,energy,8
877,4.019129367338286,4.692701604079532,3.139383644229998,6.246019563929066,Office31,webcam,energy,8
878,4.049754007521903,4.722277552740969,3.1685084409296516,6.276046664552286,Office31,webcam,energy,8
879,4.080378647705521,4.754893995040323,3.199233415263591,6.310554574817055,Office31,webcam,energy,8
880,4.1110032878891385,4.788881367557968,3.2302990454320586,6.347463689683877,Office31,webcam,energy,8
881,4.141627928072756,4.822570106874277,3.260863679105337,6.3842765346432175,Office31,webcam,energy,8
882,4.172252568256374,4.854316630274847,3.290163901832992,6.4184693587167025,Office31,webcam,energy,8
883,4.202877208439991,4.883166300425643,3.3173300748467094,6.449002526004576,Office31,webcam,energy,8
884,4.233501848623608,4.908908380653767,3.3414551230730405,6.476361638234493,Office31,webcam,energy,8
885,4.264126488807225,4.931369126345119,3.3617299804771523,6.501008272213086,Office31,webcam,energy,8
886,4.294751128990843,4.950374792885598,3.3776666156834003,6.5230829700877955,Office31,webcam,energy,8
887,4.32537576917446,4.965751635661104,3.389119497354086,6.5423837739681225,Office31,webcam,energy,8
888,4.356000409358078,4.9774047738597815,3.3961456537146093,6.558663894004954,Office31,webcam,energy,8
889,4.386625049541695,4.986224561308208,3.3992891375374867,6.573159985078929,Office31,webcam,energy,8
890,4.417249689725312,4.9937710720108575,3.3992997620385887,6.588242381983126,Office31,webcam,energy,8
891,4.447874329908929,5.001617178305261,3.39682301926519,6.606411337345332,Office31,webcam,energy,8
892,4.478498970092547,5.011335752528937,3.392432990012308,6.630238515045566,Office31,webcam,energy,8
893,4.5091236102761645,5.024499667019417,3.386558359282865,6.6624409747559685,Office31,webcam,energy,8
894,4.539748250459782,5.042469203530636,3.379052251062685,6.705886155998588,Office31,webcam,energy,8
895,4.570372890643399,5.065146957289491,3.367659547881636,6.762634366697346,Office31,webcam,energy,8
896,4.600997530827017,5.09182409317096,3.349509814302497,6.834138372039423,Office31,webcam,energy,8
897,4.631622171010633,5.121789684233049,3.322311180895718,6.921268187570379,Office31,webcam,energy,8
898,4.662246811194251,5.15433280353377,3.2846422441860352,7.024023362881506,Office31,webcam,energy,8
899,4.692871451377869,5.188742524131129,3.2360703334383407,7.1414147148239175,Office31,webcam,energy,8
