,Tree,t,Risk Estimate,True Risk,E[f(x)=y],Accuracy,ood_pred,is_ood,Estimated Rate,ind_acc,ood_val_acc,ood_test_acc,Rate Error,Accuracy Error,dsd,ba,tpr,tnr,rate,test_set,val_set
0,Base Tree,350.5,1948.625031218704,1058.777192982456,0.7596294544888007,0.9224561403508772,0.14476190476190476,0.0,0.20092091852635852,0.8701923076923077,0.319911858974359,0.3095039946737683,0.20092091852635852,0.16282668586207646,knn,0.8910031016337192,0.9244340878828229,0.8575721153846154,0.0,OoD Val,noise
1,Detector Tree,350.5,1500.0249269131646,1205.6224310776943,0.7531068390601134,0.9224561403508772,0.14476190476190476,0.0,0.20092091852635852,0.8701923076923077,0.319911858974359,0.3095039946737683,0.20092091852635852,0.16934930129076373,knn,0.8910031016337192,0.9244340878828229,0.8575721153846154,0.0,OoD Val,noise
0,Base Tree,350.5,1956.548361324386,1328.4660401002504,0.7581796228134701,0.8731077694235589,0.16280701754385962,0.0,0.20355563265932194,0.8701923076923077,0.319911858974359,0.30575898801597867,0.20355563265932194,0.11492814661008882,knn,0.8910031016337192,0.9244340878828229,0.8575721153846154,0.0,OoD Test,noise
1,Detector Tree,350.5,1531.2085013698324,1450.0964912280701,0.7437324851441767,0.8731077694235589,0.16280701754385962,0.0,0.20355563265932194,0.8701923076923077,0.319911858974359,0.30575898801597867,0.20355563265932194,0.12937528427938214,knn,0.8910031016337192,0.9244340878828229,0.8575721153846154,0.0,OoD Test,noise
0,Base Tree,350.5,1878.109398919573,1063.0231829573934,0.772532589401725,0.9216791979949874,0.12483709273182958,0.0,0.17417826628990854,0.8701923076923077,0.3095039946737683,0.3095039946737683,0.17417826628990854,0.14914660859326248,knn,0.8910031016337192,0.9244340878828229,0.8575721153846154,0.0,OoD Val,OoD Val
1,Detector Tree,350.5,1443.3303859605273,1207.5369674185463,0.7750609551953852,0.9216791979949874,0.12483709273182958,0.0,0.17417826628990854,0.8701923076923077,0.3095039946737683,0.3095039946737683,0.17417826628990854,0.14661824279960234,knn,0.8910031016337192,0.9244340878828229,0.8575721153846154,0.0,OoD Val,OoD Val
0,Base Tree,350.5,1918.9089455908056,1186.01992481203,0.7650669815936313,0.8991729323308271,0.14273182957393485,0.0,0.18749334283912658,0.8701923076923077,0.3095039946737683,0.30575898801597867,0.18749334283912658,0.1341059507371959,knn,0.8910031016337192,0.9244340878828229,0.8575721153846154,0.0,OoD Test,OoD Val
1,Detector Tree,350.5,1472.6047455479554,1306.0791979949875,0.7640534301778089,0.8991729323308271,0.14273182957393485,0.0,0.18749334283912658,0.8701923076923077,0.3095039946737683,0.30575898801597867,0.18749334283912658,0.13511950215301816,knn,0.8910031016337192,0.9244340878828229,0.8575721153846154,0.0,OoD Test,OoD Val
0,Base Tree,350.5,1805.4451179481748,1159.1743107769423,0.7858288896709653,0.9040852130325815,0.10208020050125315,0.0,0.14946569431747964,0.8701923076923077,0.30575898801597867,0.3095039946737683,0.14946569431747964,0.1182563233616162,knn,0.8910031016337192,0.9244340878828229,0.8575721153846154,0.0,OoD Val,OoD Test
1,Detector Tree,350.5,1485.5688989296116,1254.473558897243,0.7724603408856159,0.9040852130325815,0.10208020050125315,0.0,0.14946569431747964,0.8701923076923077,0.30575898801597867,0.3095039946737683,0.14946569431747964,0.13162487214696558,knn,0.8910031016337192,0.9244340878828229,0.8575721153846154,0.0,OoD Val,OoD Test
0,Base Tree,350.5,1998.4058681430297,1087.2664160401002,0.7505204266892901,0.9172431077694236,0.17085213032581453,0.0,0.21202129079063367,0.8701923076923077,0.30575898801597867,0.30575898801597867,0.21202129079063367,0.1667226810801335,knn,0.8910031016337192,0.9244340878828229,0.8575721153846154,0.0,OoD Test,OoD Test
1,Detector Tree,350.5,1502.6595742906304,1281.4256892230576,0.7442739721055986,0.9172431077694236,0.17085213032581453,0.0,0.21202129079063367,0.8701923076923077,0.30575898801597867,0.30575898801597867,0.21202129079063367,0.17296913566382494,knn,0.8910031016337192,0.9244340878828229,0.8575721153846154,0.0,OoD Test,OoD Test
0,Base Tree,350.5,2055.7989306285594,1362.8448621553885,0.7400184939380495,0.8668170426065164,0.20982456140350877,0.08934837092731829,0.23655903831862285,0.8701923076923077,0.319911858974359,0.3095039946737683,0.13655903831862282,0.1267985486684668,knn,0.8910031016337192,0.9244340878828229,0.8575721153846154,0.1,OoD Val,noise
1,Detector Tree,350.5,1560.430849124271,1315.611403508772,0.7313299375971731,0.8668170426065164,0.20982456140350877,0.08934837092731829,0.23655903831862285,0.8701923076923077,0.319911858974359,0.3095039946737683,0.13655903831862282,0.13548710500934316,knn,0.8910031016337192,0.9244340878828229,0.8575721153846154,0.1,OoD Val,noise
0,Base Tree,350.5,2100.628251800029,1384.8966165413533,0.7318155074473872,0.8627819548872181,0.22822055137844613,0.08887218045112782,0.2514659580715847,0.8701923076923077,0.319911858974359,0.30575898801597867,0.15146595807158475,0.13096644743983088,knn,0.8910031016337192,0.9244340878828229,0.8575721153846154,0.1,OoD Test,noise
1,Detector Tree,350.5,1530.433027244518,1334.4154135338347,0.7355363443788312,0.8627819548872181,0.22822055137844613,0.08887218045112782,0.2514659580715847,0.8701923076923077,0.319911858974359,0.30575898801597867,0.15146595807158475,0.12724561050838679,knn,0.8910031016337192,0.9244340878828229,0.8575721153846154,0.1,OoD Test,noise
0,Base Tree,350.5,2121.6070893419433,1553.229573934837,0.7279767448596628,0.8319799498746867,0.231203007518797,0.10393483709273182,0.2536445999150737,0.8701923076923077,0.3095039946737683,0.3095039946737683,0.15364459991507368,0.10400320501502403,knn,0.8910031016337192,0.9244340878828229,0.8575721153846154,0.1,OoD Val,OoD Val
1,Detector Tree,350.5,1516.8799471772943,1466.2798245614035,0.735058155779322,0.8319799498746867,0.231203007518797,0.10393483709273182,0.2536445999150737,0.8701923076923077,0.3095039946737683,0.3095039946737683,0.15364459991507368,0.0969217940953648,knn,0.8910031016337192,0.9244340878828229,0.8575721153846154,0.1,OoD Val,OoD Val
0,Base Tree,350.5,2195.6866995769633,1554.325313283208,0.7144214639383416,0.8317794486215538,0.24724310776942357,0.11380952380952382,0.2778207430708753,0.8701923076923077,0.3095039946737683,0.30575898801597867,0.17782074307087525,0.11735798468321226,knn,0.8910031016337192,0.9244340878828229,0.8575721153846154,0.1,OoD Test,OoD Val
1,Detector Tree,350.5,1577.614102102859,1320.6264411027569,0.7110974892089768,0.8317794486215538,0.24724310776942357,0.11380952380952382,0.2778207430708753,0.8701923076923077,0.3095039946737683,0.30575898801597867,0.17782074307087525,0.12068195941257703,knn,0.8910031016337192,0.9244340878828229,0.8575721153846154,0.1,OoD Test,OoD Val
0,Base Tree,350.5,2095.190639692946,1246.5595238095239,0.7328104959390767,0.8880952380952382,0.21233082706766918,0.08872180451127819,0.24339777076238492,0.8701923076923077,0.30575898801597867,0.3095039946737683,0.1433977707623849,0.15528474215616145,knn,0.8910031016337192,0.9244340878828229,0.8575721153846154,0.1,OoD Val,OoD Test
1,Detector Tree,350.5,1587.0010718541512,1243.0397243107768,0.7164638703807964,0.8880952380952382,0.21233082706766918,0.08872180451127819,0.24339777076238492,0.8701923076923077,0.30575898801597867,0.3095039946737683,0.1433977707623849,0.17163136771444165,knn,0.8910031016337192,0.9244340878828229,0.8575721153846154,0.1,OoD Val,OoD Test
0,Base Tree,350.5,2084.4941423068803,1286.9649122807018,0.734767769019784,0.8807017543859649,0.20912280701754385,0.10298245614035088,0.2399300926284474,0.8701923076923077,0.30575898801597867,0.30575898801597867,0.13993009262844738,0.14593398536618085,knn,0.8910031016337192,0.9244340878828229,0.8575721153846154,0.1,OoD Test,OoD Test
1,Detector Tree,350.5,1415.352836241417,1118.2738095238096,0.7479123330687439,0.8807017543859649,0.20912280701754385,0.10298245614035088,0.2399300926284474,0.8701923076923077,0.30575898801597867,0.30575898801597867,0.13993009262844738,0.13278942131722096,knn,0.8910031016337192,0.9244340878828229,0.8575721153846154,0.1,OoD Test,OoD Test
0,Base Tree,350.5,2307.6427118430606,1747.449373433584,0.6939354598640327,0.7964411027568923,0.32177944862155383,0.21922305764411026,0.32030367104432056,0.8701923076923077,0.319911858974359,0.3095039946737683,0.12030367104432053,0.10250564289285947,knn,0.8910031016337192,0.9244340878828229,0.8575721153846154,0.2,OoD Val,noise
1,Detector Tree,350.5,1611.8552290575735,1330.5334586466165,0.6855887134706281,0.7964411027568923,0.32177944862155383,0.21922305764411026,0.32030367104432056,0.8701923076923077,0.319911858974359,0.3095039946737683,0.12030367104432053,0.11085238928626417,knn,0.8910031016337192,0.9244340878828229,0.8575721153846154,0.2,OoD Val,noise
0,Base Tree,350.5,2243.2452466926693,1770.8708020050124,0.7057190765429698,0.792155388471178,0.27576441102756893,0.17340852130325815,0.2988898325072787,0.8701923076923077,0.319911858974359,0.30575898801597867,0.09888983250727866,0.08643631192820808,knn,0.8910031016337192,0.9244340878828229,0.8575721153846154,0.2,OoD Test,noise
1,Detector Tree,350.5,1576.8308268752805,1415.8008771929826,0.7022745648661026,0.792155388471178,0.27576441102756893,0.17340852130325815,0.2988898325072787,0.8701923076923077,0.319911858974359,0.30575898801597867,0.09888983250727866,0.08988082360507531,knn,0.8910031016337192,0.9244340878828229,0.8575721153846154,0.2,OoD Test,noise
0,Base Tree,350.5,2390.2642099458735,1919.0695488721803,0.67881716194952,0.7650375939849624,0.3352631578947369,0.21278195488721807,0.3413218026830173,0.8701923076923077,0.3095039946737683,0.3095039946737683,0.1413218026830173,0.08622043203544243,knn,0.8910031016337192,0.9244340878828229,0.8575721153846154,0.2,OoD Val,OoD Val
1,Detector Tree,350.5,1626.2262256320887,1494.2022556390975,0.6739479338815166,0.7650375939849624,0.3352631578947369,0.21278195488721807,0.3413218026830173,0.8701923076923077,0.3095039946737683,0.3095039946737683,0.1413218026830173,0.09108966010344584,knn,0.8910031016337192,0.9244340878828229,0.8575721153846154,0.2,OoD Val,OoD Val
0,Base Tree,350.5,2387.973112744779,1894.96328320802,0.679236392910379,0.7694486215538847,0.3377443609022556,0.21132832080200503,0.34057409499743707,0.8701923076923077,0.3095039946737683,0.30575898801597867,0.14057409499743703,0.09021222864350575,knn,0.8910031016337192,0.9244340878828229,0.8575721153846154,0.2,OoD Test,OoD Val
1,Detector Tree,350.5,1643.8467957891169,1445.292857142857,0.6829184615256257,0.7694486215538847,0.3377443609022556,0.21132832080200503,0.34057409499743707,0.8701923076923077,0.3095039946737683,0.30575898801597867,0.14057409499743703,0.08653016002825901,knn,0.8910031016337192,0.9244340878828229,0.8575721153846154,0.2,OoD Test,OoD Val
0,Base Tree,350.5,2266.715471286222,1964.6796992481202,0.7014244334334452,0.7566917293233083,0.28581453634085213,0.20117794486215537,0.2990040955690593,0.8701923076923077,0.30575898801597867,0.3095039946737683,0.09900409556905936,0.055861943077531305,knn,0.8910031016337192,0.9244340878828229,0.8575721153846154,0.2,OoD Val,OoD Test
1,Detector Tree,350.5,1599.3815439773425,1439.2026315789474,0.699431232191543,0.7566917293233083,0.28581453634085213,0.20117794486215537,0.2990040955690593,0.8701923076923077,0.30575898801597867,0.3095039946737683,0.09900409556905936,0.0577544864837921,knn,0.8910031016337192,0.9244340878828229,0.8575721153846154,0.2,OoD Val,OoD Test
0,Base Tree,350.5,2239.4697216848076,1777.7191729323308,0.7064099319881414,0.7909022556390978,0.27531328320802,0.18967418546365916,0.29017134530273014,0.8701923076923077,0.30575898801597867,0.30575898801597867,0.09017134530273012,0.08460594001291351,knn,0.8910031016337192,0.9244340878828229,0.8575721153846154,0.2,OoD Test,OoD Test
1,Detector Tree,350.5,1505.0274485949965,1401.2347117794486,0.7129754021216282,0.7909022556390978,0.27531328320802,0.18967418546365916,0.29017134530273014,0.8701923076923077,0.30575898801597867,0.30575898801597867,0.09017134530273012,0.07873028210692877,knn,0.8910031016337192,0.9244340878828229,0.8575721153846154,0.2,OoD Test,OoD Test
0,Base Tree,350.5,2441.603160632737,1936.875313283208,0.6694230264166995,0.7617794486215539,0.3706766917293233,0.262406015037594,0.3648490178841776,0.8701923076923077,0.319911858974359,0.3095039946737683,0.06484901788417763,0.09235642220485438,knn,0.8910031016337192,0.9244340878828229,0.8575721153846154,0.30000000000000004,OoD Val,noise
1,Detector Tree,350.5,1596.7718741295112,1418.91015037594,0.6716431189214094,0.7617794486215539,0.3706766917293233,0.262406015037594,0.3648490178841776,0.8701923076923077,0.319911858974359,0.3095039946737683,0.06484901788417763,0.09013632970014453,knn,0.8910031016337192,0.9244340878828229,0.8575721153846154,0.30000000000000004,OoD Val,noise
0,Base Tree,350.5,2517.8476045173547,2101.2362155388473,0.6554716185695599,0.7317042606516291,0.38812030075187975,0.2993483709273183,0.39020228616700287,0.8701923076923077,0.319911858974359,0.30575898801597867,0.09020228616700282,0.07647173564916242,knn,0.8910031016337192,0.9244340878828229,0.8575721153846154,0.30000000000000004,OoD Test,noise
1,Detector Tree,350.5,1617.2929011008018,1493.2984962406015,0.6616146647680763,0.7317042606516291,0.38812030075187975,0.2993483709273183,0.39020228616700287,0.8701923076923077,0.319911858974359,0.30575898801597867,0.09020228616700282,0.07064445564406446,knn,0.8910031016337192,0.9244340878828229,0.8575721153846154,0.30000000000000004,OoD Test,noise
0,Base Tree,350.5,2461.859946518055,2047.271052631579,0.6657163867304565,0.741578947368421,0.3682706766917293,0.2956641604010025,0.3646873248722239,0.8701923076923077,0.3095039946737683,0.3095039946737683,0.06468732487222384,0.07586256063796455,knn,0.8910031016337192,0.9244340878828229,0.8575721153846154,0.30000000000000004,OoD Val,OoD Val
1,Detector Tree,350.5,1600.411321021123,1505.995739348371,0.6759726739204356,0.741578947368421,0.3682706766917293,0.2956641604010025,0.3646873248722239,0.8701923076923077,0.3095039946737683,0.3095039946737683,0.06468732487222384,0.06565712050609714,knn,0.8910031016337192,0.9244340878828229,0.8575721153846154,0.30000000000000004,OoD Val,OoD Val
0,Base Tree,350.5,2361.139950479484,2119.863784461153,0.6841463951547146,0.7282957393483709,0.33548872180451134,0.2691228070175439,0.3318169974615492,0.8701923076923077,0.3095039946737683,0.30575898801597867,0.03181699746154917,0.053831701650704965,knn,0.8910031016337192,0.9244340878828229,0.8575721153846154,0.30000000000000004,OoD Test,OoD Val
1,Detector Tree,350.5,1571.467579314185,1497.3763157894737,0.6915922253113017,0.7282957393483709,0.33548872180451134,0.2691228070175439,0.3318169974615492,0.8701923076923077,0.3095039946737683,0.30575898801597867,0.03181699746154917,0.04850534515514085,knn,0.8910031016337192,0.9244340878828229,0.8575721153846154,0.30000000000000004,OoD Test,OoD Val
0,Base Tree,350.5,2544.1878006139627,2246.5586466165414,0.6506518205646913,0.7051127819548871,0.3917293233082707,0.3329323308270677,0.38895734797072345,0.8701923076923077,0.30575898801597867,0.3095039946737683,0.08895734797072344,0.05762531671692647,knn,0.8910031016337192,0.9244340878828229,0.8575721153846154,0.30000000000000004,OoD Val,OoD Test
1,Detector Tree,350.5,1701.6657270378907,1568.3266917293233,0.6486743132438064,0.7051127819548871,0.3917293233082707,0.3329323308270677,0.38895734797072345,0.8701923076923077,0.30575898801597867,0.3095039946737683,0.08895734797072344,0.05898765942050745,knn,0.8910031016337192,0.9244340878828229,0.8575721153846154,0.30000000000000004,OoD Val,OoD Test
0,Base Tree,350.5,2504.9487703283917,2288.744611528822,0.6578318810012092,0.6973934837092731,0.3986215538847118,0.3205764411027569,0.37623651773937683,0.8701923076923077,0.30575898801597867,0.30575898801597867,0.0762365177393768,0.04017289869830348,knn,0.8910031016337192,0.9244340878828229,0.8575721153846154,0.30000000000000004,OoD Test,OoD Test
1,Detector Tree,350.5,1680.0705892639442,1535.7863408521303,0.6646587573336777,0.6973934837092731,0.3986215538847118,0.3205764411027569,0.37623651773937683,0.8701923076923077,0.30575898801597867,0.30575898801597867,0.0762365177393768,0.03414487214354039,knn,0.8910031016337192,0.9244340878828229,0.8575721153846154,0.30000000000000004,OoD Test,OoD Test
0,Base Tree,350.5,2570.9939762817935,2354.352005012531,0.6457467563985739,0.6853884711779449,0.42952380952380953,0.3817042606516291,0.40787484239472843,0.8701923076923077,0.319911858974359,0.3095039946737683,0.011971915222741679,0.048336763978121935,knn,0.8910031016337192,0.9244340878828229,0.8575721153846154,0.4,OoD Val,noise
1,Detector Tree,350.5,1655.6330305063414,1596.0266917293234,0.6565517084538407,0.6853884711779449,0.42952380952380953,0.3817042606516291,0.40787484239472843,0.8701923076923077,0.319911858974359,0.3095039946737683,0.011971915222741679,0.043008798103758766,knn,0.8910031016337192,0.9244340878828229,0.8575721153846154,0.4,OoD Val,noise
0,Base Tree,350.5,2597.52944044068,2435.025814536341,0.640891227732721,0.67062656641604,0.42832080200501255,0.3778947368421053,0.41669857705069413,0.8701923076923077,0.319911858974359,0.30575898801597867,0.03488698515644714,0.03546199465153749,knn,0.8910031016337192,0.9244340878828229,0.8575721153846154,0.4,OoD Test,noise
1,Detector Tree,350.5,1673.0489862960055,1582.6595238095238,0.6515196507510927,0.67062656641604,0.42832080200501255,0.3778947368421053,0.41669857705069413,0.8701923076923077,0.319911858974359,0.30575898801597867,0.03488698515644714,0.02912902410922362,knn,0.8910031016337192,0.9244340878828229,0.8575721153846154,0.4,OoD Test,noise
0,Base Tree,350.5,2681.5986887177005,2369.6923558897242,0.6255080167030741,0.6825814536340853,0.4507769423558898,0.3782706766917293,0.43639984160173334,0.8701923076923077,0.3095039946737683,0.3095039946737683,0.03908946709537175,0.057073436931011155,knn,0.8910031016337192,0.9244340878828229,0.8575721153846154,0.4,OoD Val,OoD Val
1,Detector Tree,350.5,1640.0208802719221,1721.6016290726818,0.6463112437800125,0.6825814536340853,0.4507769423558898,0.3782706766917293,0.43639984160173334,0.8701923076923077,0.3095039946737683,0.3095039946737683,0.03908946709537175,0.03692646321301771,knn,0.8910031016337192,0.9244340878828229,0.8575721153846154,0.4,OoD Val,OoD Val
0,Base Tree,350.5,2674.256968328872,2444.065664160401,0.6268514239105449,0.6689724310776943,0.45842105263157895,0.42070175438596497,0.4340038451518725,0.8701923076923077,0.3095039946737683,0.30575898801597867,0.034104264996857175,0.04245147506338474,knn,0.8910031016337192,0.9244340878828229,0.8575721153846154,0.4,OoD Test,OoD Val
1,Detector Tree,350.5,1651.3924416256443,1572.3987468671678,0.6332585916037465,0.6689724310776943,0.45842105263157895,0.42070175438596497,0.4340038451518725,0.8701923076923077,0.3095039946737683,0.30575898801597867,0.034104264996857175,0.0368078696911357,knn,0.8910031016337192,0.9244340878828229,0.8575721153846154,0.4,OoD Test,OoD Val
0,Base Tree,350.5,2738.875781523337,2761.8300751879697,0.6150273043873126,0.6108270676691729,0.4825814536340852,0.43704260651629073,0.4520728922440617,0.8701923076923077,0.30575898801597867,0.3095039946737683,0.05412757736347195,0.03567768242528989,knn,0.8910031016337192,0.9244340878828229,0.8575721153846154,0.4,OoD Val,OoD Test
1,Detector Tree,350.5,1768.054803021142,1672.5002506265664,0.6178673215121777,0.6108270676691729,0.4825814536340852,0.43704260651629073,0.4520728922440617,0.8701923076923077,0.30575898801597867,0.3095039946737683,0.05412757736347195,0.03493340983125132,knn,0.8910031016337192,0.9244340878828229,0.8575721153846154,0.4,OoD Val,OoD Test
0,Base Tree,350.5,2632.965162008538,2390.3744360902256,0.6344071066773032,0.678796992481203,0.44273182957393487,0.399874686716792,0.4177379201323802,0.8701923076923077,0.30575898801597867,0.30575898801597867,0.02621861169415169,0.0485703152747374,knn,0.8910031016337192,0.9244340878828229,0.8575721153846154,0.4,OoD Test,OoD Test
1,Detector Tree,350.5,1622.470433411717,1580.7260651629072,0.6534306461974069,0.678796992481203,0.44273182957393487,0.399874686716792,0.4177379201323802,0.8701923076923077,0.30575898801597867,0.30575898801597867,0.02621861169415169,0.03603622904235166,knn,0.8910031016337192,0.9244340878828229,0.8575721153846154,0.4,OoD Test,OoD Test
0,Base Tree,350.5,2865.2811796669607,2643.49022556391,0.5918973138761279,0.6324812030075188,0.5468170426065163,0.49769423558897247,0.5057330211614014,0.8701923076923077,0.319911858974359,0.3095039946737683,0.037332350287135614,0.062203623058081706,knn,0.8910031016337192,0.9244340878828229,0.8575721153846154,0.5,OoD Val,noise
1,Detector Tree,350.5,1813.261132700831,1637.0338345864661,0.6132665666361522,0.6324812030075188,0.5468170426065163,0.49769423558897247,0.5057330211614014,0.8701923076923077,0.319911858974359,0.3095039946737683,0.037332350287135614,0.05217201312390809,knn,0.8910031016337192,0.9244340878828229,0.8575721153846154,0.5,OoD Val,noise
0,Base Tree,350.5,2836.860808145286,2767.1718045112784,0.5970977478233696,0.6098496240601503,0.5393984962406015,0.4988471177944862,0.49628250559364384,0.8701923076923077,0.319911858974359,0.30575898801597867,0.008119076474924379,0.028645654266629333,knn,0.8910031016337192,0.9244340878828229,0.8575721153846154,0.5,OoD Test,noise
1,Detector Tree,350.5,1832.2093395644104,1698.1904761904761,0.5817916716978931,0.6098496240601503,0.5393984962406015,0.4988471177944862,0.49628250559364384,0.8701923076923077,0.319911858974359,0.30575898801597867,0.008119076474924379,0.034834338824599916,knn,0.8910031016337192,0.9244340878828229,0.8575721153846154,0.5,OoD Test,noise
0,Base Tree,350.5,2855.639800688544,2993.715914786967,0.5936615186297267,0.5683959899749373,0.5391478696741855,0.5125563909774437,0.493198774866273,0.8701923076923077,0.3095039946737683,0.3095039946737683,0.01102055280880554,0.038488779671427505,knn,0.8910031016337192,0.9244340878828229,0.8575721153846154,0.5,OoD Val,OoD Val
1,Detector Tree,350.5,1785.7286227271527,1663.6177944862156,0.5834239793671743,0.5683959899749373,0.5391478696741855,0.5125563909774437,0.493198774866273,0.8701923076923077,0.3095039946737683,0.3095039946737683,0.01102055280880554,0.03580089653651235,knn,0.8910031016337192,0.9244340878828229,0.8575721153846154,0.5,OoD Val,OoD Val
0,Base Tree,350.5,2867.71445346055,2637.7375939849626,0.5914520670703477,0.6335338345864662,0.531328320802005,0.5128320802005013,0.4971393805612342,0.8701923076923077,0.3095039946737683,0.30575898801597867,0.01768930297687075,0.04373955864861156,knn,0.8910031016337192,0.9244340878828229,0.8575721153846154,0.5,OoD Test,OoD Val
1,Detector Tree,350.5,1867.5264787738245,1641.6537593984963,0.5802588296186314,0.6335338345864662,0.531328320802005,0.5128320802005013,0.4971393805612342,0.8701923076923077,0.3095039946737683,0.30575898801597867,0.01768930297687075,0.053567816699186796,knn,0.8910031016337192,0.9244340878828229,0.8575721153846154,0.5,OoD Test,OoD Val
0,Base Tree,350.5,2909.496189893329,2572.130200501253,0.5838067356096378,0.6455388471177945,0.5410275689223057,0.486265664160401,0.5073860137223933,0.8701923076923077,0.30575898801597867,0.3095039946737683,0.014352265872023769,0.06298681127141786,knn,0.8910031016337192,0.9244340878828229,0.8575721153846154,0.5,OoD Val,OoD Test
1,Detector Tree,350.5,1744.4805943031888,1586.1100250626566,0.5925524545202646,0.6455388471177945,0.5410275689223057,0.486265664160401,0.5073860137223933,0.8701923076923077,0.30575898801597867,0.3095039946737683,0.014352265872023769,0.05556118504618431,knn,0.8910031016337192,0.9244340878828229,0.8575721153846154,0.5,OoD Val,OoD Test
0,Base Tree,350.5,2888.4737910007916,2780.868546365915,0.5876534691672842,0.60734335839599,0.5656892230576441,0.5279699248120301,0.5005708002621881,0.8701923076923077,0.30575898801597867,0.30575898801597867,0.044777941206836994,0.03852210687557791,knn,0.8910031016337192,0.9244340878828229,0.8575721153846154,0.5,OoD Test,OoD Test
1,Detector Tree,350.5,1738.0542584118768,1763.5749373433584,0.5938377983912883,0.60734335839599,0.5656892230576441,0.5279699248120301,0.5005708002621881,0.8701923076923077,0.30575898801597867,0.30575898801597867,0.044777941206836994,0.03717085092067146,knn,0.8910031016337192,0.9244340878828229,0.8575721153846154,0.5,OoD Test,OoD Test
0,Base Tree,350.5,3012.505529423554,3127.122180451128,0.5649578171228629,0.543984962406015,0.6063659147869674,0.619172932330827,0.5546889613842988,0.8701923076923077,0.319911858974359,0.3095039946737683,0.045311038615701356,0.03069515736222286,knn,0.8910031016337192,0.9244340878828229,0.8575721153846154,0.6000000000000001,OoD Val,noise
1,Detector Tree,350.5,1864.8225170755604,1828.9104010025062,0.548846984417296,0.543984962406015,0.6063659147869674,0.619172932330827,0.5546889613842988,0.8701923076923077,0.319911858974359,0.3095039946737683,0.045311038615701356,0.025565740639373547,knn,0.8910031016337192,0.9244340878828229,0.8575721153846154,0.6000000000000001,OoD Val,noise
0,Base Tree,350.5,2916.285075426478,2906.3307017543857,0.5825644875706353,0.5843859649122807,0.5715288220551378,0.5679197994987468,0.522693148178882,0.8701923076923077,0.319911858974359,0.30575898801597867,0.07730685182111803,0.02842676802415095,knn,0.8910031016337192,0.9244340878828229,0.8575721153846154,0.6000000000000001,OoD Test,noise
1,Detector Tree,350.5,1831.5200288754502,1653.0803258145365,0.5833587284569753,0.5843859649122807,0.5715288220551378,0.5679197994987468,0.522693148178882,0.8701923076923077,0.319911858974359,0.30575898801597867,0.07730685182111803,0.02827674777523744,knn,0.8910031016337192,0.9244340878828229,0.8575721153846154,0.6000000000000001,OoD Test,noise
0,Base Tree,350.5,3025.9514988667797,3095.345739348371,0.5624974384507265,0.5497994987468672,0.603609022556391,0.6065664160401003,0.5487806007317423,0.8701923076923077,0.3095039946737683,0.3095039946737683,0.05121939926825779,0.052226457331355634,knn,0.8910031016337192,0.9244340878828229,0.8575721153846154,0.6000000000000001,OoD Val,OoD Val
1,Detector Tree,350.5,1881.4110568477554,1735.6946115288222,0.5611747875909476,0.5497994987468672,0.603609022556391,0.6065664160401003,0.5487806007317423,0.8701923076923077,0.3095039946737683,0.3095039946737683,0.05121939926825779,0.05196969115785524,knn,0.8910031016337192,0.9244340878828229,0.8575721153846154,0.6000000000000001,OoD Val,OoD Val
0,Base Tree,350.5,2978.45402111198,3069.184962406015,0.5711886512146421,0.5545864661654135,0.5905263157894737,0.6001253132832081,0.5332796306524386,0.8701923076923077,0.3095039946737683,0.30575898801597867,0.06672036934756148,0.03689025311959513,knn,0.8910031016337192,0.9244340878828229,0.8575721153846154,0.6000000000000001,OoD Test,OoD Val
1,Detector Tree,350.5,1816.1120855831696,1840.8743107769424,0.5738439318140786,0.5545864661654135,0.5905263157894737,0.6001253132832081,0.5332796306524386,0.8701923076923077,0.3095039946737683,0.30575898801597867,0.06672036934756148,0.037573414136318296,knn,0.8910031016337192,0.9244340878828229,0.8575721153846154,0.6000000000000001,OoD Test,OoD Val
0,Base Tree,350.5,2990.356825279284,3152.3241854636594,0.5690106449626195,0.53937343358396,0.5809022556390977,0.6038095238095238,0.5336000768034016,0.8701923076923077,0.30575898801597867,0.3095039946737683,0.0663999231965985,0.04331933766696808,knn,0.8910031016337192,0.9244340878828229,0.8575721153846154,0.6000000000000001,OoD Val,OoD Test
1,Detector Tree,350.5,1865.5522341159917,1792.0111528822054,0.5620888584346811,0.53937343358396,0.5809022556390977,0.6038095238095238,0.5336000768034016,0.8701923076923077,0.30575898801597867,0.3095039946737683,0.0663999231965985,0.039051923439477984,knn,0.8910031016337192,0.9244340878828229,0.8575721153846154,0.6000000000000001,OoD Val,OoD Test
0,Base Tree,350.5,3077.5605144477854,3066.719548872181,0.5530538857369103,0.5550375939849624,0.6245864661654136,0.6127568922305765,0.5618704830134028,0.8701923076923077,0.30575898801597867,0.30575898801597867,0.039059305502221364,0.04099143581241491,knn,0.8910031016337192,0.9244340878828229,0.8575721153846154,0.6000000000000001,OoD Test,OoD Test
1,Detector Tree,350.5,1901.7687367663434,1853.2354636591479,0.5504822129949293,0.5550375939849624,0.6245864661654136,0.6127568922305765,0.5618704830134028,0.8701923076923077,0.30575898801597867,0.30575898801597867,0.039059305502221364,0.040780619591690645,knn,0.8910031016337192,0.9244340878828229,0.8575721153846154,0.6000000000000001,OoD Test,OoD Test
0,Base Tree,350.5,3182.473131340227,3319.698370927318,0.5338567005781836,0.5087468671679198,0.6836340852130325,0.7046365914786967,0.6112076267614518,0.8701923076923077,0.319911858974359,0.3095039946737683,0.08879237323854824,0.04545467615278346,knn,0.8910031016337192,0.9244340878828229,0.8575721153846154,0.7000000000000001,OoD Val,noise
1,Detector Tree,350.5,1901.1227063234317,1963.6395989974935,0.5372298983287417,0.5087468671679198,0.6836340852130325,0.7046365914786967,0.6112076267614518,0.8701923076923077,0.319911858974359,0.3095039946737683,0.08879237323854824,0.04636189530445532,knn,0.8910031016337192,0.9244340878828229,0.8575721153846154,0.7000000000000001,OoD Val,noise
0,Base Tree,350.5,3218.387158962746,3628.285964912281,0.5272850578293237,0.452280701754386,0.7011027568922306,0.6925062656641604,0.6231499786370646,0.8701923076923077,0.319911858974359,0.30575898801597867,0.07685002136293549,0.07652473161382908,knn,0.8910031016337192,0.9244340878828229,0.8575721153846154,0.7000000000000001,OoD Test,noise
1,Detector Tree,350.5,1868.408977966839,1965.8791979949876,0.5472119670323372,0.452280701754386,0.7011027568922306,0.6925062656641604,0.6231499786370646,0.8701923076923077,0.319911858974359,0.30575898801597867,0.07685002136293549,0.09493688979851544,knn,0.8910031016337192,0.9244340878828229,0.8575721153846154,0.7000000000000001,OoD Test,noise
0,Base Tree,350.5,3204.4570974937,3405.0290726817043,0.5298340169270447,0.4931328320802005,0.6759147869674186,0.6729323308270677,0.6070365350276329,0.8701923076923077,0.3095039946737683,0.3095039946737683,0.09296346497236718,0.04489335562582459,knn,0.8910031016337192,0.9244340878828229,0.8575721153846154,0.7000000000000001,OoD Val,OoD Val
1,Detector Tree,350.5,1831.5589728487298,1860.0383458646618,0.5232640865885607,0.4931328320802005,0.6759147869674186,0.6729323308270677,0.6070365350276329,0.8701923076923077,0.3095039946737683,0.3095039946737683,0.09296346497236718,0.042230848648717734,knn,0.8910031016337192,0.9244340878828229,0.8575721153846154,0.7000000000000001,OoD Val,OoD Val
0,Base Tree,350.5,3229.466990793721,3218.479448621554,0.5252576412088343,0.5272681704260651,0.6829573934837093,0.670827067669173,0.6151986022795308,0.8701923076923077,0.3095039946737683,0.30575898801597867,0.08480139772046932,0.03372979052707345,knn,0.8910031016337192,0.9244340878828229,0.8575721153846154,0.7000000000000001,OoD Test,OoD Val
1,Detector Tree,350.5,1905.5343447491543,1776.1967418546367,0.5247480617712984,0.5272681704260651,0.6829573934837093,0.670827067669173,0.6151986022795308,0.8701923076923077,0.3095039946737683,0.30575898801597867,0.08480139772046932,0.033656735218313256,knn,0.8910031016337192,0.9244340878828229,0.8575721153846154,0.7000000000000001,OoD Test,OoD Val
0,Base Tree,350.5,3212.2065218141124,3348.461528822055,0.5284160069873536,0.503483709273183,0.6735087719298246,0.6884210526315789,0.605521128520449,0.8701923076923077,0.30575898801597867,0.3095039946737683,0.09447887147955111,0.045553538602770685,knn,0.8910031016337192,0.9244340878828229,0.8575721153846154,0.7000000000000001,OoD Val,OoD Test
1,Detector Tree,350.5,1870.3178440560052,1825.3598997493734,0.5417510279764898,0.503483709273183,0.6735087719298246,0.6884210526315789,0.605521128520449,0.8701923076923077,0.30575898801597867,0.3095039946737683,0.09447887147955111,0.04963035165989788,knn,0.8910031016337192,0.9244340878828229,0.8575721153846154,0.7000000000000001,OoD Val,OoD Test
0,Base Tree,350.5,3217.705003910211,3545.694611528822,0.5274098803457986,0.4673934837092732,0.6876441102756893,0.7011779448621553,0.6073036714825335,0.8701923076923077,0.30575898801597867,0.30575898801597867,0.09269632851746656,0.06346492266899352,knn,0.8910031016337192,0.9244340878828229,0.8575721153846154,0.7000000000000001,OoD Test,OoD Test
1,Detector Tree,350.5,1884.3194685462718,1916.8852130325813,0.5328389878063514,0.4673934837092732,0.6876441102756893,0.7011779448621553,0.6073036714825335,0.8701923076923077,0.30575898801597867,0.30575898801597867,0.09269632851746656,0.06784813655106157,knn,0.8910031016337192,0.9244340878828229,0.8575721153846154,0.7000000000000001,OoD Test,OoD Test
0,Base Tree,350.5,3387.675769859428,3802.9194235588975,0.496308184838165,0.4203258145363409,0.7753884711779448,0.8024310776942356,0.6794428617720712,0.8701923076923077,0.319911858974359,0.3095039946737683,0.12055713822792873,0.0769044943920755,knn,0.8910031016337192,0.9244340878828229,0.8575721153846154,0.8,OoD Val,noise
1,Detector Tree,350.5,2013.5860567615177,1960.3889724310775,0.4772522884258323,0.4203258145363409,0.7753884711779448,0.8024310776942356,0.6794428617720712,0.8701923076923077,0.319911858974359,0.3095039946737683,0.12055713822792873,0.06091935542613779,knn,0.8910031016337192,0.9244340878828229,0.8575721153846154,0.8,OoD Val,noise
0,Base Tree,350.5,3390.705885166525,3933.312406015037,0.49575372641051685,0.39646616541353386,0.773483709273183,0.7958646616541354,0.6804504542259555,0.8701923076923077,0.319911858974359,0.30575898801597867,0.11954954577404453,0.09971300346541102,knn,0.8910031016337192,0.9244340878828229,0.8575721153846154,0.8,OoD Test,noise
1,Detector Tree,350.5,1962.3712363652178,1947.6021303258146,0.4812927230577687,0.39646616541353386,0.773483709273183,0.7958646616541354,0.6804504542259555,0.8701923076923077,0.319911858974359,0.30575898801597867,0.11954954577404453,0.08690772622180136,knn,0.8910031016337192,0.9244340878828229,0.8575721153846154,0.8,OoD Test,noise
0,Base Tree,350.5,3430.4980085080992,3893.317919799499,0.4884724595593597,0.40378446115288225,0.7750877192982456,0.7959899749373435,0.6808057868691945,0.8701923076923077,0.3095039946737683,0.3095039946737683,0.11919421313080547,0.08473829493632405,knn,0.8910031016337192,0.9244340878828229,0.8575721153846154,0.8,OoD Val,OoD Val
1,Detector Tree,350.5,1920.081808739449,2008.2045112781955,0.5056231177039969,0.40378446115288225,0.7750877192982456,0.7959899749373435,0.6808057868691945,0.8701923076923077,0.3095039946737683,0.3095039946737683,0.11919421313080547,0.10183865655111474,knn,0.8910031016337192,0.9244340878828229,0.8575721153846154,0.8,OoD Val,OoD Val
0,Base Tree,350.5,3392.809309412665,3702.93320802005,0.4953688363380303,0.43862155388471175,0.7563909774436091,0.7964411027568923,0.6685059464435167,0.8701923076923077,0.3095039946737683,0.30575898801597867,0.13149405355648333,0.05905166178230552,knn,0.8910031016337192,0.9244340878828229,0.8575721153846154,0.8,OoD Test,OoD Val
1,Detector Tree,350.5,1932.6955115448784,2007.6310776942357,0.49681097372989075,0.43862155388471175,0.7563909774436091,0.7964411027568923,0.6685059464435167,0.8701923076923077,0.3095039946737683,0.30575898801597867,0.13149405355648333,0.06021687030116292,knn,0.8910031016337192,0.9244340878828229,0.8575721153846154,0.8,OoD Test,OoD Val
0,Base Tree,350.5,3417.905976379159,3745.667042606516,0.49077658254727197,0.4308020050125313,0.7642105263157896,0.7758145363408522,0.6722064625146678,0.8701923076923077,0.30575898801597867,0.3095039946737683,0.12779353748533231,0.06286366076614365,knn,0.8910031016337192,0.9244340878828229,0.8575721153846154,0.8,OoD Val,OoD Test
1,Detector Tree,350.5,1964.78976513234,1867.973558897243,0.4978371719326864,0.4308020050125313,0.7642105263157896,0.7758145363408522,0.6722064625146678,0.8701923076923077,0.30575898801597867,0.3095039946737683,0.12779353748533231,0.06860612223848268,knn,0.8910031016337192,0.9244340878828229,0.8575721153846154,0.8,OoD Val,OoD Test
0,Base Tree,350.5,3392.9672314702902,3826.340852130326,0.49533993934669884,0.41604010025062654,0.7574937343358397,0.8087468671679198,0.6641216159254484,0.8701923076923077,0.30575898801597867,0.30575898801597867,0.13587838407455163,0.08298673777583344,knn,0.8910031016337192,0.9244340878828229,0.8575721153846154,0.8,OoD Test,OoD Test
1,Detector Tree,350.5,1963.4244761524096,2090.993233082707,0.48229917503139,0.41604010025062654,0.7574937343358397,0.8087468671679198,0.6641216159254484,0.8701923076923077,0.30575898801597867,0.30575898801597867,0.13587838407455163,0.07420161034793507,knn,0.8910031016337192,0.9244340878828229,0.8575721153846154,0.8,OoD Test,OoD Test
0,Base Tree,350.5,3568.232566797947,4263.677819548872,0.463269429680156,0.33601503759398493,0.857844611528822,0.915062656641604,0.739482710970754,0.8701923076923077,0.319911858974359,0.3095039946737683,0.16051728902924597,0.127254392086171,knn,0.8910031016337192,0.9244340878828229,0.8575721153846154,0.9,OoD Val,noise
1,Detector Tree,350.5,2005.5424499047565,2017.1834586466164,0.46374532438916355,0.33601503759398493,0.857844611528822,0.915062656641604,0.739482710970754,0.8701923076923077,0.319911858974359,0.3095039946737683,0.16051728902924597,0.12773028679517856,knn,0.8910031016337192,0.9244340878828229,0.8575721153846154,0.9,OoD Val,noise
0,Base Tree,350.5,3581.571321809603,4002.480952380952,0.460828669385251,0.38380952380952377,0.8548621553884711,0.899874686716792,0.7439181952780586,0.8701923076923077,0.319911858974359,0.30575898801597867,0.15608180472194136,0.07701914557572717,knn,0.8910031016337192,0.9244340878828229,0.8575721153846154,0.9,OoD Test,noise
1,Detector Tree,350.5,2002.905715299807,2073.786215538847,0.46798240838253996,0.38380952380952377,0.8548621553884711,0.899874686716792,0.7439181952780586,0.8701923076923077,0.319911858974359,0.30575898801597867,0.15608180472194136,0.08417288457301617,knn,0.8910031016337192,0.9244340878828229,0.8575721153846154,0.9,OoD Test,noise
0,Base Tree,350.5,3654.340306979062,4068.225313283208,0.4475132100678752,0.3717794486215539,0.8702005012531328,0.9171428571428571,0.7538575137207407,0.8701923076923077,0.3095039946737683,0.3095039946737683,0.14614248627925927,0.0767470177854546,knn,0.8910031016337192,0.9244340878828229,0.8575721153846154,0.9,OoD Val,OoD Val
1,Detector Tree,350.5,2079.633524476382,2095.1285714285714,0.4251330746254188,0.3717794486215539,0.8702005012531328,0.9171428571428571,0.7538575137207407,0.8701923076923077,0.3095039946737683,0.3095039946737683,0.14614248627925927,0.06052493330574167,knn,0.8910031016337192,0.9244340878828229,0.8575721153846154,0.9,OoD Val,OoD Val
0,Base Tree,350.5,3627.908311930106,3927.2858395989974,0.45234980568525057,0.3975689223057644,0.8552631578947368,0.8943859649122807,0.7452313385266531,0.8701923076923077,0.3095039946737683,0.30575898801597867,0.15476866147334692,0.05710485049657625,knn,0.8910031016337192,0.9244340878828229,0.8575721153846154,0.9,OoD Test,OoD Val
1,Detector Tree,350.5,2039.3417132918155,2005.0100250626567,0.43510955087617853,0.3975689223057644,0.8552631578947368,0.8943859649122807,0.7452313385266531,0.8701923076923077,0.3095039946737683,0.30575898801597867,0.15476866147334692,0.04831159606814306,knn,0.8910031016337192,0.9244340878828229,0.8575721153846154,0.9,OoD Test,OoD Val
0,Base Tree,350.5,3601.474871778754,3839.2157894736843,0.45718666573124356,0.4136842105263158,0.8362907268170426,0.881453634085213,0.7317173305748494,0.8701923076923077,0.30575898801597867,0.3095039946737683,0.16828266942515052,0.057047886880075414,knn,0.8910031016337192,0.9244340878828229,0.8575721153846154,0.9,OoD Val,OoD Test
1,Detector Tree,350.5,2038.5077605885606,1992.8413533834585,0.455969174887777,0.4136842105263158,0.8362907268170426,0.881453634085213,0.7317173305748494,0.8701923076923077,0.30575898801597867,0.3095039946737683,0.16828266942515052,0.05657044850094604,knn,0.8910031016337192,0.9244340878828229,0.8575721153846154,0.9,OoD Val,OoD Test
0,Base Tree,350.5,3660.1191003403624,4172.046616541354,0.44645579133753654,0.35278195488721803,0.866892230576441,0.9030576441102757,0.7507290969246116,0.8701923076923077,0.30575898801597867,0.30575898801597867,0.14927090307538832,0.0936738364503185,knn,0.8910031016337192,0.9244340878828229,0.8575721153846154,0.9,OoD Test,OoD Test
1,Detector Tree,350.5,2030.7349226522151,2010.498746867168,0.45665768855669503,0.35278195488721803,0.866892230576441,0.9030576441102757,0.7507290969246116,0.8701923076923077,0.30575898801597867,0.30575898801597867,0.14927090307538832,0.10387573366947701,knn,0.8910031016337192,0.9244340878828229,0.8575721153846154,0.9,OoD Test,OoD Test
0,Base Tree,350.5,3716.3463240624983,4495.015789473684,0.43616718681381544,0.2936842105263158,0.9124561403508772,1.0,0.7887344024118795,0.8701923076923077,0.319911858974359,0.3095039946737683,0.2112655975881204,0.14248297628749967,knn,0.8910031016337192,0.9244340878828229,0.8575721153846154,1.0,OoD Val,noise
1,Detector Tree,350.5,2123.4404629199435,2231.5798245614033,0.43620834937722797,0.2936842105263158,0.9124561403508772,1.0,0.7887344024118795,0.8701923076923077,0.319911858974359,0.3095039946737683,0.2112655975881204,0.14252413885091214,knn,0.8910031016337192,0.9244340878828229,0.8575721153846154,1.0,OoD Val,noise
0,Base Tree,350.5,3801.4152935992975,4402.699749373433,0.42060104417213223,0.3105764411027569,0.9415538847117795,1.0,0.8170220558764892,0.8701923076923077,0.319911858974359,0.30575898801597867,0.18297794412351073,0.11002460306937532,knn,0.8910031016337192,0.9244340878828229,0.8575721153846154,1.0,OoD Test,noise
1,Detector Tree,350.5,2101.3810719470616,2068.783709273183,0.4192947757121084,0.3105764411027569,0.9415538847117795,1.0,0.8170220558764892,0.8701923076923077,0.319911858974359,0.30575898801597867,0.18297794412351073,0.10871833460935149,knn,0.8910031016337192,0.9244340878828229,0.8575721153846154,1.0,OoD Test,noise
0,Base Tree,350.5,3804.6903328461117,4307.370426065163,0.42000176892111407,0.32802005012531327,0.9265162907268171,1.0,0.8029247771324742,0.8701923076923077,0.3095039946737683,0.3095039946737683,0.19707522286752585,0.09198171879580079,knn,0.8910031016337192,0.9244340878828229,0.8575721153846154,1.0,OoD Val,OoD Val
1,Detector Tree,350.5,2147.4441139127766,2081.1214285714286,0.4051294423267487,0.32802005012531327,0.9265162907268171,1.0,0.8029247771324742,0.8701923076923077,0.3095039946737683,0.3095039946737683,0.19707522286752585,0.0771093922014354,knn,0.8910031016337192,0.9244340878828229,0.8575721153846154,1.0,OoD Val,OoD Val
0,Base Tree,350.5,3773.97341550887,4412.287468671679,0.4256224308309479,0.3088220551378446,0.9094235588972431,1.0,0.7929002023743983,0.8701923076923077,0.3095039946737683,0.30575898801597867,0.20709979762560177,0.1168003756931033,knn,0.8910031016337192,0.9244340878828229,0.8575721153846154,1.0,OoD Test,OoD Val
1,Detector Tree,350.5,2021.114963274851,2145.9442355889723,0.4331409298799519,0.3088220551378446,0.9094235588972431,1.0,0.7929002023743983,0.8701923076923077,0.3095039946737683,0.30575898801597867,0.20709979762560177,0.12431887474210725,knn,0.8910031016337192,0.9244340878828229,0.8575721153846154,1.0,OoD Test,OoD Val
0,Base Tree,350.5,3816.9797008481014,4488.715288220551,0.41775302820711774,0.29483709273182956,0.9230075187969926,1.0,0.8015814511883149,0.8701923076923077,0.30575898801597867,0.3095039946737683,0.198418548811685,0.1229159354752882,knn,0.8910031016337192,0.9244340878828229,0.8575721153846154,1.0,OoD Val,OoD Test
1,Detector Tree,350.5,2161.717517852422,2139.9057644110276,0.384057858263909,0.29483709273182956,0.9230075187969926,1.0,0.8015814511883149,0.8701923076923077,0.30575898801597867,0.3095039946737683,0.198418548811685,0.08922076553207937,knn,0.8910031016337192,0.9244340878828229,0.8575721153846154,1.0,OoD Val,OoD Test
0,Base Tree,350.5,3786.7111463560336,4532.4078947368425,0.42329164751033244,0.2868421052631579,0.9185213032581454,1.0,0.791768743273781,0.8701923076923077,0.30575898801597867,0.30575898801597867,0.2082312567262191,0.13644954224717454,knn,0.8910031016337192,0.9244340878828229,0.8575721153846154,1.0,OoD Test,OoD Test
1,Detector Tree,350.5,2134.557810948368,2189.866666666667,0.4211895436821235,0.2868421052631579,0.9185213032581454,1.0,0.791768743273781,0.8701923076923077,0.30575898801597867,0.30575898801597867,0.2082312567262191,0.13434743841896563,knn,0.8910031016337192,0.9244340878828229,0.8575721153846154,1.0,OoD Test,OoD Test
